fromPath,toHref,anchor,source
/,/services,업무안내,pageData
/,/about,법무사 소개,pageData
/,/contact,상담 문의,pageData
/,/location,오시는 길,pageData
/,/부산법무사,부산 법무사 허브로 돌아가기,pageData
/,/해운대법무사,해운대·센텀 법무사 상담,pageData
/,/센텀법무사,센텀 법인·부동산 등기,pageData
/,/부산여성법무사,부산 여성 법무사 상담,pageData
/,/부산상속등기,부산 상속등기 절차,pageData
/,/부산법인등기,부산 법인등기 안내,pageData
/,/부산부동산등기,부산 부동산등기,pageData
/,/부산등기법무사,부산 등기 법무사,pageData
/,/부산부동산등기법무사,부산 부동산등기 법무사,pageData
/,/부산상속법무사,부산 상속 법무사,pageData
/,/부산법인법무사,부산 법인 법무사,pageData
/,/부산기업법무사,부산 기업 법무사,pageData
/,tel:07041728056,전화 070-4172-8056,pageData
/,http://pf.kakao.com/_Bvhxnn/chat,카카오톡 상담,pageData
/,https://talk.naver.com/ct/w661kd4,네이버 톡톡,pageData
/,/location,오시는 길,pageData
/부산법무사,/부산기업법률자문,기업 법률실무 지원,pageData
/부산법무사,/,부산 법무사 · 다옴법무사사무소,pageData
/부산법무사,/부산법무사추천,부산 법무사 추천,pageData
/부산법무사,/부산법무사상담,부산 법무사 상담,pageData
/부산법무사,/부산상속법무사,부산 상속 법무사 — 등기·포기·한정승인 선택,pageData
/부산법무사,/부산한정승인,부산 한정승인 — 상속채무가 걱정될 때,pageData
/부산법무사,/부산상속등기,부산 상속등기 — 서류와 진행 순서,pageData
/부산법무사,/부산부동산등기,부산 부동산등기 — 매매·이전,pageData
/부산법무사,/부산법인법무사,부산 법인 법무사 — 설립·변경·해산,pageData
/부산법무사,/부산법인등기,부산 법인등기 — 임원·본점·목적 변경,pageData
/부산법무사,/부산상속포기,부산 상속포기 — 기한·후순위 확인,pageData
/부산법무사,/부산개인회생법무사,부산 개인회생 법무사 — 신청 가능성,pageData
/부산법무사,/업무사례/양산법무사업무,양산 법무사 — 인접 시 업무 허브,pageData
/부산법무사,/부산법무사무소,부산 법무사무소 안내,pageData
/부산법무사,/부산법무사서류준비,서류 준비 체크리스트,pageData
/부산법무사,/부산법무사방문상담,방문상담 안내,pageData
/부산법무사,/부산법무사비대면상담,비대면상담 안내,pageData
/부산법무사,/부산법무사비용,부산 법무사 비용,pageData
/부산법무사,/부산법률상담,공공 상담과 법무사 업무,pageData
/부산법무사,/무슨법률업무인지모를때,업무명을 모를 때,pageData
/부산법무사,/부산증여등기,부산 증여등기,pageData
/부산법무사,/부산법무사보수표,부산 법무사 보수표,pageData
/부산법무사,/contact/inquiry?from=부산법무사,업무 가능 여부 확인하기,pageData
/부산법무사,/해운대법무사,해운대 법무사,pageData
/부산법무사,/센텀법무사,센텀 법무사,pageData
/부산법무사,/재송동법무사,재송동 법무사,pageData
/부산법무사,/연제구법무사,연제구 법무사,pageData
/부산법무사,/동래구법무사,동래구 법무사,pageData
/부산법무사,tel:07041728056,전화 070-4172-8056,pageData
/부산법무사,http://pf.kakao.com/_Bvhxnn/chat,카카오톡 상담,pageData
/부산법무사,https://talk.naver.com/ct/w661kd4,네이버 톡톡,pageData
/부산법무사,/location,오시는 길,pageData
/부산법무사추천,/,부산 법무사,pageData
/부산법무사추천,/부산법무사,부산에서 법무사 찾을 때,pageData
/부산법무사추천,/부산법무사비교,부산 법무사 비교 기준,pageData
/부산법무사추천,/부산법무사상담,부산 법무사 상담,pageData
/부산법무사추천,/부산법무사무소,부산 법무사무소 안내,pageData
/부산법무사추천,/부산법무사비용,부산 법무사 비용 안내,pageData
/부산법무사추천,/부산등기법무사추천,부산 등기 법무사 선택 기준,pageData
/부산법무사추천,/부산상속등기전문,부산 상속등기 상담 확인사항,pageData
/부산법무사추천,/부산부동산등기전문,부산 부동산등기 상담 확인사항,pageData
/부산법무사추천,/부산법인등기전문,부산 법인등기 상담 확인사항,pageData
/부산법무사추천,/부산법무사후기,부산 법무사 후기 확인 기준,pageData
/부산법무사추천,/blog/busan-lawyer-recommend-office-consult,추천·사무실·상담 비교 칼럼,pageData
/부산법무사추천,/search-guides,검색의도 안내 허브,pageData
/부산법무사추천,/contact,상담 문의,pageData
/부산법무사추천,/해운대법무사,해운대·센텀 법무사 상담,pageData
/부산법무사추천,/센텀법무사,센텀 법인·부동산 등기,pageData
/부산법무사추천,tel:07041728056,전화 070-4172-8056,pageData
/부산법무사추천,http://pf.kakao.com/_Bvhxnn/chat,카카오톡 상담,pageData
/부산법무사추천,https://talk.naver.com/ct/w661kd4,네이버 톡톡,pageData
/부산법무사추천,/location,오시는 길,pageData
/부산법무사상담,/상담,상황 선택형 상담,pageData
/부산법무사상담,/,부산 법무사,pageData
/부산법무사상담,/부산법무사,부산에서 법무사 찾을 때,pageData
/부산법무사상담,/부산법무사추천,부산 법무사 추천,pageData
/부산법무사상담,/부산법무사무소,부산 법무사무소 안내,pageData
/부산법무사상담,/부산법무사비용,부산 법무사 비용 안내,pageData
/부산법무사상담,/about,안윤정 법무사 소개,pageData
/부산법무사상담,/부산상속등기전문,부산 상속등기 상담 확인사항,pageData
/부산법무사상담,/부산부동산등기전문,부산 부동산등기 상담 확인사항,pageData
/부산법무사상담,/부산법인등기전문,부산 법인등기 상담 확인사항,pageData
/부산법무사상담,/부산증여등기,부산 증여등기,pageData
/부산법무사상담,/부산법률상담,공공 상담과 법무사 업무 구분,pageData
/부산법무사상담,/전세사기피해대응절차,전세보증금 피해 대응,pageData
/부산법무사상담,/개인회생파산,회생·파산 비교,pageData
/부산법무사상담,/무슨법률업무인지모를때,업무명을 모를 때,pageData
/부산법무사상담,/blog/busan-lawyer-recommend-office-consult,추천·사무실·상담 비교 칼럼,pageData
/부산법무사상담,tel:07041728056,전화 070-4172-8056,pageData
/부산법무사상담,http://pf.kakao.com/_Bvhxnn/chat,카카오톡 상담,pageData
/부산법무사상담,https://talk.naver.com/ct/w661kd4,네이버 톡톡,pageData
/부산법무사상담,/location,오시는 길,pageData
/부산상속법무사,/부모님사망후해야할일,부모님 사망 후 해야 할 일,pageData
/부산상속법무사,/장례후재산채무정리,장례 후 재산·채무 정리,pageData
/부산상속법무사,/부모빚상속방법,빚이 있을 때 상속방법,pageData
/부산상속법무사,/방문없이준비하는상속등기,방문 없이 준비하는 상속등기,pageData
/부산상속법무사,/연락두절상속인,연락두절 상속인,pageData
/부산상속법무사,/미성년상속인,미성년 상속인,pageData
/부산상속법무사,/해외거주상속인,해외 거주 상속인,pageData
/부산상속법무사,/부산상속등기,부산 상속등기 — 서류와 진행 순서,pageData
/부산상속법무사,/부산한정승인,부산 한정승인 — 상속채무가 걱정될 때,pageData
/부산상속법무사,/부산상속포기,부산 상속포기 안내,pageData
/부산상속법무사,/상속,상속 종합 허브,pageData
/부산상속법무사,/상속상담전준비서류와비용,상담 전 서류·비용,pageData
/부산상속법무사,/contact/inquiry?field=inheritance-registration,상속 절차 먼저 확인하기,pageData
/부산상속법무사,/부산상속재산분할법무사,상속재산분할·협의분할 안내,pageData
/부산상속법무사,/glossary/subrogation-inheritance,대습상속 용어 안내,pageData
/부산상속법무사,/부산상속후매매등기,상속 후 매매등기 순서,pageData
/부산상속법무사,tel:07041728056,전화 070-4172-8056,pageData
/부산상속법무사,http://pf.kakao.com/_Bvhxnn/chat,카카오톡 상담,pageData
/부산상속법무사,https://talk.naver.com/ct/w661kd4,네이버 톡톡,pageData
/부산상속법무사,/location,오시는 길,pageData
/부산상속포기,/부모빚상속방법,빚이 있을 때 상속방법,pageData
/부산상속포기,/사망후3개월지난상속,사망 후 3개월이 지난 경우,pageData
/부산상속포기,/고인계좌장례비사용,고인 계좌 장례비 사용,pageData
/부산상속포기,/부산한정승인,부산 한정승인 — 채무 한도 승인,pageData
/부산상속포기,/부산상속법무사,부산 상속 법무사 — 절차 선택,pageData
/부산상속포기,/부산상속등기,부산 상속등기,pageData
/부산상속포기,/상속,상속 종합 허브,pageData
/부산상속포기,/상속포기자가진단,상속포기 자가진단,pageData
/부산상속포기,/blog/inheritance-renunciation-vs-qualified-acceptance,상속포기와 한정승인 차이,pageData
/부산상속포기,/situations/상속포기-한정승인-선택,포기·한정승인 상황 선택,pageData
/부산상속포기,/tools/inheritance-renunciation-deadline,상속포기 기한 확인 도구,pageData
/부산상속포기,/contact/inquiry?field=inheritance-renunciation,상속포기 준비서류 확인하기,pageData
/부산상속포기,/동래구상속포기,동래구 상속포기,pageData
/부산상속포기,/북구상속포기,북구 상속포기,pageData
/부산상속포기,/services/cases/jaesong-inheritance-renunciation-consultation,관련 사례 보기,pageData
/부산상속포기,/상속포기비용,상속포기 비용,pageData
/부산상속포기,/상속포기필요서류,상속포기 필요서류,pageData
/부산상속포기,/부산가정법원상속포기,부산가정법원 상속포기,pageData
/부산상속포기,/부산개인회생,채무 과다 시 개인회생,pageData
/부산상속포기,/services/inheritance-renunciation,상속포기 업무 상세,pageData
/부산상속포기,/faq/inheritance-renunciation-deadline,상속포기 기한 FAQ,pageData
/부산상속포기,/faq/what-is-inheritance-renunciation,상속포기란 FAQ,pageData
/부산상속포기,/contact,부산 상속포기 상담,pageData
/부산상속포기,/부산법무사,부산 법무사 종합 안내,pageData
/부산상속포기,/services,부산 법무사 업무안내,pageData
/부산상속포기,/faq,부산 법무사 FAQ,pageData
/부산상속포기,/location,센텀 법무사 오시는 길,pageData
/부산상속포기,/blog,블로그 안내,pageData
/부산상속포기,tel:07041728056,전화 070-4172-8056,pageData
/부산상속포기,http://pf.kakao.com/_Bvhxnn/chat,카카오톡 상담,pageData
/부산상속포기,https://talk.naver.com/ct/w661kd4,네이버 톡톡,pageData
/부산상속포기,/location,오시는 길,pageData
/부산등기법무사,/부산부동산등기,부산 부동산등기,pageData
/부산등기법무사,/부산상속등기,부산 상속등기,pageData
/부산등기법무사,/부산법인등기,부산 법인등기,pageData
/부산등기법무사,/부산소유권이전등기,부산 소유권이전등기,pageData
/부산등기법무사,/services/real-estate-registration,부동산등기 업무안내,pageData
/부산등기법무사,/services/inheritance-registration,상속등기 업무안내,pageData
/부산등기법무사,/services/corporate-registration,법인등기 업무안내,pageData
/부산등기법무사,/faq/ownership-transfer-documents,소유권이전등기 필요서류,pageData
/부산등기법무사,/faq/inheritance-registration-cost,상속등기 비용 안내,pageData
/부산등기법무사,/faq/director-change-deadline-faq,임원변경등기 기한,pageData
/부산등기법무사,/services/cases/centum-ownership-transfer-case,센텀 오피스텔 매매 등기 사례,pageData
/부산등기법무사,/services/cases/haeundae-inheritance-registration-case,해운대 상속등기 사례,pageData
/부산등기법무사,/services/cases/suyeong-company-establishment-case,수영구 법인설립 사례,pageData
/부산등기법무사,/부산등기법무사추천,등기 법무사 선택 기준,pageData
/부산등기법무사,/부산신축건물보존등기,부산 신축건물 보존등기,pageData
/부산등기법무사,/등기비용,등기비용,pageData
/부산등기법무사,tel:07041728056,전화 070-4172-8056,pageData
/부산등기법무사,http://pf.kakao.com/_Bvhxnn/chat,카카오톡 상담,pageData
/부산등기법무사,https://talk.naver.com/ct/w661kd4,네이버 톡톡,pageData
/부산등기법무사,/location,오시는 길,pageData
/상속,/부산가정법원상속,관할·법원 안내,pageData
/상속,/상속등기비용,비용 안내,pageData
/상속,/상속등기필요서류,필요 서류,pageData
/상속,/부동산등기,부동산등기·소유권이전｜매매·증여 절차 보기,pageData
/상속,/가족후견,성년후견·가사비송｜가족·상속 특별대리 보기,pageData
/상속,/개인회생파산,개인회생·파산·면책｜소득·채무별 선택 보기,pageData
/상속,/부모님사망후해야할일,부모님 사망 후 해야 할 일,pageData
/상속,/장례후재산채무정리,장례 후 재산·채무 정리,pageData
/상속,/사망신고와상속등기차이,사망신고와 상속등기의 차이,pageData
/상속,/안심상속원스톱서비스이후,안심상속 신청 후 할 일,pageData
/상속,/부산상속등기,부산 상속등기 허브로 돌아가기,pageData
/상속,/부산상속법무사,부산 상속 법무사,pageData
/상속,/부산상속재산분할법무사,부산 상속재산분할,pageData
/상속,/상속등기기간,부산 상속등기 기간·기한,pageData
/상속,/부산상속포기,부산 상속포기 절차,pageData
/상속,/부산한정승인,부산 한정승인 안내,pageData
/상속,tel:07041728056,전화 070-4172-8056,pageData
/상속,http://pf.kakao.com/_Bvhxnn/chat,카카오톡 상담,pageData
/상속,https://talk.naver.com/ct/w661kd4,네이버 톡톡,pageData
/상속,/location,오시는 길,pageData
