path,title,description,ogTitle,ogDescription,h1,canonical,first300
/,부산 법무사 | 다옴법무사사무소 안윤정,부산 법무사 다옴법무사사무소입니다. 안윤정 법무사가 상속등기·부동산등기·법인등기·개인회생·파산 등 필요한 절차와 준비서류를 직접 상담·안내합니다.,부산 법무사 | 다옴법무사사무소 안윤정,부산 법무사 다옴법무사사무소입니다. 안윤정 법무사가 상속등기·부동산등기·법인등기·개인회생·파산 등 필요한 절차와 준비서류를 직접 상담·안내합니다.,부산 법무사 안윤정,https://xn--2j1br1na42lvxja38mk8r.kr,부산 법무사 | 다옴법무사사무소 안윤정 본문 바로가기 다옴법무사사무소 안윤정 법무사 소개 사무소 업무안내 협업문의 업무 사례 강의·특강 자가진단 상황별 법률문제 법률 계산기 부산 법률지도 법률 용어사전 블로그 언론·활동 고객후기 FAQ 공지사항 상담 오시는 길 현재 카카오·네이버톡톡만 가능 전화상담은 내일 9시부터 가능 · 지금 메시지 주시면 확인해 드려요 다옴법무사사무소 부산 법무사 안윤정 해운대·센텀에서 부산 전역 사건을 상담합니다 부산 법무사를 찾고 있다면 필요한 업무명부터 정확히 알고 오실 필요는 없습니다. 다옴법무사사무소 
/부산법무사,부산에서 법무사 찾을 때 확인할 업무·비용·상담 기준 | 다옴법무사사무소,"부산에서 법무사를 찾을 때 확인할 업무 범위, 비용 항목, 관할·기한, 상담 전 준비사항을 정리합니다. 다옴법무사사무소 안윤정 법무사가 안내합니다.",부산에서 법무사 찾을 때 확인할 업무·비용·상담 기준 | 다옴법무사사무소,"부산에서 법무사를 찾을 때 확인할 업무 범위, 비용 항목, 관할·기한, 상담 전 준비사항을 정리합니다. 다옴법무사사무소 안윤정 법무사가 안내합니다.",부산에서 법무사를 찾을 때 먼저 확인할 기준,https://xn--2j1br1na42lvxja38mk8r.kr/%EB%B6%80%EC%82%B0%EB%B2%95%EB%AC%B4%EC%82%AC,부산에서 법무사 찾을 때 확인할 업무·비용·상담 기준 | 다옴법무사사무소 본문 바로가기 다옴법무사사무소 안윤정 법무사 소개 사무소 업무안내 협업문의 업무 사례 강의·특강 자가진단 상황별 법률문제 법률 계산기 부산 법률지도 법률 용어사전 블로그 언론·활동 고객후기 FAQ 공지사항 상담 오시는 길 현재 카카오·네이버톡톡만 가능 전화상담은 내일 9시부터 가능 · 지금 메시지 주시면 확인해 드려요 현재 카카오·네이버톡톡만 가능 전화상담은 내일 9시부터 가능 · 지금 메시지 주시면 확인해 드려요 안윤정 법무사에게 바로 상담하기 약 1분이면 
/부산법무사추천,부산 법무사 추천 | 선택 기준·상담 전 확인 - 다옴법무사사무소,부산 법무사 추천을 검색할 때 확인할 선택 기준입니다. 상속·등기·법인·회생별 경험·서류·비용·관할을 비교하는 방법을 정리했습니다. 다옴법무사사무소 안윤정 법무사.,부산 법무사 추천 | 선택 기준·상담 전 확인 - 다옴법무사사무소,부산 법무사 추천을 검색할 때 확인할 선택 기준입니다. 상속·등기·법인·회생별 경험·서류·비용·관할을 비교하는 방법을 정리했습니다. 다옴법무사사무소 안윤정 법무사.,"부산 법무사 추천, 검색 전에 확인할 선택 기준",https://xn--2j1br1na42lvxja38mk8r.kr/%EB%B6%80%EC%82%B0%EB%B2%95%EB%AC%B4%EC%82%AC%EC%B6%94%EC%B2%9C,부산 법무사 추천 | 선택 기준·상담 전 확인 - 다옴법무사사무소 본문 바로가기 다옴법무사사무소 안윤정 법무사 소개 사무소 업무안내 협업문의 업무 사례 강의·특강 자가진단 상황별 법률문제 법률 계산기 부산 법률지도 법률 용어사전 블로그 언론·활동 고객후기 FAQ 공지사항 상담 오시는 길 현재 카카오·네이버톡톡만 가능 전화상담은 내일 9시부터 가능 · 지금 메시지 주시면 확인해 드려요 현재 카카오·네이버톡톡만 가능 전화상담은 내일 9시부터 가능 · 지금 메시지 주시면 확인해 드려요 안윤정 법무사에게 바로 상담하기 약 1분이면 상담 신
/부산법무사상담,부산 법무사 상담 | 전화·카카오톡·방문 - 다옴법무사사무소,부산 법무사 상담. 안윤정 법무사가 상속·등기·법인·회생을 전화·카카오톡·네이버 톡톡·예약 방문으로 직접 안내합니다. 업무명을 몰라도 현재 상황부터 알려 주세요.,부산 법무사 상담 | 전화·카카오톡·방문 - 다옴법무사사무소,부산 법무사 상담. 안윤정 법무사가 상속·등기·법인·회생을 전화·카카오톡·네이버 톡톡·예약 방문으로 직접 안내합니다. 업무명을 몰라도 현재 상황부터 알려 주세요.,"부산 법무사 상담, 현재 상황부터 알려주세요",https://xn--2j1br1na42lvxja38mk8r.kr/%EB%B6%80%EC%82%B0%EB%B2%95%EB%AC%B4%EC%82%AC%EC%83%81%EB%8B%B4,부산 법무사 상담 | 전화·카카오톡·방문 - 다옴법무사사무소 본문 바로가기 다옴법무사사무소 안윤정 법무사 소개 사무소 업무안내 협업문의 업무 사례 강의·특강 자가진단 상황별 법률문제 법률 계산기 부산 법률지도 법률 용어사전 블로그 언론·활동 고객후기 FAQ 공지사항 상담 오시는 길 현재 카카오·네이버톡톡만 가능 전화상담은 내일 9시부터 가능 · 지금 메시지 주시면 확인해 드려요 현재 카카오·네이버톡톡만 가능 전화상담은 내일 9시부터 가능 · 지금 메시지 주시면 확인해 드려요 안윤정 법무사에게 바로 상담하기 약 1분이면 상담 신청을 
/부산상속법무사,부산 상속 법무사｜상속등기·상속포기·한정승인 중 무엇이 필요할까,부모님 사망 후 상속등기·상속포기·한정승인 중 어떤 절차가 필요한지 안내합니다. 3개월 기한과 채무 조사를 먼저 확인한 뒤 등기·협의로 이어갈 수 있습니다.,부산 상속 법무사｜상속등기·상속포기·한정승인 중 무엇이 필요할까,부모님 사망 후 상속등기·상속포기·한정승인 중 어떤 절차가 필요한지 안내합니다. 3개월 기한과 채무 조사를 먼저 확인한 뒤 등기·협의로 이어갈 수 있습니다.,"부산 상속 법무사, 등기·포기·한정승인 중 무엇부터 볼까",https://xn--2j1br1na42lvxja38mk8r.kr/%EB%B6%80%EC%82%B0%EC%83%81%EC%86%8D%EB%B2%95%EB%AC%B4%EC%82%AC,부산 상속 법무사｜상속등기·상속포기·한정승인 중 무엇이 필요할까 본문 바로가기 다옴법무사사무소 안윤정 법무사 소개 사무소 업무안내 협업문의 업무 사례 강의·특강 자가진단 상황별 법률문제 법률 계산기 부산 법률지도 법률 용어사전 블로그 언론·활동 고객후기 FAQ 공지사항 상담 오시는 길 현재 카카오·네이버톡톡만 가능 전화상담은 내일 9시부터 가능 · 지금 메시지 주시면 확인해 드려요 현재 카카오·네이버톡톡만 가능 전화상담은 내일 9시부터 가능 · 지금 메시지 주시면 확인해 드려요 안윤정 법무사에게 바로 상담하기 약 1분이면 상담 신청
/부산상속포기,부산 상속포기 법무사｜3개월 기한과 후순위 상속 효과를 먼저 확인,상속채무가 재산보다 많거나 상속을 받지 않기로 한 때 검토하는 상속포기 신고를 안내합니다. 3개월 기한과 후순위 상속인에게 넘어가는 효과를 확인할 수 있습니다.,부산 상속포기 법무사｜3개월 기한과 후순위 상속 효과를 먼저 확인,상속채무가 재산보다 많거나 상속을 받지 않기로 한 때 검토하는 상속포기 신고를 안내합니다. 3개월 기한과 후순위 상속인에게 넘어가는 효과를 확인할 수 있습니다.,"부산 상속포기 법무사, 기한과 후순위부터 확인하세요",https://xn--2j1br1na42lvxja38mk8r.kr/%EB%B6%80%EC%82%B0%EC%83%81%EC%86%8D%ED%8F%AC%EA%B8%B0,부산 상속포기 법무사｜3개월 기한과 후순위 상속 효과를 먼저 확인 본문 바로가기 다옴법무사사무소 안윤정 법무사 소개 사무소 업무안내 협업문의 업무 사례 강의·특강 자가진단 상황별 법률문제 법률 계산기 부산 법률지도 법률 용어사전 블로그 언론·활동 고객후기 FAQ 공지사항 상담 오시는 길 현재 카카오·네이버톡톡만 가능 전화상담은 내일 9시부터 가능 · 지금 메시지 주시면 확인해 드려요 현재 카카오·네이버톡톡만 가능 전화상담은 내일 9시부터 가능 · 지금 메시지 주시면 확인해 드려요 안윤정 법무사에게 바로 상담하기 약 1분이면 상담 신
/부산등기법무사,부산 등기 법무사 | 부동산·상속·법인등기 상담 - 다옴법무사사무소,부산에서 소유권이전·상속·증여·근저당·법인등기를 준비한다면 필요한 서류와 절차를 확인해 보세요. 해운대·센텀 다옴법무사사무소 안윤정 법무사가 등기업무를 직접 상담·진행합니다.,부산 등기 법무사 | 부동산·상속·법인등기 상담 - 다옴법무사사무소,부산에서 소유권이전·상속·증여·근저당·법인등기를 준비한다면 필요한 서류와 절차를 확인해 보세요. 해운대·센텀 다옴법무사사무소 안윤정 법무사가 등기업무를 직접 상담·진행합니다.,"부산 등기 법무사, 어떤 등기부터 준비해야 할까요?",https://xn--2j1br1na42lvxja38mk8r.kr/%EB%B6%80%EC%82%B0%EB%93%B1%EA%B8%B0%EB%B2%95%EB%AC%B4%EC%82%AC,부산 등기 법무사 | 부동산·상속·법인등기 상담 - 다옴법무사사무소 본문 바로가기 다옴법무사사무소 안윤정 법무사 소개 사무소 업무안내 협업문의 업무 사례 강의·특강 자가진단 상황별 법률문제 법률 계산기 부산 법률지도 법률 용어사전 블로그 언론·활동 고객후기 FAQ 공지사항 상담 오시는 길 현재 카카오·네이버톡톡만 가능 전화상담은 내일 9시부터 가능 · 지금 메시지 주시면 확인해 드려요 현재 카카오·네이버톡톡만 가능 전화상담은 내일 9시부터 가능 · 지금 메시지 주시면 확인해 드려요 안윤정 법무사에게 바로 상담하기 약 1분이면 상담 
/상속,상속등기·포기·한정승인｜전국·부산 상담 | 다옴법무사사무소,"상속 법무 종합 안내. 전국 상속등기·유증등기, 부산 상속포기·한정승인·재산분할. 다옴법무사사무소 안윤정 법무사가 절차·서류·비용·기한을 실무 기준으로 안내합니다.",상속등기·포기·한정승인｜전국·부산 상담 | 다옴법무사사무소,"상속 법무 종합 안내. 전국 상속등기·유증등기, 부산 상속포기·한정승인·재산분할. 다옴법무사사무소 안윤정 법무사가 절차·서류·비용·기한을 실무 기준으로 안내합니다.",상속등기·상속포기·한정승인·전국 상속 상담,https://xn--2j1br1na42lvxja38mk8r.kr/%EC%83%81%EC%86%8D,상속등기·포기·한정승인｜전국·부산 상담 | 다옴법무사사무소 본문 바로가기 다옴법무사사무소 안윤정 법무사 소개 사무소 업무안내 협업문의 업무 사례 강의·특강 자가진단 상황별 법률문제 법률 계산기 부산 법률지도 법률 용어사전 블로그 언론·활동 고객후기 FAQ 공지사항 상담 오시는 길 현재 카카오·네이버톡톡만 가능 전화상담은 내일 9시부터 가능 · 지금 메시지 주시면 확인해 드려요 현재 카카오·네이버톡톡만 가능 전화상담은 내일 9시부터 가능 · 지금 메시지 주시면 확인해 드려요 안윤정 법무사에게 바로 상담하기 약 1분이면 상담 신청을 남
/부산한정승인,부산 한정승인 법무사｜상속채무가 걱정될 때 3개월 안에 확인할 절차,"상속재산보다 채무가 많거나 채무 규모를 알기 어려울 때 검토하는 한정승인 절차를 안내합니다. 신청기한, 상속재산 처분 여부, 준비서류와 이후 절차를 확인할 수 있습니다.",부산 한정승인 법무사｜상속채무가 걱정될 때 3개월 안에 확인할 절차,"상속재산보다 채무가 많거나 채무 규모를 알기 어려울 때 검토하는 한정승인 절차를 안내합니다. 신청기한, 상속재산 처분 여부, 준비서류와 이후 절차를 확인할 수 있습니다.","부산 한정승인 법무사, 상속채무가 불확실할 때 먼저 볼 기준",https://xn--2j1br1na42lvxja38mk8r.kr/%EB%B6%80%EC%82%B0%ED%95%9C%EC%A0%95%EC%8A%B9%EC%9D%B8,부산 한정승인 법무사｜상속채무가 걱정될 때 3개월 안에 확인할 절차 본문 바로가기 다옴법무사사무소 안윤정 법무사 소개 사무소 업무안내 협업문의 업무 사례 강의·특강 자가진단 상황별 법률문제 법률 계산기 부산 법률지도 법률 용어사전 블로그 언론·활동 고객후기 FAQ 공지사항 상담 오시는 길 현재 카카오·네이버톡톡만 가능 전화상담은 내일 9시부터 가능 · 지금 메시지 주시면 확인해 드려요 현재 카카오·네이버톡톡만 가능 전화상담은 내일 9시부터 가능 · 지금 메시지 주시면 확인해 드려요 안윤정 법무사에게 바로 상담하기 약 1분이면 상담 
/부산상속등기,부산 상속등기 법무사｜상속인 구성에 따라 달라지는 서류와 진행 순서,상속부동산 명의이전등기에 필요한 서류·협의서·관할 등기소 순서를 안내합니다. 포기·한정승인이 필요한지는 먼저 확인한 뒤 등기를 진행할 수 있습니다.,부산 상속등기 법무사｜상속인 구성에 따라 달라지는 서류와 진행 순서,상속부동산 명의이전등기에 필요한 서류·협의서·관할 등기소 순서를 안내합니다. 포기·한정승인이 필요한지는 먼저 확인한 뒤 등기를 진행할 수 있습니다.,"부산 상속등기 법무사, 명의이전 서류와 진행 순서",https://xn--2j1br1na42lvxja38mk8r.kr/%EB%B6%80%EC%82%B0%EC%83%81%EC%86%8D%EB%93%B1%EA%B8%B0,부산 상속등기 법무사｜상속인 구성에 따라 달라지는 서류와 진행 순서 본문 바로가기 다옴법무사사무소 안윤정 법무사 소개 사무소 업무안내 협업문의 업무 사례 강의·특강 자가진단 상황별 법률문제 법률 계산기 부산 법률지도 법률 용어사전 블로그 언론·활동 고객후기 FAQ 공지사항 상담 오시는 길 현재 카카오·네이버톡톡만 가능 전화상담은 내일 9시부터 가능 · 지금 메시지 주시면 확인해 드려요 현재 카카오·네이버톡톡만 가능 전화상담은 내일 9시부터 가능 · 지금 메시지 주시면 확인해 드려요 안윤정 법무사에게 바로 상담하기 약 1분이면 상담 
/부산부동산등기,부산 부동산등기 법무사｜잔금·말소·소유권이전 순서를 맞추려면,아파트·상가 매매·증여 등 부동산등기에서 잔금일·근저당 말소·소유권이전 순서를 안내합니다. 관할 등기소와 준비서류를 확인할 수 있습니다. 해운대·센텀 다옴법무사사무소에서 전화·카카오톡·방문(예약) 상담이 가능합니다.,부산 부동산등기 법무사｜잔금·말소·소유권이전 순서를 맞추려면,아파트·상가 매매·증여 등 부동산등기에서 잔금일·근저당 말소·소유권이전 순서를 안내합니다. 관할 등기소와 준비서류를 확인할 수 있습니다. 해운대·센텀 다옴법무사사무소에서 전화·카카오톡·방문(예약) 상담이 가능합니다.,"부산 부동산등기 법무사, 매매·증여 이전 순서 정리",https://xn--2j1br1na42lvxja38mk8r.kr/%EB%B6%80%EC%82%B0%EB%B6%80%EB%8F%99%EC%82%B0%EB%93%B1%EA%B8%B0,부산 부동산등기 법무사｜잔금·말소·소유권이전 순서를 맞추려면 본문 바로가기 다옴법무사사무소 안윤정 법무사 소개 사무소 업무안내 협업문의 업무 사례 강의·특강 자가진단 상황별 법률문제 법률 계산기 부산 법률지도 법률 용어사전 블로그 언론·활동 고객후기 FAQ 공지사항 상담 오시는 길 현재 카카오·네이버톡톡만 가능 전화상담은 내일 9시부터 가능 · 지금 메시지 주시면 확인해 드려요 현재 카카오·네이버톡톡만 가능 전화상담은 내일 9시부터 가능 · 지금 메시지 주시면 확인해 드려요 안윤정 법무사에게 바로 상담하기 약 1분이면 상담 신청을 
/부산법인법무사,부산 법무사 법인 업무｜비용·절차·준비서류 총정리,"부산에서 법인설립, 임원변경, 대표이사 변경, 본점이전, 목적변경, 증자, 해산·청산 등 법인 업무를 준비할 때 확인할 절차·준비서류·비용 구성·등기기한을 안윤정 법무사가 안내합니다.",부산 법무사 법인 업무｜비용·절차·준비서류 총정리,"부산에서 법인설립, 임원변경, 대표이사 변경, 본점이전, 목적변경, 증자, 해산·청산 등 법인 업무를 준비할 때 확인할 절차·준비서류·비용 구성·등기기한을 안윤정 법무사가 안내합니다.","부산 법인 업무, 설립부터 변경·해산까지 한 번에 확인하기",https://xn--2j1br1na42lvxja38mk8r.kr/%EB%B6%80%EC%82%B0%EB%B2%95%EC%9D%B8%EB%B2%95%EB%AC%B4%EC%82%AC,부산 법무사 법인 업무｜비용·절차·준비서류 총정리 본문 바로가기 다옴법무사사무소 안윤정 법무사 소개 사무소 업무안내 협업문의 업무 사례 강의·특강 자가진단 상황별 법률문제 법률 계산기 부산 법률지도 법률 용어사전 블로그 언론·활동 고객후기 FAQ 공지사항 상담 오시는 길 현재 카카오·네이버톡톡만 가능 전화상담은 내일 9시부터 가능 · 지금 메시지 주시면 확인해 드려요 현재 카카오·네이버톡톡만 가능 전화상담은 내일 9시부터 가능 · 지금 메시지 주시면 확인해 드려요 안윤정 법무사에게 바로 상담하기 약 1분이면 상담 신청을 남길 수 있
/부산개인회생,부산 개인회생 안내 | 다옴법무사사무소,"부산 개인회생 실무 안내 — 다옴법무사사무소 안윤정 법무사. 사상구, 엄궁동, 북구, 해운대구, 반여동, 재송동 일대 상담·서류·등기 대리. 전화·카카오톡 상담 가능.",부산 개인회생 안내 | 다옴법무사사무소,"부산 개인회생 실무 안내 — 다옴법무사사무소 안윤정 법무사. 사상구, 엄궁동, 북구, 해운대구, 반여동, 재송동 일대 상담·서류·등기 대리. 전화·카카오톡 상담 가능.",부산 개인회생 법무사 상담,https://xn--2j1br1na42lvxja38mk8r.kr/%EB%B6%80%EC%82%B0%EA%B0%9C%EC%9D%B8%ED%9A%8C%EC%83%9D,부산 개인회생 안내 | 다옴법무사사무소 본문 바로가기 다옴법무사사무소 안윤정 법무사 소개 사무소 업무안내 협업문의 업무 사례 강의·특강 자가진단 상황별 법률문제 법률 계산기 부산 법률지도 법률 용어사전 블로그 언론·활동 고객후기 FAQ 공지사항 상담 오시는 길 현재 카카오·네이버톡톡만 가능 전화상담은 내일 9시부터 가능 · 지금 메시지 주시면 확인해 드려요 현재 카카오·네이버톡톡만 가능 전화상담은 내일 9시부터 가능 · 지금 메시지 주시면 확인해 드려요 안윤정 법무사에게 바로 상담하기 약 1분이면 상담 신청을 남길 수 있습니다. 지
/해운대법무사,해운대 법무사 안내 | 다옴법무사사무소,"해운대(센텀, 우동, 재송동, 반여동, 좌동) 법무사 — 상속등기·법인등기·부동산등기·개인회생. 다옴법무사사무소 안윤정 법무사. 전화·카카오톡·네이버 예약.",해운대 법무사 안내 | 다옴법무사사무소,"해운대(센텀, 우동, 재송동, 반여동, 좌동) 법무사 — 상속등기·법인등기·부동산등기·개인회생. 다옴법무사사무소 안윤정 법무사. 전화·카카오톡·네이버 예약.",해운대 법무사 상담 — 다옴법무사사무소,https://xn--2j1br1na42lvxja38mk8r.kr/%ED%95%B4%EC%9A%B4%EB%8C%80%EB%B2%95%EB%AC%B4%EC%82%AC,해운대 법무사 안내 | 다옴법무사사무소 본문 바로가기 다옴법무사사무소 안윤정 법무사 소개 사무소 업무안내 협업문의 업무 사례 강의·특강 자가진단 상황별 법률문제 법률 계산기 부산 법률지도 법률 용어사전 블로그 언론·활동 고객후기 FAQ 공지사항 상담 오시는 길 현재 카카오·네이버톡톡만 가능 전화상담은 내일 9시부터 가능 · 지금 메시지 주시면 확인해 드려요 현재 카카오·네이버톡톡만 가능 전화상담은 내일 9시부터 가능 · 지금 메시지 주시면 확인해 드려요 안윤정 법무사에게 바로 상담하기 약 1분이면 상담 신청을 남길 수 있습니다. 지
/센텀법무사,센텀 법무사 안내 | 다옴법무사사무소,"센텀(센텀시티, 재송동, 벡스코, 우동) 법무사 — 상속등기·법인등기·부동산등기·개인회생. 다옴법무사사무소 안윤정 법무사. 전화·카카오톡·네이버 예약.",센텀 법무사 안내 | 다옴법무사사무소,"센텀(센텀시티, 재송동, 벡스코, 우동) 법무사 — 상속등기·법인등기·부동산등기·개인회생. 다옴법무사사무소 안윤정 법무사. 전화·카카오톡·네이버 예약.",센텀 법무사 상담 — 다옴법무사사무소,https://xn--2j1br1na42lvxja38mk8r.kr/%EC%84%BC%ED%85%80%EB%B2%95%EB%AC%B4%EC%82%AC,센텀 법무사 안내 | 다옴법무사사무소 본문 바로가기 다옴법무사사무소 안윤정 법무사 소개 사무소 업무안내 협업문의 업무 사례 강의·특강 자가진단 상황별 법률문제 법률 계산기 부산 법률지도 법률 용어사전 블로그 언론·활동 고객후기 FAQ 공지사항 상담 오시는 길 현재 카카오·네이버톡톡만 가능 전화상담은 내일 9시부터 가능 · 지금 메시지 주시면 확인해 드려요 현재 카카오·네이버톡톡만 가능 전화상담은 내일 9시부터 가능 · 지금 메시지 주시면 확인해 드려요 안윤정 법무사에게 바로 상담하기 약 1분이면 상담 신청을 남길 수 있습니다. 지금
/자가진단,부산 업무별 자가진단 모음 | 상속·… | 다옴법무사사무소,상속등기·상속포기·법인등기·부동산등기·개인회생·전세보증금 등 18종 업무별 자가진단. 부산·해운대·센텀 법무사 상담 전 절차·서류·기한을 확인하세요.,부산 업무별 자가진단 모음 | 상속·… | 다옴법무사사무소,상속등기·상속포기·법인등기·부동산등기·개인회생·전세보증금 등 18종 업무별 자가진단. 부산·해운대·센텀 법무사 상담 전 절차·서류·기한을 확인하세요.,부산 법무사 업무별 자가진단,https://xn--2j1br1na42lvxja38mk8r.kr/%EC%9E%90%EA%B0%80%EC%A7%84%EB%8B%A8,부산 업무별 자가진단 모음 | 상속·… | 다옴법무사사무소 본문 바로가기 다옴법무사사무소 안윤정 법무사 소개 사무소 업무안내 협업문의 업무 사례 강의·특강 자가진단 상황별 법률문제 법률 계산기 부산 법률지도 법률 용어사전 블로그 언론·활동 고객후기 FAQ 공지사항 상담 오시는 길 현재 카카오·네이버톡톡만 가능 전화상담은 내일 9시부터 가능 · 지금 메시지 주시면 확인해 드려요 현재 카카오·네이버톡톡만 가능 전화상담은 내일 9시부터 가능 · 지금 메시지 주시면 확인해 드려요 안윤정 법무사에게 바로 상담하기 약 1분이면 상담 신청을 남
/업무사례,업무 사례｜부산 법무사 지역·업무별 안내 | 다옴법무사사무소,부산 법무사 업무 사례를 전체·지역별·업무별로 찾아보세요. 구·군·동·생활권 안내와 상속·부동산·법인·회생 사례를 연결합니다. 해운대·센텀 다옴법무사사무소에서 전화·카카오톡·방문(예약) 상담이 가능합니다.,업무 사례｜부산 법무사 지역·업무별 안내 | 다옴법무사사무소,부산 법무사 업무 사례를 전체·지역별·업무별로 찾아보세요. 구·군·동·생활권 안내와 상속·부동산·법인·회생 사례를 연결합니다. 해운대·센텀 다옴법무사사무소에서 전화·카카오톡·방문(예약) 상담이 가능합니다.,부산 법무사 업무 사례를 지역과 업무로 찾아보세요,https://xn--2j1br1na42lvxja38mk8r.kr/%EC%97%85%EB%AC%B4%EC%82%AC%EB%A1%80,업무 사례｜부산 법무사 지역·업무별 안내 | 다옴법무사사무소 본문 바로가기 다옴법무사사무소 안윤정 법무사 소개 사무소 업무안내 협업문의 업무 사례 강의·특강 자가진단 상황별 법률문제 법률 계산기 부산 법률지도 법률 용어사전 블로그 언론·활동 고객후기 FAQ 공지사항 상담 오시는 길 현재 카카오·네이버톡톡만 가능 전화상담은 내일 9시부터 가능 · 지금 메시지 주시면 확인해 드려요 현재 카카오·네이버톡톡만 가능 전화상담은 내일 9시부터 가능 · 지금 메시지 주시면 확인해 드려요 안윤정 법무사에게 바로 상담하기 약 1분이면 상담 신청을 
/partners,부산 법무사 협업문의｜복대리·부동산·건축·기업·기관 등기업무,"부산 현지 등기, 법무사 복대리, 공인중개사·건축사 협업, 시행사·건설사 집단등기, 기업·공공기관 등기업무의 범위와 문의 방법을 안내합…",부산 법무사 협업문의｜복대리·부동산·건축·기업·기관 등기업무,"부산 현지 등기, 법무사 복대리, 공인중개사·건축사 협업, 시행사·건설사 집단등기, 기업·공공기관 등기업무의 범위와 문의 방법을 안내합…","부산에서 필요한 등기 업무, 협업 방식부터 확인합니다",https://xn--2j1br1na42lvxja38mk8r.kr/partners,부산 법무사 협업문의｜복대리·부동산·건축·기업·기관 등기업무 본문 바로가기 다옴법무사사무소 안윤정 법무사 소개 사무소 업무안내 협업문의 업무 사례 강의·특강 자가진단 상황별 법률문제 법률 계산기 부산 법률지도 법률 용어사전 블로그 언론·활동 고객후기 FAQ 공지사항 상담 오시는 길 현재 카카오·네이버톡톡만 가능 전화상담은 내일 9시부터 가능 · 지금 메시지 주시면 확인해 드려요 현재 카카오·네이버톡톡만 가능 전화상담은 내일 9시부터 가능 · 지금 메시지 주시면 확인해 드려요 안윤정 법무사에게 바로 상담하기 약 1분이면 상담 신청을 
/법률강의,부산 법률 강의·특강｜기관·도서관·학교·기업 맞춤 법률교육,"부산 법률 강의·생활법률 특강. 도서관·기관·단체·학교·기업 맞춤 교육. 전세사기 예방, 청년·창업·디지털·진로 특강. 안윤정 법무사…",부산 법률 강의·특강｜기관·도서관·학교·기업 맞춤 법률교육,"부산 법률 강의·생활법률 특강. 도서관·기관·단체·학교·기업 맞춤 교육. 전세사기 예방, 청년·창업·디지털·진로 특강. 안윤정 법무사…",부산 법률 강의·특강｜기관·도서관·학교·기업 맞춤 생활법률 교육,https://xn--2j1br1na42lvxja38mk8r.kr/%EB%B2%95%EB%A5%A0%EA%B0%95%EC%9D%98,부산 법률 강의·특강｜기관·도서관·학교·기업 맞춤 법률교육 본문 바로가기 다옴법무사사무소 안윤정 법무사 소개 사무소 업무안내 협업문의 업무 사례 강의·특강 자가진단 상황별 법률문제 법률 계산기 부산 법률지도 법률 용어사전 블로그 언론·활동 고객후기 FAQ 공지사항 상담 오시는 길 현재 카카오·네이버톡톡만 가능 전화상담은 내일 9시부터 가능 · 지금 메시지 주시면 확인해 드려요 현재 카카오·네이버톡톡만 가능 전화상담은 내일 9시부터 가능 · 지금 메시지 주시면 확인해 드려요 안윤정 법무사에게 바로 상담하기 약 1분이면 상담 신청을 남
/부산법무사비용,부산 법무사 비용은 어떻게 정해질까｜보수·세금·공과금을 구분해서 확인하세요,"부산 법무사 비용·수수료는 보수와 세금·공과금이 다릅니다. 같은 업무라도 달라지는 이유, 전화 안내와 서류 확인 후 확정의 차이, 견적 전 준비자료를 안내합니다.",부산 법무사 비용은 어떻게 정해질까｜보수·세금·공과금을 구분해서 확인하세요,"부산 법무사 비용·수수료는 보수와 세금·공과금이 다릅니다. 같은 업무라도 달라지는 이유, 전화 안내와 서류 확인 후 확정의 차이, 견적 전 준비자료를 안내합니다.",부산 법무사 비용은 어떻게 정해질까,https://xn--2j1br1na42lvxja38mk8r.kr/%EB%B6%80%EC%82%B0%EB%B2%95%EB%AC%B4%EC%82%AC%EB%B9%84%EC%9A%A9,부산 법무사 비용은 어떻게 정해질까｜보수·세금·공과금을 구분해서 확인하세요 본문 바로가기 다옴법무사사무소 안윤정 법무사 소개 사무소 업무안내 협업문의 업무 사례 강의·특강 자가진단 상황별 법률문제 법률 계산기 부산 법률지도 법률 용어사전 블로그 언론·활동 고객후기 FAQ 공지사항 상담 오시는 길 현재 카카오·네이버톡톡만 가능 전화상담은 내일 9시부터 가능 · 지금 메시지 주시면 확인해 드려요 현재 카카오·네이버톡톡만 가능 전화상담은 내일 9시부터 가능 · 지금 메시지 주시면 확인해 드려요 안윤정 법무사에게 바로 상담하기 약 1분이면
/부산법무사후기,부산 법무사 후기｜상담 전 확인하면 좋은 실제 업무 기준,부산 법무사 후기·추천 후기를 볼 때 확인할 기준. 비용보다 설명력·진행 안내·서류 안내를 중심으로 상속·부동산·법인 후기를 읽는 방법. 해운대·센텀 다옴법무사사무소에서 전화·카카오톡·방문(예약) 상담이 가능합니다.,부산 법무사 후기｜상담 전 확인하면 좋은 실제 업무 기준,부산 법무사 후기·추천 후기를 볼 때 확인할 기준. 비용보다 설명력·진행 안내·서류 안내를 중심으로 상속·부동산·법인 후기를 읽는 방법. 해운대·센텀 다옴법무사사무소에서 전화·카카오톡·방문(예약) 상담이 가능합니다.,부산 법무사 후기를 찾기 전 확인하면 좋은 기준,https://xn--2j1br1na42lvxja38mk8r.kr/%EB%B6%80%EC%82%B0%EB%B2%95%EB%AC%B4%EC%82%AC%ED%9B%84%EA%B8%B0,부산 법무사 후기｜상담 전 확인하면 좋은 실제 업무 기준 본문 바로가기 다옴법무사사무소 안윤정 법무사 소개 사무소 업무안내 협업문의 업무 사례 강의·특강 자가진단 상황별 법률문제 법률 계산기 부산 법률지도 법률 용어사전 블로그 언론·활동 고객후기 FAQ 공지사항 상담 오시는 길 현재 카카오·네이버톡톡만 가능 전화상담은 내일 9시부터 가능 · 지금 메시지 주시면 확인해 드려요 현재 카카오·네이버톡톡만 가능 전화상담은 내일 9시부터 가능 · 지금 메시지 주시면 확인해 드려요 안윤정 법무사에게 바로 상담하기 약 1분이면 상담 신청을 남길
/전세사기피해대응절차,부산 전세사기 법무사 | 보증금 미반환·임차권등기 - 다옴법무사사무소,"부산에서 전세계약이 끝났는데 보증금을 돌려받지 못했거나 집주인 연락두절·경매·압류로 전세사기가 걱정될 때, 전입·확정일자·등기부와 임차권등기 순서를 먼저 확인하는 안내입니다.",부산 전세사기 법무사 | 보증금 미반환·임차권등기 - 다옴법무사사무소,"부산에서 전세계약이 끝났는데 보증금을 돌려받지 못했거나 집주인 연락두절·경매·압류로 전세사기가 걱정될 때, 전입·확정일자·등기부와 임차권등기 순서를 먼저 확인하는 안내입니다.","부산 전세사기·전세보증금 미반환, 지금 무엇부터 해야 할까요?",https://xn--2j1br1na42lvxja38mk8r.kr/%EC%A0%84%EC%84%B8%EC%82%AC%EA%B8%B0%ED%94%BC%ED%95%B4%EB%8C%80%EC%9D%91%EC%A0%88%EC%B0%A8,부산 전세사기 법무사 | 보증금 미반환·임차권등기 - 다옴법무사사무소 본문 바로가기 다옴법무사사무소 안윤정 법무사 소개 사무소 업무안내 협업문의 업무 사례 강의·특강 자가진단 상황별 법률문제 법률 계산기 부산 법률지도 법률 용어사전 블로그 언론·활동 고객후기 FAQ 공지사항 상담 오시는 길 현재 카카오·네이버톡톡만 가능 전화상담은 내일 9시부터 가능 · 지금 메시지 주시면 확인해 드려요 현재 카카오·네이버톡톡만 가능 전화상담은 내일 9시부터 가능 · 지금 메시지 주시면 확인해 드려요 안윤정 법무사에게 바로 상담하기 약 1분이면 상담
