query,rank,url,score,expected_owner,pass
부산 법무사,1,/,269,/,true
부산 법무사,2,/부산법무사비용,198,/,true
부산 법무사,3,/부산법무사보수표,198,/,true
부산 법무사,4,/부산법무사무소,198,/,true
부산 법무사,5,/부산법무사상담,189,/,true
부산 법무사 상담,1,/부산법무사상담,227,/부산법무사상담,true
부산 법무사 상담,2,/상속,69,/부산법무사상담,true
부산 법무사 상담,3,/부산법무사,68,/부산법무사상담,true
부산 법무사 상담,4,/부산부동산등기법무사,63,/부산법무사상담,true
부산 법무사 상담,5,/업무사례/양산거주부산부동산상속,63,/부산법무사상담,true
부산 법무사 추천,1,/부산법무사추천,197,/부산법무사추천,true
부산 법무사 추천,2,/부산법무사,65,/부산법무사추천,true
부산 법무사 추천,3,/부산법무사무소,57,/부산법무사추천,true
부산 법무사 추천,4,/부산법무사비용,48,/부산법무사추천,true
부산 법무사 추천,5,/부산법무사보수표,48,/부산법무사추천,true
부산 법무사 비용,1,/부산법무사비용,230,/부산법무사비용,true
부산 법무사 비용,2,/법무사비용,166,/부산법무사비용,true
부산 법무사 비용,3,/법무사수임료,122,/부산법무사비용,true
부산 법무사 비용,4,/법무사보수,116,/부산법무사비용,true
부산 법무사 비용,5,/부산법무사,68,/부산법무사비용,true
부산 법무사 수수료,1,/부산법무사,65,/부산법무사비용,false
부산 법무사 수수료,2,/부산법무사비용,60,/부산법무사비용,false
부산 법무사 수수료,3,/부산법무사보수표,54,/부산법무사비용,false
부산 법무사 수수료,4,/업무사례/김해상속등기비용,51,/부산법무사비용,false
부산 법무사 수수료,5,/상속등기비용,48,/부산법무사비용,false
부산 법무사 보수,1,/부산법무사보수표,222,/부산법무사비용,false
부산 법무사 보수,2,/부산법무사,65,/부산법무사비용,false
부산 법무사 보수,3,/부산법무사보수,62,/부산법무사비용,false
부산 법무사 보수,4,/법무사보수,62,/부산법무사비용,false
부산 법무사 보수,5,/부산법무사비용,57,/부산법무사비용,false
부산 등기 법무사,1,/부산등기법무사,239,/부산등기법무사,true
부산 등기 법무사,2,/부산등기법무사추천,213,/부산등기법무사,true
부산 등기 법무사,3,/등기소근처법무사,131,/부산등기법무사,true
부산 등기 법무사,4,/부산부동산등기법무사,72,/부산등기법무사,true
부산 등기 법무사,5,/부산여성법무사,72,/부산등기법무사,true
부산 등기전문 법무사,1,/부산등기전문법무사,188,/부산등기법무사,false
부산 등기전문 법무사,2,/부산부동산등기전문법무사,63,/부산등기법무사,false
부산 등기전문 법무사,3,/부산법무사비용,48,/부산등기법무사,false
부산 등기전문 법무사,4,/부산법무사보수표,48,/부산등기법무사,false
부산 등기전문 법무사,5,/부산부동산등기법무사,48,/부산등기법무사,false
부산 상속 법무사,1,/부산상속법무사,239,/부산상속법무사,true
부산 상속 법무사,2,/부산상속법무사추천,207,/부산상속법무사,true
부산 상속 법무사,3,/상속,169,/부산상속법무사,true
부산 상속 법무사,4,/상속상담전준비서류와비용,141,/부산상속법무사,true
부산 상속 법무사,5,/부산여성법무사,72,/부산상속법무사,true
부산 상속전문 법무사,1,/부산상속법무사,128,/부산상속법무사,true
부산 상속전문 법무사,2,/상속,65,/부산상속법무사,true
부산 상속전문 법무사,3,/부산법무사비용,48,/부산상속법무사,true
부산 상속전문 법무사,4,/부산법무사보수표,48,/부산상속법무사,true
부산 상속전문 법무사,5,/부산부동산등기법무사,48,/부산상속법무사,true
부산 법무사 상속,1,/부산상속법무사,149,/부산상속법무사,true
부산 법무사 상속,2,/상속,89,/부산상속법무사,true
부산 법무사 상속,3,/부산여성법무사,72,/부산상속법무사,true
부산 법무사 상속,4,/부산법무사,71,/부산상속법무사,true
부산 법무사 상속,5,/업무사례/양산거주부산부동산상속,69,/부산상속법무사,true
부산 상속등기 법무사,1,/부산상속등기,218,/부산상속등기,true
부산 상속등기 법무사,2,/상속,83,/부산상속등기,true
부산 상속등기 법무사,3,/상속등기필요서류,66,/부산상속등기,true
부산 상속등기 법무사,4,/상속등기비용,60,/부산상속등기,true
부산 상속등기 법무사,5,/상속등기기간,60,/부산상속등기,true
부산 상속등기,1,/부산상속등기,212,/부산상속등기,true
부산 상속등기,2,/상속등기자가진단,128,/부산상속등기,true
부산 상속등기,3,/상속등기비용,119,/부산상속등기,true
부산 상속등기,4,/부산상속법무사,116,/부산상속등기,true
부산 상속등기,5,/업무사례/지역별상속등기법무사,113,/부산상속등기,true
부산 상속포기 법무사,1,/부산상속포기,206,/부산상속포기,true
부산 상속포기 법무사,2,/상속,74,/부산상속포기,true
부산 상속포기 법무사,3,/부산상속법무사,54,/부산상속포기,true
부산 상속포기 법무사,4,/부산법무사비용,48,/부산상속포기,true
부산 상속포기 법무사,5,/부산법무사보수표,48,/부산상속포기,true
부산 상속포기,1,/부산상속포기,200,/부산상속포기,true
부산 상속포기,2,/상속포기자가진단,131,/부산상속포기,true
부산 상속포기,3,/부산상속법무사,113,/부산상속포기,true
부산 상속포기,4,/상속포기비용,107,/부산상속포기,true
부산 상속포기,5,/상속,50,/부산상속포기,true
부산 한정승인 법무사,1,/부산한정승인,224,/부산한정승인,true
부산 한정승인 법무사,2,/상속,63,/부산한정승인,true
부산 한정승인 법무사,3,/부산상속법무사,60,/부산한정승인,true
부산 한정승인 법무사,4,/부산법무사비용,48,/부산한정승인,true
부산 한정승인 법무사,5,/부산법무사보수표,48,/부산한정승인,true
부산 한정승인,1,/부산한정승인,212,/부산한정승인,true
부산 한정승인,2,/한정승인자가진단,128,/부산한정승인,true
부산 한정승인,3,/부산상속법무사,119,/부산한정승인,true
부산 한정승인,4,/한정승인비용,107,/부산한정승인,true
부산 한정승인,5,/상속,39,/부산한정승인,true
부산 특별한정승인 법무사,1,/특별한정승인,133,/특별한정승인,true
부산 특별한정승인 법무사,2,/부산법무사비용,48,/특별한정승인,true
부산 특별한정승인 법무사,3,/부산법무사보수표,48,/특별한정승인,true
부산 특별한정승인 법무사,4,/부산부동산등기법무사,48,/특별한정승인,true
부산 특별한정승인 법무사,5,/부산법무사무소,48,/특별한정승인,true
부산 특별한정승인,1,/특별한정승인,124,/특별한정승인,true
부산 특별한정승인,2,/부산상속등기,24,/특별한정승인,true
부산 특별한정승인,3,/부산소유권이전등기,24,/특별한정승인,true
부산 특별한정승인,4,/부산파산,24,/특별한정승인,true
부산 특별한정승인,5,/부산법무사,24,/특별한정승인,true
부산 상속재산분할 법무사,1,/부산상속재산분할법무사,167,/부산상속재산분할법무사,true
부산 상속재산분할 법무사,2,/상속,65,/부산상속재산분할법무사,true
부산 상속재산분할 법무사,3,/부산법무사비용,48,/부산상속재산분할법무사,true
부산 상속재산분할 법무사,4,/부산법무사보수표,48,/부산상속재산분할법무사,true
부산 상속재산분할 법무사,5,/부산부동산등기법무사,48,/부산상속재산분할법무사,true
부산 상속재산분할협의,1,/상속,41,/부산상속재산분할법무사,false
부산 상속재산분할협의,2,/부산상속등기,24,/부산상속재산분할법무사,false
부산 상속재산분할협의,3,/부산소유권이전등기,24,/부산상속재산분할법무사,false
부산 상속재산분할협의,4,/부산파산,24,/부산상속재산분할법무사,false
부산 상속재산분할협의,5,/부산법무사,24,/부산상속재산분할법무사,false
부산 대습상속,1,/상속,41,/대습상속등기,false
부산 대습상속,2,/부산상속등기,24,/대습상속등기,false
부산 대습상속,3,/부산소유권이전등기,24,/대습상속등기,false
부산 대습상속,4,/부산파산,24,/대습상속등기,false
부산 대습상속,5,/부산법무사,24,/대습상속등기,false
부산 미성년자 상속,1,/상속,65,/미성년상속인,false
부산 미성년자 상속,2,/부산상속등기,48,/미성년상속인,false
부산 미성년자 상속,3,/부산소유권이전등기,48,/미성년상속인,false
부산 미성년자 상속,4,/상속등기필요서류,48,/미성년상속인,false
부산 미성년자 상속,5,/상속등기기간,48,/미성년상속인,false
부산 해외 상속인 상속등기,1,/부산상속등기,69,/해외거주상속인,false
부산 해외 상속인 상속등기,2,/상속,65,/해외거주상속인,false
부산 해외 상속인 상속등기,3,/업무사례/분당상속등기법무사,63,/해외거주상속인,false
부산 해외 상속인 상속등기,4,/업무사례/강남구상속등기법무사,60,/해외거주상속인,false
부산 해외 상속인 상속등기,5,/업무사례/창원상속등기필요서류,57,/해외거주상속인,false
부산 부동산 법무사,1,/부산부동산등기법무사,72,/부산부동산등기,false
부산 부동산 법무사,2,/업무사례/양산거주부산부동산상속,69,/부산부동산등기,false
부산 부동산 법무사,3,/부산등기법무사,63,/부산부동산등기,false
부산 부동산 법무사,4,/부산부동산등기전문법무사,63,/부산부동산등기,false
부산 부동산 법무사,5,/부산여성법무사,63,/부산부동산등기,false
부산 부동산등기 법무사,1,/부산부동산등기,212,/부산부동산등기,true
부산 부동산등기 법무사,2,/부산부동산등기법무사,92,/부산부동산등기,true
부산 부동산등기 법무사,3,/부산부동산등기전문법무사,63,/부산부동산등기,true
부산 부동산등기 법무사,4,/부산여성법무사,57,/부산부동산등기,true
부산 부동산등기 법무사,5,/부동산등기,56,/부산부동산등기,true
부산 부동산등기,1,/부산부동산등기법무사,198,/부산부동산등기,false
부산 부동산등기,2,/부산부동산등기전문법무사,198,/부산부동산등기,false
부산 부동산등기,3,/부산부동산등기,194,/부산부동산등기,false
부산 부동산등기,4,/부산부동산등기복대리,171,/부산부동산등기,false
부산 부동산등기,5,/부동산등기자가진단,162,/부산부동산등기,false
부산 소유권이전등기 법무사,1,/부산소유권이전등기,62,/부산소유권이전등기,true
부산 소유권이전등기 법무사,2,/소유권이전등기서류,60,/부산소유권이전등기,true
부산 소유권이전등기 법무사,3,/부산부동산등기법무사,54,/부산소유권이전등기,true
부산 소유권이전등기 법무사,4,/부산법무사비용,48,/부산소유권이전등기,true
부산 소유권이전등기 법무사,5,/부산법무사보수표,48,/부산소유권이전등기,true
부산 아파트 등기 법무사,1,/업무사례/대구북구상속등기법무사,87,/부산부동산등기,false
부산 아파트 등기 법무사,2,/부산부모자녀아파트증여등기,81,/부산부동산등기,false
부산 아파트 등기 법무사,3,/업무사례/장유상속등기법무사,81,/부산부동산등기,false
부산 아파트 등기 법무사,4,/업무사례/대구서구상속등기법무사,81,/부산부동산등기,false
부산 아파트 등기 법무사,5,/업무사례/칠곡상속등기법무사,81,/부산부동산등기,false
부산 매매등기 법무사,1,/부산매매등기법무사,182,/부산소유권이전등기,false
부산 매매등기 법무사,2,/부산매매등기전문법무사,54,/부산소유권이전등기,false
부산 매매등기 법무사,3,/부산법무사비용,48,/부산소유권이전등기,false
부산 매매등기 법무사,4,/부산법무사보수표,48,/부산소유권이전등기,false
부산 매매등기 법무사,5,/부산부동산등기법무사,48,/부산소유권이전등기,false
부산 증여등기 법무사,1,/부산증여등기,200,/부산증여등기,true
부산 증여등기 법무사,2,/부산법무사비용,48,/부산증여등기,true
부산 증여등기 법무사,3,/부산법무사보수표,48,/부산증여등기,true
부산 증여등기 법무사,4,/부산부동산등기법무사,48,/부산증여등기,true
부산 증여등기 법무사,5,/부산법무사무소,48,/부산증여등기,true
부산 근저당설정 법무사,1,/부산법무사비용,48,/부산근저당설정등기,false
부산 근저당설정 법무사,2,/부산법무사보수표,48,/부산근저당설정등기,false
부산 근저당설정 법무사,3,/부산부동산등기법무사,48,/부산근저당설정등기,false
부산 근저당설정 법무사,4,/부산법무사무소,48,/부산근저당설정등기,false
부산 근저당설정 법무사,5,/부산여성법무사,48,/부산근저당설정등기,false
부산 근저당말소 법무사,1,/부산법무사비용,48,/부산근저당말소등기,false
부산 근저당말소 법무사,2,/부산법무사보수표,48,/부산근저당말소등기,false
부산 근저당말소 법무사,3,/부산부동산등기법무사,48,/부산근저당말소등기,false
부산 근저당말소 법무사,4,/부산법무사무소,48,/부산근저당말소등기,false
부산 근저당말소 법무사,5,/부산여성법무사,48,/부산근저당말소등기,false
부산 전세권설정 법무사,1,/부산법무사비용,48,/부산전세권설정등기,false
부산 전세권설정 법무사,2,/부산법무사보수표,48,/부산전세권설정등기,false
부산 전세권설정 법무사,3,/부산부동산등기법무사,48,/부산전세권설정등기,false
부산 전세권설정 법무사,4,/부산법무사무소,48,/부산전세권설정등기,false
부산 전세권설정 법무사,5,/부산여성법무사,48,/부산전세권설정등기,false
부산 전세권말소 법무사,1,/부산전세권말소등기,116,/부산전세권말소등기,true
부산 전세권말소 법무사,2,/부산법무사비용,48,/부산전세권말소등기,true
부산 전세권말소 법무사,3,/부산법무사보수표,48,/부산전세권말소등기,true
부산 전세권말소 법무사,4,/부산부동산등기법무사,48,/부산전세권말소등기,true
부산 전세권말소 법무사,5,/부산법무사무소,48,/부산전세권말소등기,true
부산 보존등기 법무사,1,/부산부동산등기법무사,54,/부산신축건물보존등기,false
부산 보존등기 법무사,2,/부산등기법무사,51,/부산신축건물보존등기,false
부산 보존등기 법무사,3,/부산법무사비용,48,/부산신축건물보존등기,false
부산 보존등기 법무사,4,/부산법무사보수표,48,/부산신축건물보존등기,false
부산 보존등기 법무사,5,/부산법무사무소,48,/부산신축건물보존등기,false
부산 가등기 법무사,1,/부산가등기,50,/부산가등기,true
부산 가등기 법무사,2,/부산법무사비용,48,/부산가등기,true
부산 가등기 법무사,3,/부산법무사보수표,48,/부산가등기,true
부산 가등기 법무사,4,/부산부동산등기법무사,48,/부산가등기,true
부산 가등기 법무사,5,/부산법무사무소,48,/부산가등기,true
부산 법인 법무사,1,/부산법인법무사,71,/부산법인법무사,true
부산 법인 법무사,2,/부산법무사,63,/부산법인법무사,true
부산 법인 법무사,3,/부산국제금융센터법인등기,60,/부산법인법무사,true
부산 법인 법무사,4,/부산등기법무사,60,/부산법인법무사,true
부산 법인 법무사,5,/업무사례/김해에서부산법인본점이전,60,/부산법인법무사,true
부산 법인등기 법무사,1,/부산법인등기,224,/부산법인등기,true
부산 법인등기 법무사,2,/부산여성법무사,57,/부산법인등기,true
부산 법인등기 법무사,3,/부산국제금융센터법인등기,54,/부산법인등기,true
부산 법인등기 법무사,4,/부산법원근처법무사,54,/부산법인등기,true
부산 법인등기 법무사,5,/부산선박등기,51,/부산법인등기,true
부산 법인등기,1,/부산법인등기,206,/부산법인등기,true
부산 법인등기,2,/부산법인등기비용,168,/부산법인등기,true
부산 법인등기,3,/법인등기,155,/부산법인등기,true
부산 법인등기,4,/부산법인등기복대리,141,/부산법인등기,true
부산 법인등기,5,/부산법인등기과태료,135,/부산법인등기,true
부산 법인설립 법무사,1,/부산법인설립등기,186,/부산법인설립등기,true
부산 법인설립 법무사,2,/부산법무사비용,48,/부산법인설립등기,true
부산 법인설립 법무사,3,/부산법무사보수표,48,/부산법인설립등기,true
부산 법인설립 법무사,4,/부산등기법무사,48,/부산법인설립등기,true
부산 법인설립 법무사,5,/부산부동산등기법무사,48,/부산법인설립등기,true
부산 법인설립등기,1,/법인설립자가진단,122,/부산법인설립등기,false
부산 법인설립등기,2,/방문없이준비하는법인설립,116,/부산법인설립등기,false
부산 법인설립등기,3,/부산개인사업자법인전환,110,/부산법인설립등기,false
부산 법인설립등기,4,/법인설립등기비용,101,/부산법인설립등기,false
부산 법인설립등기,5,/부산법인설립등기,26,/부산법인설립등기,false
부산 임원변경등기 법무사,1,/임원변경등기과태료,60,/부산임원변경등기,false
부산 임원변경등기 법무사,2,/부산임원변경등기,50,/부산임원변경등기,false
부산 임원변경등기 법무사,3,/부산법무사비용,48,/부산임원변경등기,false
부산 임원변경등기 법무사,4,/부산법무사보수표,48,/부산임원변경등기,false
부산 임원변경등기 법무사,5,/부산부동산등기법무사,48,/부산임원변경등기,false
부산 대표이사 변경등기,1,/부산대표이사변경등기,197,/부산임원변경등기,false
부산 대표이사 변경등기,2,/부산임원변경등기,128,/부산임원변경등기,false
부산 대표이사 변경등기,3,/임원변경등기과태료,42,/부산임원변경등기,false
부산 대표이사 변경등기,4,/부산법인등기,36,/부산임원변경등기,false
부산 대표이사 변경등기,5,/방문없이준비하는임원변경,33,/부산임원변경등기,false
부산 본점이전등기,1,/부산본점이전등기,41,/부산본점이전등기,true
부산 본점이전등기,2,/전국법인본점이전등기,27,/부산본점이전등기,true
부산 본점이전등기,3,/업무사례/전국법인본점이전등기,27,/부산본점이전등기,true
부산 본점이전등기,4,/부산상속등기,24,/부산본점이전등기,true
부산 본점이전등기,5,/부산소유권이전등기,24,/부산본점이전등기,true
부산 목적변경등기,1,/부산상속등기,24,/부산사업목적변경등기,false
부산 목적변경등기,2,/부산소유권이전등기,24,/부산사업목적변경등기,false
부산 목적변경등기,3,/부산파산,24,/부산사업목적변경등기,false
부산 목적변경등기,4,/부산법무사,24,/부산사업목적변경등기,false
부산 목적변경등기,5,/부산법무사비용,24,/부산사업목적변경등기,false
부산 증자등기,1,/부산상속등기,24,/부산유상증자등기,false
부산 증자등기,2,/부산소유권이전등기,24,/부산유상증자등기,false
부산 증자등기,3,/부산파산,24,/부산유상증자등기,false
부산 증자등기,4,/부산법무사,24,/부산유상증자등기,false
부산 증자등기,5,/부산법무사비용,24,/부산유상증자등기,false
부산 해산등기,1,/부산상속등기,24,/부산법인해산청산등기,false
부산 해산등기,2,/부산소유권이전등기,24,/부산법인해산청산등기,false
부산 해산등기,3,/부산파산,24,/부산법인해산청산등기,false
부산 해산등기,4,/부산법무사,24,/부산법인해산청산등기,false
부산 해산등기,5,/부산법무사비용,24,/부산법인해산청산등기,false
부산 청산등기,1,/부산상속등기,24,/부산법인해산청산등기,false
부산 청산등기,2,/부산소유권이전등기,24,/부산법인해산청산등기,false
부산 청산등기,3,/부산파산,24,/부산법인해산청산등기,false
부산 청산등기,4,/부산법무사,24,/부산법인해산청산등기,false
부산 청산등기,5,/부산법무사비용,24,/부산법인해산청산등기,false
부산 개인회생 법무사,1,/부산개인회생법무사,215,/부산개인회생법무사,true
부산 개인회생 법무사,2,/부산개인회생법무사추천,207,/부산개인회생법무사,true
부산 개인회생 법무사,3,/개인회생여성법무사,63,/부산개인회생법무사,true
부산 개인회생 법무사,4,/부산개인회생,59,/부산개인회생법무사,true
부산 개인회생 법무사,5,/부산여성법무사,57,/부산개인회생법무사,true
부산 개인회생,1,/부산개인회생,209,/부산개인회생,true
부산 개인회생,2,/부산개인회생법무사추천,189,/부산개인회생,true
부산 개인회생,3,/부산개인회생상담,189,/부산개인회생,true
부산 개인회생,4,/부산개인회생신청,189,/부산개인회생,true
부산 개인회생,5,/부산개인회생전문법무사,180,/부산개인회생,true
부산 개인파산 법무사,1,/부산개인파산법무사,227,/부산개인파산법무사,true
부산 개인파산 법무사,2,/부산개인파산법무사추천,207,/부산개인파산법무사,true
부산 개인파산 법무사,3,/부산개인파산,62,/부산개인파산법무사,true
부산 개인파산 법무사,4,/부산회생법원개인파산,51,/부산개인파산법무사,true
부산 개인파산 법무사,5,/부산파산,48,/부산개인파산법무사,true
부산 개인파산,1,/부산개인파산,209,/부산개인파산,true
부산 개인파산,2,/부산개인파산법무사추천,189,/부산개인파산,true
부산 개인파산,3,/부산개인파산법무사,189,/부산개인파산,true
부산 개인파산,4,/부산개인파산상담,189,/부산개인파산,true
부산 개인파산,5,/부산개인파산전문법무사,180,/부산개인파산,true
부산 회생파산 법무사,1,/부산법무사비용,48,/개인회생파산,false
부산 회생파산 법무사,2,/부산법무사보수표,48,/개인회생파산,false
부산 회생파산 법무사,3,/부산부동산등기법무사,48,/개인회생파산,false
부산 회생파산 법무사,4,/부산법무사무소,48,/개인회생파산,false
부산 회생파산 법무사,5,/부산여성법무사,48,/개인회생파산,false
부산 파산면책,1,/부산파산,44,/부산개인파산,false
부산 파산면책,2,/부산상속등기,24,/부산개인파산,false
부산 파산면책,3,/부산소유권이전등기,24,/부산개인파산,false
부산 파산면책,4,/부산법무사,24,/부산개인파산,false
부산 파산면책,5,/부산법무사비용,24,/부산개인파산,false
부산 개인회생 비용,1,/부산개인회생,59,/개인회생비용,false
부산 개인회생 비용,2,/부산개인회생법무사추천,57,/개인회생비용,false
부산 개인회생 비용,3,/개인회생비용,50,/개인회생비용,false
부산 개인회생 비용,4,/부산개인회생상담,48,/개인회생비용,false
부산 개인회생 비용,5,/부산개인회생신청,48,/개인회생비용,false
부산 개인파산 비용,1,/부산개인파산,59,/개인파산비용,false
부산 개인파산 비용,2,/개인파산비용,50,/개인파산비용,false
부산 개인파산 비용,3,/부산파산,48,/개인파산비용,false
부산 개인파산 비용,4,/부산개인파산법무사추천,48,/개인파산비용,false
부산 개인파산 비용,5,/부산개인파산법무사,48,/개인파산비용,false
부산 지급명령 법무사,1,/부산법원근처법무사,51,/부산지방법원지급명령,false
부산 지급명령 법무사,2,/부산법무사비용,48,/부산지방법원지급명령,false
부산 지급명령 법무사,3,/부산법무사보수표,48,/부산지방법원지급명령,false
부산 지급명령 법무사,4,/부산부동산등기법무사,48,/부산지방법원지급명령,false
부산 지급명령 법무사,5,/부산법무사무소,48,/부산지방법원지급명령,false
부산 내용증명 법무사,1,/부산법무사비용,48,/내용증명작성준비,false
부산 내용증명 법무사,2,/부산법무사보수표,48,/내용증명작성준비,false
부산 내용증명 법무사,3,/부산부동산등기법무사,48,/내용증명작성준비,false
부산 내용증명 법무사,4,/부산법무사무소,48,/내용증명작성준비,false
부산 내용증명 법무사,5,/부산여성법무사,48,/내용증명작성준비,false
부산 임차권등기명령 법무사,1,/부산임차권등기명령,50,/부산임차권등기명령,true
부산 임차권등기명령 법무사,2,/부산법무사비용,48,/부산임차권등기명령,true
부산 임차권등기명령 법무사,3,/부산법무사보수표,48,/부산임차권등기명령,true
부산 임차권등기명령 법무사,4,/부산부동산등기법무사,48,/부산임차권등기명령,true
부산 임차권등기명령 법무사,5,/부산법무사무소,48,/부산임차권등기명령,true
부산 가압류 말소 법무사,1,/부산가압류말소등기,63,/부산가압류말소등기,true
부산 가압류 말소 법무사,2,/부산부동산등기,57,/부산가압류말소등기,true
부산 가압류 말소 법무사,3,/부산법무사비용,54,/부산가압류말소등기,true
부산 가압류 말소 법무사,4,/부산부동산등기법무사,54,/부산가압류말소등기,true
부산 가압류 말소 법무사,5,/업무사례/양산근저당말소,54,/부산가압류말소등기,true
부산 개명 법무사,1,/부산법무사비용,48,/부산개명허가,false
부산 개명 법무사,2,/부산법무사보수표,48,/부산개명허가,false
부산 개명 법무사,3,/부산부동산등기법무사,48,/부산개명허가,false
부산 개명 법무사,4,/부산법무사무소,48,/부산개명허가,false
부산 개명 법무사,5,/부산여성법무사,48,/부산개명허가,false
부산 중구 법무사,1,/중구법무사,62,/중구법무사,true
부산 중구 법무사,2,/부산법무사비용,48,/중구법무사,true
부산 중구 법무사,3,/부산법무사보수표,48,/중구법무사,true
부산 중구 법무사,4,/부산부동산등기법무사,48,/중구법무사,true
부산 중구 법무사,5,/부산법무사무소,48,/중구법무사,true
부산 서구 법무사,1,/서구법무사,62,/서구법무사,true
부산 서구 법무사,2,/업무사례/대구서구상속등기법무사,57,/서구법무사,true
부산 서구 법무사,3,/부산법무사비용,48,/서구법무사,true
부산 서구 법무사,4,/부산법무사보수표,48,/서구법무사,true
부산 서구 법무사,5,/북부산등기소법무사,48,/서구법무사,true
부산 동구 법무사,1,/동구법무사,80,/동구법무사,true
부산 동구 법무사,2,/업무사례/대구동구상속등기법무사,54,/동구법무사,true
부산 동구 법무사,3,/부산법무사비용,48,/동구법무사,true
부산 동구 법무사,4,/부산법무사보수표,48,/동구법무사,true
부산 동구 법무사,5,/부산부동산등기법무사,48,/동구법무사,true
영도구 법무사,1,/영도구법무사,209,/영도구법무사,true
영도구 법무사,2,/영도구부동산등기,33,/영도구법무사,true
영도구 법무사,3,/업무사례/영도구법무사,27,/영도구법무사,true
영도구 법무사,4,/,24,/영도구법무사,true
영도구 법무사,5,/부산법무사비용,24,/영도구법무사,true
부산진구 법무사,1,/부산진구법무사,206,/부산진구법무사,true
부산진구 법무사,2,/부전동법무사,33,/부산진구법무사,true
부산진구 법무사,3,/업무사례/부산진구법무사,27,/부산진구법무사,true
부산진구 법무사,4,/,24,/부산진구법무사,true
부산진구 법무사,5,/부산법무사비용,24,/부산진구법무사,true
동래구 법무사,1,/동래구법무사,209,/동래구법무사,true
동래구 법무사,2,/동래구상속등기,33,/동래구법무사,true
동래구 법무사,3,/동래구법인등기,33,/동래구법무사,true
동래구 법무사,4,/동래구한정승인,33,/동래구법무사,true
동래구 법무사,5,/동래구임원변경등기,33,/동래구법무사,true
부산 남구 법무사,1,/남구법무사,62,/남구법무사,true
부산 남구 법무사,2,/업무사례/강남구상속등기법무사,51,/남구법무사,true
부산 남구 법무사,3,/부산법무사비용,48,/남구법무사,true
부산 남구 법무사,4,/부산법무사보수표,48,/남구법무사,true
부산 남구 법무사,5,/남부산등기소법무사,48,/남구법무사,true
부산 북구 법무사,1,/업무사례/대구북구상속등기법무사,63,/북구법무사,false
부산 북구 법무사,2,/북구법무사,59,/북구법무사,false
부산 북구 법무사,3,/업무사례/울산송정동상속등기,57,/북구법무사,false
부산 북구 법무사,4,/부산법무사비용,48,/북구법무사,false
부산 북구 법무사,5,/부산법무사보수표,48,/북구법무사,false
해운대구 법무사,1,/해운대구상속등기,33,/해운대법무사,false
해운대구 법무사,2,/해운대구상속포기,33,/해운대법무사,false
해운대구 법무사,3,/해운대구한정승인,33,/해운대법무사,false
해운대구 법무사,4,/해운대구법인등기,33,/해운대법무사,false
해운대구 법무사,5,/해운대구부동산등기,33,/해운대법무사,false
해운대 법무사,1,/해운대법무사,212,/해운대법무사,true
해운대 법무사,2,/해운대역법무사,48,/해운대법무사,true
해운대 법무사,3,/업무사례/장유상속등기법무사,42,/해운대법무사,true
해운대 법무사,4,/해운대재개발상속등기,39,/해운대법무사,true
해운대 법무사,5,/중동법무사,39,/해운대법무사,true
사하구 법무사,1,/사하구법무사,209,/사하구법무사,true
사하구 법무사,2,/사하구부동산등기,116,/사하구법무사,true
사하구 법무사,3,/하단법무사,110,/사하구법무사,true
사하구 법무사,4,/업무사례/사하구법무사,27,/사하구법무사,true
사하구 법무사,5,/,24,/사하구법무사,true
금정구 법무사,1,/금정구법무사,209,/금정구법무사,true
금정구 법무사,2,/금정구상속등기,33,/금정구법무사,true
금정구 법무사,3,/금정구한정승인,33,/금정구법무사,true
금정구 법무사,4,/금정구부동산등기,33,/금정구법무사,true
금정구 법무사,5,/업무사례/금정구법무사,27,/금정구법무사,true
강서구 법무사,1,/강서구법무사,209,/강서구법무사,true
강서구 법무사,2,/명지법무사,110,/강서구법무사,true
강서구 법무사,3,/업무사례/강서구상속등기법무사,39,/강서구법무사,true
강서구 법무사,4,/서구법무사,38,/강서구법무사,true
강서구 법무사,5,/명지역법무사,27,/강서구법무사,true
연제구 법무사,1,/연제구법무사,212,/연제구법무사,true
연제구 법무사,2,/업무사례/연제구법무사,36,/연제구법무사,true
연제구 법무사,3,/연제구상속등기,33,/연제구법무사,true
연제구 법무사,4,/연제구상속포기,33,/연제구법무사,true
연제구 법무사,5,/연제구법인등기,33,/연제구법무사,true
수영구 법무사,1,/수영구법무사,206,/수영구법무사,true
수영구 법무사,2,/수영구상속등기,33,/수영구법무사,true
수영구 법무사,3,/수영구부동산등기,33,/수영구법무사,true
수영구 법무사,4,/수영구법인등기,33,/수영구법무사,true
수영구 법무사,5,/수영구상속포기,33,/수영구법무사,true
사상구 법무사,1,/사상구법무사,206,/사상구법무사,true
사상구 법무사,2,/사상역법무사,36,/사상구법무사,true
사상구 법무사,3,/사상구상속등기,33,/사상구법무사,true
사상구 법무사,4,/사상구부동산등기,33,/사상구법무사,true
사상구 법무사,5,/사상구상속포기,33,/사상구법무사,true
기장군 법무사,1,/기장군법무사,212,/기장군법무사,true
기장군 법무사,2,/기장군상속등기,33,/기장군법무사,true
기장군 법무사,3,/기장군상속포기,33,/기장군법무사,true
기장군 법무사,4,/기장군한정승인,33,/기장군법무사,true
기장군 법무사,5,/기장군법인등기,33,/기장군법무사,true
기장 법무사,1,/기장법무사,139,/기장군법무사,false
기장 법무사,2,/기장군법무사,125,/기장군법무사,false
기장 법무사,3,/정관법무사,110,/기장군법무사,false
기장 법무사,4,/기장토지상속등기,39,/기장군법무사,false
기장 법무사,5,/기장군상속등기,36,/기장군법무사,false
센텀 법무사,1,/센텀법무사,212,/센텀법무사,true
센텀 법무사,2,/센텀법인등기,189,/센텀법무사,true
센텀 법무사,3,/센텀시티역법무사,128,/센텀법무사,true
센텀 법무사,4,/센텀여성법무사,45,/센텀법무사,true
센텀 법무사,5,/재송동법무사,42,/센텀법무사,true
센텀시티 법무사,1,/센텀시티역법무사,48,/센텀법무사,false
센텀시티 법무사,2,/센텀법무사,30,/센텀법무사,false
센텀시티 법무사,3,/센텀여성법무사,30,/센텀법무사,false
센텀시티 법무사,4,/센텀법인등기,27,/센텀법무사,false
센텀시티 법무사,5,/,24,/센텀법무사,false
재송동 법무사,1,/재송동법무사,200,/재송동법무사,true
재송동 법무사,2,/업무사례/부산재송동법무사,36,/재송동법무사,true
재송동 법무사,3,/services/cases/jaesong-inheritance-renunciation-consultation,30,/재송동법무사,true
재송동 법무사,4,/,24,/재송동법무사,true
재송동 법무사,5,/부산법무사비용,24,/재송동법무사,true
반여동 법무사,1,/반여동법무사,209,/반여동법무사,true
반여동 법무사,2,/업무사례/부산반여동법무사,36,/반여동법무사,true
반여동 법무사,3,/,24,/반여동법무사,true
반여동 법무사,4,/부산법무사비용,24,/반여동법무사,true
반여동 법무사,5,/부산법무사보수표,24,/반여동법무사,true
우동 법무사,1,/우동법무사,200,/우동법무사,true
우동 법무사,2,/업무사례/부산우동법무사,36,/우동법무사,true
우동 법무사,3,/송정동법무사,33,/우동법무사,true
우동 법무사,4,/해운대법무사,30,/우동법무사,true
우동 법무사,5,/해운대여성법무사,30,/우동법무사,true
좌동 법무사,1,/좌동법무사,200,/좌동법무사,true
좌동 법무사,2,/업무사례/부산좌동법무사,36,/좌동법무사,true
좌동 법무사,3,/해운대여성법무사,30,/좌동법무사,true
좌동 법무사,4,/,24,/좌동법무사,true
좌동 법무사,5,/해운대구상속포기,24,/좌동법무사,true
연산동 법무사,1,/연산동법무사,203,/연산동법무사,true
연산동 법무사,2,/업무사례/부산연산동법무사,45,/연산동법무사,true
연산동 법무사,3,/연산역법무사,33,/연산동법무사,true
연산동 법무사,4,/연제구법무사,30,/연산동법무사,true
연산동 법무사,5,/,24,/연산동법무사,true
거제동 법무사,1,/거제동법무사,206,/거제동법무사,true
거제동 법무사,2,/업무사례/부산거제동법무사,45,/거제동법무사,true
거제동 법무사,3,/연제구법무사,30,/거제동법무사,true
거제동 법무사,4,/업무사례/부산지방법원법무사,30,/거제동법무사,true
거제동 법무사,5,/,24,/거제동법무사,true
광안동 법무사,1,/광안동법무사,200,/광안동법무사,true
광안동 법무사,2,/업무사례/부산광안동법무사,36,/광안동법무사,true
광안동 법무사,3,/광안리법무사,27,/광안동법무사,true
광안동 법무사,4,/광안역법무사,27,/광안동법무사,true
광안동 법무사,5,/,24,/광안동법무사,true
광안리 법무사,1,/광안리법무사,194,/광안리법무사,true
광안리 법무사,2,/업무사례/부산광안리법무사,36,/광안리법무사,true
광안리 법무사,3,/광안동법무사,33,/광안리법무사,true
광안리 법무사,4,/수영구법무사,27,/광안리법무사,true
광안리 법무사,5,/광안역법무사,27,/광안리법무사,true
민락동 법무사,1,/민락동법무사,200,/민락동법무사,true
민락동 법무사,2,/업무사례/부산민락동법무사,36,/민락동법무사,true
민락동 법무사,3,/,24,/민락동법무사,true
민락동 법무사,4,/수영구법인등기,24,/민락동법무사,true
민락동 법무사,5,/부산법무사비용,24,/민락동법무사,true
망미동 법무사,1,/망미동법무사,206,/망미동법무사,true
망미동 법무사,2,/업무사례/부산망미동법무사,36,/망미동법무사,true
망미동 법무사,3,/,24,/망미동법무사,true
망미동 법무사,4,/부산법무사비용,24,/망미동법무사,true
망미동 법무사,5,/부산법무사보수표,24,/망미동법무사,true
남천동 법무사,1,/남천동법무사,200,/남천동법무사,true
남천동 법무사,2,/업무사례/부산남천동법무사,36,/남천동법무사,true
남천동 법무사,3,/,24,/남천동법무사,true
남천동 법무사,4,/부산법무사비용,24,/남천동법무사,true
남천동 법무사,5,/부산법무사보수표,24,/남천동법무사,true
사직동 법무사,1,/사직동법무사,200,/사직동법무사,true
사직동 법무사,2,/업무사례/부산사직동법무사,36,/사직동법무사,true
사직동 법무사,3,/온천동법무사,33,/사직동법무사,true
사직동 법무사,4,/,24,/사직동법무사,true
사직동 법무사,5,/동래구한정승인,24,/사직동법무사,true
온천동 법무사,1,/온천동법무사,200,/온천동법무사,true
온천동 법무사,2,/업무사례/부산온천동법무사,36,/온천동법무사,true
온천동 법무사,3,/,24,/온천동법무사,true
온천동 법무사,4,/동래구상속등기,24,/온천동법무사,true
온천동 법무사,5,/동래구임원변경등기,24,/온천동법무사,true
명륜동 법무사,1,/업무사례/부산명륜동법무사,36,/동래구법무사,false
명륜동 법무사,2,/,24,/동래구법무사,false
명륜동 법무사,3,/동래구법인등기,24,/동래구법무사,false
명륜동 법무사,4,/부산법무사비용,24,/동래구법무사,false
명륜동 법무사,5,/부산법무사보수표,24,/동래구법무사,false
서면 법무사,1,/서면법무사,203,/서면법무사,true
서면 법무사,2,/서면역법무사,128,/서면법무사,true
서면 법무사,3,/부산진구법무사,36,/서면법무사,true
서면 법무사,4,/부전동법무사,33,/서면법무사,true
서면 법무사,5,/부산진등기소법무사,30,/서면법무사,true
부전동 법무사,1,/부전동법무사,200,/부전동법무사,true
부전동 법무사,2,/업무사례/부산부전동법무사,36,/부전동법무사,true
부전동 법무사,3,/,24,/부전동법무사,true
부전동 법무사,4,/부산법무사비용,24,/부전동법무사,true
부전동 법무사,5,/부산법무사보수표,24,/부전동법무사,true
전포동 법무사,1,/전포동법무사,200,/전포동법무사,true
전포동 법무사,2,/업무사례/부산전포동법무사,36,/전포동법무사,true
전포동 법무사,3,/,24,/전포동법무사,true
전포동 법무사,4,/부산법무사비용,24,/전포동법무사,true
전포동 법무사,5,/부산법무사보수표,24,/전포동법무사,true
대연동 법무사,1,/대연동법무사,200,/대연동법무사,true
대연동 법무사,2,/업무사례/부산대연동법무사,36,/대연동법무사,true
대연동 법무사,3,/,24,/대연동법무사,true
대연동 법무사,4,/부산법무사비용,24,/대연동법무사,true
대연동 법무사,5,/부산법무사보수표,24,/대연동법무사,true
용호동 법무사,1,/용호동법무사,206,/용호동법무사,true
용호동 법무사,2,/업무사례/부산용호동법무사,36,/용호동법무사,true
용호동 법무사,3,/,24,/용호동법무사,true
용호동 법무사,4,/부산법무사비용,24,/용호동법무사,true
용호동 법무사,5,/부산법무사보수표,24,/용호동법무사,true
문현동 법무사,1,/문현동법무사,206,/문현동법무사,true
문현동 법무사,2,/업무사례/부산문현동법무사,36,/문현동법무사,true
문현동 법무사,3,/,24,/문현동법무사,true
문현동 법무사,4,/부산법무사비용,24,/문현동법무사,true
문현동 법무사,5,/부산법무사보수표,24,/문현동법무사,true
덕천동 법무사,1,/덕천동법무사,194,/덕천동법무사,true
덕천동 법무사,2,/업무사례/부산덕천동법무사,36,/덕천동법무사,true
덕천동 법무사,3,/,24,/덕천동법무사,true
덕천동 법무사,4,/북구상속등기,24,/덕천동법무사,true
덕천동 법무사,5,/부산법무사비용,24,/덕천동법무사,true
화명동 법무사,1,/화명동법무사,200,/화명동법무사,true
화명동 법무사,2,/업무사례/부산화명동법무사,36,/화명동법무사,true
화명동 법무사,3,/,24,/화명동법무사,true
화명동 법무사,4,/북구부동산등기,24,/화명동법무사,true
화명동 법무사,5,/부산법무사비용,24,/화명동법무사,true
만덕동 법무사,1,/업무사례/부산만덕동법무사,36,/북구법무사,false
만덕동 법무사,2,/구포동법무사,27,/북구법무사,false
만덕동 법무사,3,/,24,/북구법무사,false
만덕동 법무사,4,/부산법무사비용,24,/북구법무사,false
만덕동 법무사,5,/부산법무사보수표,24,/북구법무사,false
부산 강의 문의,1,/강의문의,158,/강의문의,true
부산 강의 문의,2,/부산역부동산등기,36,/강의문의,true
부산 강의 문의,3,/업무사례/부산초량동법무사,33,/강의문의,true
부산 강의 문의,4,/업무사례/부산수정동법무사,33,/강의문의,true
부산 강의 문의,5,/업무사례/부산좌천동법무사,33,/강의문의,true
