url,title,h1,canonical,robots,incoming,fingerprint
/,부산 법무사 안윤정 | 다옴법무사사무소,부산 법무사 안윤정,/,index,55,5e6c73b96e9700d6
/부산법무사상담,부산 법무사 상담 | 준비서류·비용·상담방법,부산 법무사 상담,/부산법무사상담,index,295,d4018952564ba62d
/부산법무사추천,부산 법무사 추천 | 상담 전 확인할 7가지 기준,"부산 법무사 추천, 어떤 기준으로 선택해야 할까",/부산법무사추천,index,69,7a4f9a51a681de86
/부산법무사비용,부산 법무사 비용은 어떻게 정해질까｜보수·세금·공과금을 구분해서 확인하세요,부산 법무사 비용은 어떻게 정해질까,/부산법무사비용,index,111,439866e3d58090df
/부산상속법무사,부산 상속 법무사 | 등기·포기·한정승인 먼저 확인,"부산 상속 법무사, 등기·포기·한정승인 중 무엇부터 볼까",/부산상속법무사,index,554,d7b7071286704117
/부산상속등기,부산 상속등기 법무사｜상속인 구성에 따라 달라지는 서류와 진행 순서,"부산 상속등기 법무사, 명의이전 서류와 진행 순서",/부산상속등기,index,1191,0e1fba322ca2c7ea
/부산상속포기,부산 상속포기 법무사｜3개월 기한과 후순위 상속 효과를 먼저 확인,"부산 상속포기 법무사, 기한과 후순위부터 확인하세요",/부산상속포기,index,209,fd547ce5092dac79
/부산한정승인,부산 한정승인 법무사｜상속채무가 걱정될 때 3개월 안에 확인할 절차,"부산 한정승인 법무사, 상속채무가 불확실할 때 먼저 볼 기준",/부산한정승인,index,186,fcdea960f0c405e2
/부산등기법무사,부산 등기 법무사 | 부동산·상속·법인등기 상담 - 다옴법무사사무소,"부산 등기 법무사, 어떤 등기부터 준비해야 할까요?",/부산등기법무사,index,788,ff04708af7becf0f
/부산법인법무사,부산 법무사 법인 업무｜비용·절차·준비서류 총정리,"부산 법인 업무, 설립부터 변경·해산까지 한 번에 확인하기",/부산법인법무사,index,224,296403e1826a5304
/부산법인등기,부산 법인등기 법무사｜임원·본점·사업목적 변경을 놓치지 않으려면,"부산 법인등기 법무사, 설립부터 임원·본점 변경까지",/부산법인등기,index,1176,a86d2fb009a3e2c5
/부산개인회생법무사,부산 개인회생 법무사｜소득·채무·재산으로 보는 신청 가능성,"부산 개인회생 법무사, 소득·채무·재산으로 신청 가능성 보기",/부산개인회생법무사,index,14,12681ae0148eb503
/연제구법무사,연제구 법무사 | 연산동·거제동 상속·등기 상담,"연제구 법무사 상담, 연산동·거제동에서 어떤 업무를 맡길 수 있을까요?",/연제구법무사,index,43,04c2d8ffe2079ae3
/센텀법무사,센텀 법무사 | 법인설립·임원변경·등기 상담,"센텀 법무사, 법인설립·임원변경·본점이전을 어디서부터 볼까",/센텀법무사,index,742,4e79a35826a30877
/해운대법무사,해운대 법무사 | 센텀·재송·우동 부동산·상속 상담,"해운대 법무사, 센텀·재송·우동에서 맡길 수 있는 업무",/해운대법무사,index,778,28ce06bbf02c8d6b
/강의문의,부산 강의 문의 | 특강·출강 안내,부산 강의·특강 문의,/강의문의,index,44,ebf56519f2f2c6c5
