url,route_type,topic_cluster,indexable,canonical,in_sitemap
/,home,CORE,true,/,true
/,core,CORE,true,/,false
/about,core,OTHER,true,/about,false
/office,core,OTHER,true,/office,false
/services,core,OTHER,true,/services,false
/blog,core,OTHER,true,/blog,false
/reviews,core,OTHER,true,/reviews,false
/faq,core,OTHER,true,/faq,false
/공지사항,core,OTHER,true,/공지사항,false
/media,core,OTHER,true,/media,false
/contact,core,OTHER,true,/contact,false
/location,core,OTHER,true,/location,false
/search-guides,core,OTHER,true,/search-guides,false
/contact/inquiry,core,OTHER,true,/contact/inquiry,false
/개인정보처리방침,core,OTHER,true,/개인정보처리방침,false
/이용약관,core,OTHER,true,/이용약관,false
/자가진단,diagnosis,OTHER,true,/자가진단,false
/상속등기자가진단,diagnosis,OTHER,true,/상속등기자가진단,false
/상속포기자가진단,diagnosis,OTHER,true,/상속포기자가진단,false
/한정승인자가진단,diagnosis,OTHER,true,/한정승인자가진단,false
/법인등기자가진단,diagnosis,OTHER,true,/법인등기자가진단,false
/법인설립자가진단,diagnosis,OTHER,true,/법인설립자가진단,false
/임원변경등기자가진단,diagnosis,OTHER,true,/임원변경등기자가진단,false
/부동산등기자가진단,diagnosis,OTHER,true,/부동산등기자가진단,false
/소유권이전등기자가진단,diagnosis,OTHER,true,/소유권이전등기자가진단,false
/개인회생자가진단,diagnosis,OTHER,true,/개인회생자가진단,false
/개인파산자가진단,diagnosis,OTHER,true,/개인파산자가진단,false
/전세보증금자가진단,diagnosis,OTHER,true,/전세보증금자가진단,false
/임차권등기명령자가진단,diagnosis,OTHER,true,/임차권등기명령자가진단,false
/지급명령자가진단,diagnosis,OTHER,true,/지급명령자가진단,false
/내용증명자가진단,diagnosis,OTHER,true,/내용증명자가진단,false
/공탁자가진단,diagnosis,OTHER,true,/공탁자가진단,false
/성년후견자가진단,diagnosis,OTHER,true,/성년후견자가진단,false
/특별대리인자가진단,diagnosis,OTHER,true,/특별대리인자가진단,false
/선박등기자가진단,diagnosis,OTHER,true,/선박등기자가진단,false
/부산상속등기,local,CORE,true,/부산상속등기,false
/부산상속포기,local,CORE,true,/부산상속포기,false
/부산한정승인,local,CORE,true,/부산한정승인,false
/부산법인설립등기,local,LOCAL,true,/부산법인설립등기,false
/부산임원변경등기,local,LOCAL,true,/부산임원변경등기,false
/부산부동산등기,local,LOCAL,true,/부산부동산등기,false
/부산법인등기,local,LOCAL,true,/부산법인등기,false
/부산소유권이전등기,local,LOCAL,true,/부산소유권이전등기,false
/부산개인회생,local,LOCAL,true,/부산개인회생,false
/부산파산,local,LOCAL,true,/부산파산,false
/해운대구상속등기,local,LOCAL,true,/해운대구상속등기,false
/해운대구상속포기,local,LOCAL,true,/해운대구상속포기,false
/해운대구한정승인,local,LOCAL,true,/해운대구한정승인,false
/해운대구법인등기,local,LOCAL,true,/해운대구법인등기,false
/해운대구부동산등기,local,LOCAL,true,/해운대구부동산등기,false
/연제구상속등기,local,LOCAL,true,/연제구상속등기,false
/연제구상속포기,local,LOCAL,true,/연제구상속포기,false
/연제구법인등기,local,LOCAL,true,/연제구법인등기,false
/연제구임원변경등기,local,LOCAL,true,/연제구임원변경등기,false
/수영구상속등기,local,LOCAL,true,/수영구상속등기,false
/수영구부동산등기,local,LOCAL,true,/수영구부동산등기,false
/수영구법인등기,local,LOCAL,true,/수영구법인등기,false
/수영구개인회생,local,LOCAL,true,/수영구개인회생,false
/동래구상속등기,local,LOCAL,true,/동래구상속등기,false
/동래구법인등기,local,LOCAL,true,/동래구법인등기,false
/동래구한정승인,local,LOCAL,true,/동래구한정승인,false
/동래구임원변경등기,local,LOCAL,true,/동래구임원변경등기,false
/기장군상속등기,local,LOCAL,true,/기장군상속등기,false
/기장군상속포기,local,LOCAL,true,/기장군상속포기,false
/기장군한정승인,local,LOCAL,true,/기장군한정승인,false
/기장군법인등기,local,LOCAL,true,/기장군법인등기,false
/기장군부동산등기,local,LOCAL,true,/기장군부동산등기,false
/북구상속등기,local,LOCAL,true,/북구상속등기,false
/북구부동산등기,local,LOCAL,true,/북구부동산등기,false
/북구개인회생,local,LOCAL,true,/북구개인회생,false
/북구상속포기,local,LOCAL,true,/북구상속포기,false
/사상구상속등기,local,LOCAL,true,/사상구상속등기,false
/사상구부동산등기,local,LOCAL,true,/사상구부동산등기,false
/사상구상속포기,local,LOCAL,true,/사상구상속포기,false
/사상구개인회생,local,LOCAL,true,/사상구개인회생,false
/금정구상속등기,local,LOCAL,true,/금정구상속등기,false
/금정구한정승인,local,LOCAL,true,/금정구한정승인,false
/금정구부동산등기,local,LOCAL,true,/금정구부동산등기,false
/센텀법인설립등기,local,LOCAL,true,/센텀법인설립등기,false
/센텀임원변경등기,local,LOCAL,true,/센텀임원변경등기,false
/센텀부동산등기,local,LOCAL,true,/센텀부동산등기,false
/해운대구법인설립등기,local,LOCAL,true,/해운대구법인설립등기,false
/해운대구임원변경등기,local,LOCAL,true,/해운대구임원변경등기,false
/연제구부동산등기,local,LOCAL,true,/연제구부동산등기,false
/연제구한정승인,local,LOCAL,true,/연제구한정승인,false
/수영구상속포기,local,LOCAL,true,/수영구상속포기,false
/동래구부동산등기,local,LOCAL,true,/동래구부동산등기,false
/사하구부동산등기,local,LOCAL,true,/사하구부동산등기,false
/서구부동산등기,local,LOCAL,true,/서구부동산등기,false
/영도구부동산등기,local,LOCAL,true,/영도구부동산등기,false
/부산법무사,local,CORE,true,/부산법무사,false
/해운대법무사,local,LOCAL,true,/해운대법무사,false
/센텀법무사,local,LOCAL,true,/센텀법무사,false
/재송동법무사,local,LOCAL,true,/재송동법무사,false
/반여동법무사,local,LOCAL,true,/반여동법무사,false
/수영구법무사,local,LOCAL,true,/수영구법무사,false
/연제구법무사,local,LOCAL,true,/연제구법무사,false
/동래구법무사,local,LOCAL,true,/동래구법무사,false
/부산진구법무사,local,LOCAL,true,/부산진구법무사,false
/남구법무사,local,LOCAL,true,/남구법무사,false
/금정구법무사,local,LOCAL,true,/금정구법무사,false
/북구법무사,local,LOCAL,true,/북구법무사,false
/기장군법무사,local,LOCAL,true,/기장군법무사,false
/사상구법무사,local,LOCAL,true,/사상구법무사,false
/사하구법무사,local,LOCAL,true,/사하구법무사,false
/중구법무사,local,LOCAL,true,/중구법무사,false
/서구법무사,local,LOCAL,true,/서구법무사,false
/영도구법무사,local,LOCAL,true,/영도구법무사,false
/강서구법무사,local,LOCAL,true,/강서구법무사,false
/동구법무사,local,LOCAL,true,/동구법무사,false
/부산법무사비용,cost,OTHER,true,/부산법무사비용,false
/부산법무사보수표,cost,OTHER,true,/부산법무사보수표,false
/상속등기비용,cost,OTHER,true,/상속등기비용,false
/상속포기비용,cost,OTHER,true,/상속포기비용,false
/한정승인비용,cost,OTHER,true,/한정승인비용,false
/법인설립등기비용,cost,OTHER,true,/법인설립등기비용,false
/임원변경등기과태료,cost,OTHER,true,/임원변경등기과태료,false
/소유권이전등기서류,cost,OTHER,true,/소유권이전등기서류,false
/상속등기필요서류,cost,OTHER,true,/상속등기필요서류,false
/상속등기기간,cost,OTHER,true,/상속등기기간,false
/부산지방법원법무사,court,LOCAL,true,/부산지방법원법무사,false
/부산지방법원등기국,court,OTHER,true,/부산지방법원등기국,false
/부산지방법원동부지원법무사,court,LOCAL,true,/부산지방법원동부지원법무사,false
/부산지방법원동부지원등기과,court,OTHER,true,/부산지방법원동부지원등기과,false
/부산회생법원법무사,court,LOCAL,true,/부산회생법원법무사,false
/부산가정법원상속,court,OTHER,true,/부산가정법원상속,false
/남부산등기소법무사,court,LOCAL,true,/남부산등기소법무사,false
/북부산등기소법무사,court,LOCAL,true,/북부산등기소법무사,false
/중부산등기소법무사,court,LOCAL,true,/중부산등기소법무사,false
/부산진등기소법무사,court,LOCAL,true,/부산진등기소법무사,false
/센텀법인등기,businessDistrict,OTHER,true,/센텀법인등기,false
/문현금융단지법인등기,businessDistrict,OTHER,true,/문현금융단지법인등기,false
/부산국제금융센터법인등기,businessDistrict,OTHER,true,/부산국제금융센터법인등기,false
/명지국제신도시법인등기,businessDistrict,OTHER,true,/명지국제신도시법인등기,false
/에코델타시티법인등기,businessDistrict,OTHER,true,/에코델타시티법인등기,false
/정관법인등기,businessDistrict,OTHER,true,/정관법인등기,false
/명례산업단지법인등기,businessDistrict,OTHER,true,/명례산업단지법인등기,false
/부산재개발등기,realEstate,OTHER,true,/부산재개발등기,false
/부산재건축등기,realEstate,OTHER,true,/부산재건축등기,false
/부산신축아파트소유권이전등기,realEstate,OTHER,true,/부산신축아파트소유권이전등기,false
/부산오피스텔소유권이전등기,realEstate,OTHER,true,/부산오피스텔소유권이전등기,false
/부산상가등기,realEstate,OTHER,true,/부산상가등기,false
/부산토지상속등기,realEstate,OTHER,true,/부산토지상속등기,false
/기장토지상속등기,realEstate,OTHER,true,/기장토지상속등기,false
/해운대재개발상속등기,realEstate,OTHER,true,/해운대재개발상속등기,false
/부산개인파산,local,LOCAL,true,/부산개인파산,false
/부산등기법무사,local,LOCAL,true,/부산등기법무사,false
/부산부동산등기법무사,local,LOCAL,true,/부산부동산등기법무사,false
/부산상속법무사,local,CORE,true,/부산상속법무사,false
/부산법인법무사,local,LOCAL,true,/부산법인법무사,false
/부산기업법무사,local,LOCAL,true,/부산기업법무사,false
/부산스타트업법무사,local,LOCAL,true,/부산스타트업법무사,false
/부산상속재산분할법무사,local,LOCAL,true,/부산상속재산분할법무사,false
/부산법인등기비용,local,LOCAL,true,/부산법인등기비용,false
/부산근저당설정등기,local,LOCAL,true,/부산근저당설정등기,false
/부산근저당말소등기,local,LOCAL,true,/부산근저당말소등기,false
/부산전세권설정등기,local,LOCAL,true,/부산전세권설정등기,false
/부산전세권말소등기,local,LOCAL,true,/부산전세권말소등기,false
/부산신축건물보존등기,local,LOCAL,true,/부산신축건물보존등기,false
/공공기관등기업무,local,LOCAL,true,/공공기관등기업무,false
/부산법무사추천,local,CORE,true,/부산법무사추천,false
/부산등기법무사추천,local,LOCAL,true,/부산등기법무사추천,false
/부산상속등기전문,local,LOCAL,true,/부산상속등기전문,false
/부산부동산등기전문,local,LOCAL,true,/부산부동산등기전문,false
/부산법인등기전문,local,LOCAL,true,/부산법인등기전문,false
/부산법무사상담,local,CORE,true,/부산법무사상담,false
/부산법무사후기,local,LOCAL,true,/부산법무사후기,false
/부산법무사비교,local,LOCAL,true,/부산법무사비교,false
/부산법무사무소,local,LOCAL,true,/부산법무사무소,false
/부산법무사서류준비,local,LOCAL,true,/부산법무사서류준비,false
/부산법무사방문상담,local,LOCAL,true,/부산법무사방문상담,false
/부산법무사비대면상담,local,LOCAL,true,/부산법무사비대면상담,false
/부산상속법무사추천,local,LOCAL,true,/부산상속법무사추천,false
/부산개인회생법무사추천,local,LOCAL,true,/부산개인회생법무사추천,false
/부산개인파산법무사추천,local,LOCAL,true,/부산개인파산법무사추천,false
/부산법무사수임료,local,LOCAL,true,/부산법무사수임료,false
/부산법무사보수,local,LOCAL,true,/부산법무사보수,false
/부산법무사잘하는곳,local,LOCAL,true,/부산법무사잘하는곳,false
/부산등기전문법무사,local,LOCAL,true,/부산등기전문법무사,false
/부산상속전문법무사,local,LOCAL,false,/부산상속법무사,false
/부산법인전문법무사,local,LOCAL,true,/부산법인전문법무사,false
/부산부동산등기전문법무사,local,LOCAL,true,/부산부동산등기전문법무사,false
/부산개인회생전문법무사,local,LOCAL,true,/부산개인회생전문법무사,false
/부산개인파산전문법무사,local,LOCAL,true,/부산개인파산전문법무사,false
/부산근저당전문법무사,local,LOCAL,true,/부산근저당전문법무사,false
/부산전세전문법무사,local,LOCAL,true,/부산전세전문법무사,false
/부산임원변경전문법무사,local,LOCAL,true,/부산임원변경전문법무사,false
/부산매매등기전문법무사,local,LOCAL,true,/부산매매등기전문법무사,false
/부산소유권이전전문법무사,local,LOCAL,true,/부산소유권이전전문법무사,false
/부산한정승인전문법무사,local,LOCAL,false,/부산한정승인,false
/부산회생전문법무사,local,LOCAL,true,/부산회생전문법무사,false
/부산파산전문법무사,local,LOCAL,true,/부산파산전문법무사,false
/부산면책전문법무사,local,LOCAL,true,/부산면책전문법무사,false
/부산상속포기전문법무사,local,LOCAL,false,/부산상속포기,false
/부산상속등기전문법무사,local,LOCAL,false,/부산상속등기,false
/부산증여등기전문법무사,local,LOCAL,true,/부산증여등기전문법무사,false
/부산법인설립전문법무사,local,LOCAL,true,/부산법인설립전문법무사,false
/부산부동산전문법무사,local,LOCAL,true,/부산부동산전문법무사,false
/부산개인회생법무사,local,LOCAL,true,/부산개인회생법무사,false
/부산개인파산법무사,local,LOCAL,true,/부산개인파산법무사,false
/부산회생법무사,local,LOCAL,true,/부산회생법무사,false
/부산파산법무사,local,LOCAL,true,/부산파산법무사,false
/부산등기복대리,local,LOCAL,true,/부산등기복대리,false
/복대리등기,local,LOCAL,true,/복대리등기,false
/등기복대리,local,LOCAL,true,/등기복대리,false
/부산집단등기,local,LOCAL,true,/부산집단등기,false
/집단등기,local,LOCAL,true,/집단등기,false
/아파트집단등기,local,LOCAL,true,/아파트집단등기,false
/오피스텔집단등기,local,LOCAL,true,/오피스텔집단등기,false
/신축집단등기,local,LOCAL,true,/신축집단등기,false
/법무사수임료,local,LOCAL,true,/법무사수임료,false
/법무사비용,local,LOCAL,true,/법무사비용,false
/법무사보수,local,LOCAL,true,/법무사보수,false
/등기비용,local,LOCAL,true,/등기비용,false
/등록면허세,local,LOCAL,true,/등록면허세,false
/국민주택채권,local,LOCAL,true,/국민주택채권,false
/취득세,local,LOCAL,true,/취득세,false
/등기신청대행,local,LOCAL,true,/등기신청대행,false
/전자등기,local,LOCAL,true,/전자등기,false
/전자신청,local,LOCAL,true,/전자신청,false
/등기소제출,local,LOCAL,true,/등기소제출,false
/등기보정,local,LOCAL,true,/등기보정,false
/등기완료기간,local,LOCAL,true,/등기완료기간,false
/등기접수,local,LOCAL,true,/등기접수,false
/등기처리기간,local,LOCAL,true,/등기처리기간,false
/부산개인회생상담,local,LOCAL,true,/부산개인회생상담,false
/부산개인회생신청,local,LOCAL,true,/부산개인회생신청,false
/부산파산신청,local,LOCAL,true,/부산파산신청,false
/부산개인파산상담,local,LOCAL,true,/부산개인파산상담,false
/부산면책신청,local,LOCAL,true,/부산면책신청,false
/부산회생상담,local,LOCAL,true,/부산회생상담,false
/법무사상담전준비,local,LOCAL,true,/법무사상담전준비,false
/법무사방문전준비,local,LOCAL,true,/법무사방문전준비,false
/등기준비서류,local,LOCAL,true,/등기준비서류,false
/등기얼마나걸리나요,local,LOCAL,true,/등기얼마나걸리나요,false
/등기언제끝나나요,local,LOCAL,true,/등기언제끝나나요,false
/등기어디서하나요,local,LOCAL,true,/등기어디서하나요,false
/등기소어디인가요,local,LOCAL,true,/등기소어디인가요,false
/법무사맡기면달라지는점,local,LOCAL,true,/법무사맡기면달라지는점,false
/공공기관법인등기,local,LOCAL,true,/공공기관법인등기,false
/공공기관부동산등기,local,LOCAL,true,/공공기관부동산등기,false
/공기업등기,local,LOCAL,true,/공기업등기,false
/촉탁등기,local,LOCAL,true,/촉탁등기,false
/공공기관촉탁등기,local,LOCAL,true,/공공기관촉탁등기,false
/지방공기업등기,local,LOCAL,true,/지방공기업등기,false
/공공기관이전등기,local,LOCAL,true,/공공기관이전등기,false
/신축보존등기,local,LOCAL,true,/신축보존등기,false
/건물보존등기,local,LOCAL,true,/건물보존등기,false
/집합건물보존등기,local,LOCAL,true,/집합건물보존등기,false
/오피스텔보존등기,local,LOCAL,true,/오피스텔보존등기,false
/상가보존등기,local,LOCAL,true,/상가보존등기,false
/건축주준비서류,local,LOCAL,true,/건축주준비서류,false
/사용승인후등기,local,LOCAL,true,/사용승인후등기,false
/상속등기실수모음,local,LOCAL,true,/상속등기실수모음,false
/법인등기실수모음,local,LOCAL,true,/법인등기실수모음,false
/개인회생실수모음,local,LOCAL,true,/개인회생실수모음,false
/부동산등기실수모음,local,LOCAL,true,/부동산등기실수모음,false
/집단등기실수모음,local,LOCAL,true,/집단등기실수모음,false
/상속등기체크리스트,local,LOCAL,true,/상속등기체크리스트,false
/법인등기체크리스트,local,LOCAL,true,/법인등기체크리스트,false
/개인회생체크리스트,local,LOCAL,true,/개인회생체크리스트,false
/부동산등기체크리스트,local,LOCAL,true,/부동산등기체크리스트,false
/신축보존등기체크리스트,local,LOCAL,true,/신축보존등기체크리스트,false
/왜상속등기비용이다를까,local,LOCAL,true,/왜상속등기비용이다를까,false
/왜법인등기비용이다를까,local,LOCAL,true,/왜법인등기비용이다를까,false
/왜개인회생비용이다를까,local,LOCAL,true,/왜개인회생비용이다를까,false
/등기실무,local,LOCAL,true,/등기실무,false
/특수등기의뢰,local,LOCAL,true,/특수등기의뢰,false
/법무사협업,local,LOCAL,true,/법무사협업,false
/부산잔금일법무사,local,LOCAL,true,/부산잔금일법무사,false
/부산매매등기법무사,local,LOCAL,true,/부산매매등기법무사,false
/부산증여등기,local,LOCAL,true,/부산증여등기,false
/부산부모자녀아파트증여등기,local,LOCAL,true,/부산부모자녀아파트증여등기,false
/부산부부간증여등기,local,LOCAL,true,/부산부부간증여등기,false
/부산부담부증여등기,local,LOCAL,true,/부산부담부증여등기,false
/부산공동명의지분증여등기,local,LOCAL,true,/부산공동명의지분증여등기,false
/부산명의변경등기,local,LOCAL,true,/부산명의변경등기,false
/부산아파트매매등기,local,LOCAL,true,/부산아파트매매등기,false
/부산전세보증금반환법무사,local,LOCAL,true,/부산전세보증금반환법무사,false
/부산임차권등기명령,local,LOCAL,true,/부산임차권등기명령,false
/부산매수인법무사,local,LOCAL,true,/부산매수인법무사,false
/부산경매낙찰등기,local,LOCAL,true,/부산경매낙찰등기,false
/부산공동명의등기,local,LOCAL,true,/부산공동명의등기,false
/부산지분이전등기,local,LOCAL,true,/부산지분이전등기,false
/부산이혼재산분할등기,local,LOCAL,true,/부산이혼재산분할등기,false
/부산입주등기,local,LOCAL,true,/부산입주등기,false
/부산셀프등기,local,LOCAL,true,/부산셀프등기,false
/부산등기권리증분실,local,LOCAL,true,/부산등기권리증분실,false
/부산빌라매매등기,local,LOCAL,true,/부산빌라매매등기,false
/부산오피스텔매매등기,local,LOCAL,true,/부산오피스텔매매등기,false
/부산상가매매등기,local,LOCAL,true,/부산상가매매등기,false
/부산토지매매등기,local,LOCAL,true,/부산토지매매등기,false
/부산가압류말소등기,local,LOCAL,true,/부산가압류말소등기,false
/부산압류말소등기,local,LOCAL,true,/부산압류말소등기,false
/부산중도금대출근저당,local,LOCAL,true,/부산중도금대출근저당,false
/부산잔금대출근저당,local,LOCAL,true,/부산잔금대출근저당,false
/부산상속후매매등기,local,LOCAL,true,/부산상속후매매등기,false
/부산확정일자전세권비교,local,LOCAL,true,/부산확정일자전세권비교,false
/부산외국인부동산등기,local,LOCAL,true,/부산외국인부동산등기,false
/부산등기명의인표시변경,local,LOCAL,true,/부산등기명의인표시변경,false
/부산공매낙찰등기,local,LOCAL,true,/부산공매낙찰등기,false
/부산신탁등기,local,LOCAL,true,/부산신탁등기,false
/부모님사망후해야할일,local,LOCAL,true,/부모님사망후해야할일,false
/장례후재산채무정리,local,LOCAL,true,/장례후재산채무정리,false
/사망신고와상속등기차이,local,LOCAL,true,/사망신고와상속등기차이,false
/안심상속원스톱서비스이후,local,LOCAL,true,/안심상속원스톱서비스이후,false
/사망자재산채무조회,local,LOCAL,true,/사망자재산채무조회,false
/부모빚상속방법,local,LOCAL,true,/부모빚상속방법,false
/방문없이준비하는상속등기,local,LOCAL,true,/방문없이준비하는상속등기,false
/상속상담전준비서류와비용,local,LOCAL,true,/상속상담전준비서류와비용,false
/오래된상속토지정리,local,LOCAL,true,/오래된상속토지정리,false
/연락두절상속인,local,LOCAL,true,/연락두절상속인,false
/미성년상속인,local,LOCAL,true,/미성년상속인,false
/재혼가정상속,local,LOCAL,true,/재혼가정상속,false
/고인계좌장례비사용,local,LOCAL,true,/고인계좌장례비사용,false
/사망후3개월지난상속,local,LOCAL,true,/사망후3개월지난상속,false
/해외거주상속인,local,LOCAL,true,/해외거주상속인,false
/임대인사망전세계약,local,LOCAL,true,/임대인사망전세계약,false
/경상도비대면상속등기,local,LOCAL,true,/경상도비대면상속등기,false
/타지역상속인경상도부동산,local,LOCAL,true,/타지역상속인경상도부동산,false
/방문없이준비하는법무사업무,local,LOCAL,true,/방문없이준비하는법무사업무,false
/상속인이여러지역에있는경우,local,LOCAL,true,/상속인이여러지역에있는경우,false
/부동산과거주지가다른상속등기,local,LOCAL,true,/부동산과거주지가다른상속등기,false
/방문없이준비하는상속포기한정승인,local,LOCAL,true,/방문없이준비하는상속포기한정승인,false
/사진전자파일우편으로서류전달,local,LOCAL,true,/사진전자파일우편으로서류전달,false
/법무사비용먼저확인하는방법,local,LOCAL,true,/법무사비용먼저확인하는방법,false
/방문없이준비하는법인설립,local,LOCAL,true,/방문없이준비하는법인설립,false
/방문없이준비하는임원변경,local,LOCAL,true,/방문없이준비하는임원변경,false
/해외대표이사주주법인등기,local,LOCAL,true,/해외대표이사주주법인등기,false
/부모자녀다른지역증여등기,local,LOCAL,true,/부모자녀다른지역증여등기,false
/방문없이준비하는근저당말소,local,LOCAL,true,/방문없이준비하는근저당말소,false
/이사후임차권등기명령준비,local,LOCAL,true,/이사후임차권등기명령준비,false
/방문없이준비하는지급명령서류,local,LOCAL,true,/방문없이준비하는지급명령서류,false
/사업자폐업후법인정리,local,LOCAL,true,/사업자폐업후법인정리,false
/등기권리증없이소유권이전,local,LOCAL,true,/등기권리증없이소유권이전,false
/해외서류가필요한증여등기,local,LOCAL,true,/해외서류가필요한증여등기,false
/방문없이준비하는부담부증여,local,LOCAL,true,/방문없이준비하는부담부증여,false
/방문없이준비하는전세권말소,local,LOCAL,true,/방문없이준비하는전세권말소,false
/공유물분할등기서류준비,local,LOCAL,true,/공유물분할등기서류준비,false
/가압류신청서류준비,local,LOCAL,true,/가압류신청서류준비,false
/내용증명작성준비,local,LOCAL,true,/내용증명작성준비,false
/방문없이준비하는유상증자,local,LOCAL,true,/방문없이준비하는유상증자,false
/휴면법인계속등기준비,local,LOCAL,true,/휴면법인계속등기준비,false
/제주타지역상속인부동산,local,LOCAL,true,/제주타지역상속인부동산,false
/가처분신청서류준비,local,LOCAL,true,/가처분신청서류준비,false
/채권압류추심서류준비,local,LOCAL,true,/채권압류추심서류준비,false
/변제공탁서류준비,local,LOCAL,true,/변제공탁서류준비,false
/이혼재산분할등기서류준비,local,LOCAL,true,/이혼재산분할등기서류준비,false
/압류말소등기서류준비,local,LOCAL,true,/압류말소등기서류준비,false
/상속등기후매매서류준비,local,LOCAL,true,/상속등기후매매서류준비,false
/특별한정승인,local,LOCAL,true,/특별한정승인,false
/대습상속등기,local,LOCAL,true,/대습상속등기,false
/유류분과상속등기,local,LOCAL,true,/유류분과상속등기,false
/상속취득세와등기순서,local,LOCAL,true,/상속취득세와등기순서,false
/신용회복과개인회생차이,local,LOCAL,true,/신용회복과개인회생차이,false
/전세사기피해대응절차,local,LOCAL,true,/전세사기피해대응절차,false
/분양권명의이전등기,local,LOCAL,true,/분양권명의이전등기,false
/지급명령이의신청준비,local,LOCAL,true,/지급명령이의신청준비,false
/해산간주확인절차,local,LOCAL,true,/해산간주확인절차,false
/등기신청반려와보정,local,LOCAL,true,/등기신청반려와보정,false
/상속재산분할협의서준비,local,LOCAL,true,/상속재산분할협의서준비,false
/대표이사한명만남는경우,local,LOCAL,true,/대표이사한명만남는경우,false
/경매낙찰후전세권확인,local,LOCAL,true,/경매낙찰후전세권확인,false
/본점이전후사업자등록순서,local,LOCAL,true,/본점이전후사업자등록순서,false
/상속포기후다음순위확인,local,LOCAL,true,/상속포기후다음순위확인,false
/부산가등기,local,LOCAL,true,/부산가등기,false
/부산유언검인,local,LOCAL,true,/부산유언검인,false
/부동산실권리자명의등기,local,LOCAL,true,/부동산실권리자명의등기,false
/부산경매권리분석,local,LOCAL,true,/부산경매권리분석,false
/부산개명허가,local,LOCAL,true,/부산개명허가,false
/부산재산명시,local,LOCAL,true,/부산재산명시,false
/부산부재자재산관리인,local,LOCAL,true,/부산부재자재산관리인,false
/부산상속재산관리인,local,LOCAL,true,/부산상속재산관리인,false
/등기관할과사무소위치,local,LOCAL,true,/등기관할과사무소위치,false
/상담,local,LOCAL,true,/상담,false
/1분간편상담,local,LOCAL,true,/1분간편상담,false
/법무사상담,local,LOCAL,true,/법무사상담,false
/상속등기상담,local,LOCAL,true,/상속등기상담,false
/상속포기상담,local,LOCAL,true,/상속포기상담,false
/한정승인상담,local,LOCAL,true,/한정승인상담,false
/부동산등기상담,local,LOCAL,true,/부동산등기상담,false
/법인등기상담,local,LOCAL,true,/법인등기상담,false
/전세보증금상담,local,LOCAL,true,/전세보증금상담,false
/개인회생상담,local,LOCAL,true,/개인회생상담,false
/등기서류상담,local,LOCAL,true,/등기서류상담,false
/무슨법률업무인지모를때,local,LOCAL,true,/무슨법률업무인지모를때,false
/서류가없어도상담가능,local,LOCAL,true,/서류가없어도상담가능,false
/전화가어려울때법률상담,local,LOCAL,true,/전화가어려울때법률상담,false
/부산역법무사,local,LOCAL,true,/부산역법무사,false
/서면법무사,local,LOCAL,true,/서면법무사,false
/광안리법무사,local,LOCAL,true,/광안리법무사,false
/동래역법무사,local,LOCAL,true,/동래역법무사,false
/연산동법무사,local,LOCAL,true,/연산동법무사,false
/남천동법무사,local,LOCAL,true,/남천동법무사,false
/대연동법무사,local,LOCAL,true,/대연동법무사,false
/덕천동법무사,local,LOCAL,true,/덕천동법무사,false
/명지법무사,local,LOCAL,true,/명지법무사,false
/정관법무사,local,LOCAL,true,/정관법무사,false
/사상법무사,local,LOCAL,true,/사상법무사,false
/하단법무사,local,LOCAL,true,/하단법무사,false
/우동법무사,local,LOCAL,true,/우동법무사,false
/좌동법무사,local,LOCAL,true,/좌동법무사,false
/사직동법무사,local,LOCAL,true,/사직동법무사,false
/화명동법무사,local,LOCAL,true,/화명동법무사,false
/부곡동법무사,local,LOCAL,true,/부곡동법무사,false
/거제동법무사,local,LOCAL,true,/거제동법무사,false
/전포동법무사,local,LOCAL,true,/전포동법무사,false
/문현동법무사,local,LOCAL,true,/문현동법무사,false
/용호동법무사,local,LOCAL,true,/용호동법무사,false
/망미동법무사,local,LOCAL,true,/망미동법무사,false
/일광읍법무사,local,LOCAL,true,/일광읍법무사,false
/남포동법무사,local,LOCAL,true,/남포동법무사,false
/초량동법무사,local,LOCAL,true,/초량동법무사,false
/범일동법무사,local,LOCAL,true,/범일동법무사,false
/구포동법무사,local,LOCAL,true,/구포동법무사,false
/다대동법무사,local,LOCAL,true,/다대동법무사,false
/괴정동법무사,local,LOCAL,true,/괴정동법무사,false
/개금동법무사,local,LOCAL,true,/개금동법무사,false
/안락동법무사,local,LOCAL,true,/안락동법무사,false
/구서동법무사,local,LOCAL,true,/구서동법무사,false
/반송동법무사,local,LOCAL,true,/반송동법무사,false
/주례동법무사,local,LOCAL,true,/주례동법무사,false
/동삼동법무사,local,LOCAL,true,/동삼동법무사,false
/우암동법무사,local,LOCAL,true,/우암동법무사,false
/기장읍법무사,local,LOCAL,true,/기장읍법무사,false
/연지동법무사,local,LOCAL,true,/연지동법무사,false
/오시리아법무사,local,LOCAL,true,/오시리아법무사,false
/부산법률전문가,local,LECTURE,true,/부산법률전문가,false
/법률강의,local,LECTURE,true,/법률강의,false
/부산법률강사,local,LECTURE,true,/부산법률강사,false
/전세사기예방교육,local,LECTURE,true,/전세사기예방교육,false
/청년생활법률특강,local,LECTURE,true,/청년생활법률특강,false
/창업법률교육,local,LECTURE,true,/창업법률교육,false
/기업법률교육,local,LECTURE,true,/기업법률교육,false
/강사소개,local,LECTURE,true,/강사소개,false
/강의문의,local,LECTURE,true,/강의문의,false
/디지털법률교육,local,LECTURE,true,/디지털법률교육,false
/학교법률교육,local,LECTURE,true,/학교법률교육,false
/공공기관법률교육,local,LECTURE,true,/공공기관법률교육,false
/법무사진로특강,local,LECTURE,true,/법무사진로특강,false
/부산도서관법률특강,local,LECTURE,true,/부산도서관법률특강,false
/부산법무사강의,local,LECTURE,true,/부산법무사강의,false
/부산기관법률특강,local,LECTURE,true,/부산기관법률특강,false
/부산사회복지기관강사,local,LECTURE,true,/부산사회복지기관강사,false
/부산강사섭외비용,local,LECTURE,true,/부산강사섭외비용,false
/부산강사섭외체크리스트,local,LECTURE,true,/부산강사섭외체크리스트,false
/기관특강주제추천,local,LECTURE,true,/기관특강주제추천,false
/강의시간별구성,local,LECTURE,true,/강의시간별구성,false
/부산기업법률자문,local,LOCAL,true,/부산기업법률자문,false
/부산기업채권관리,local,LOCAL,true,/부산기업채권관리,false
/부산기업부동산등기,local,LOCAL,true,/부산기업부동산등기,false
/기업업무문의,local,LOCAL,true,/기업업무문의,false
/부산법률상담,local,LOCAL,true,/부산법률상담,false
/법인변경등기,local,LOCAL,true,/법인변경등기,false
/부산대표이사변경등기,local,LOCAL,true,/부산대표이사변경등기,false
/부산임원임기만료등기,local,LOCAL,true,/부산임원임기만료등기,false
/부산본점이전등기,local,LOCAL,true,/부산본점이전등기,false
/부산사업목적변경등기,local,LOCAL,true,/부산사업목적변경등기,false
/부산유상증자등기,local,LOCAL,true,/부산유상증자등기,false
/부산법인해산청산등기,local,LOCAL,true,/부산법인해산청산등기,false
/부산법인등기과태료,local,LOCAL,true,/부산법인등기과태료,false
/대표자사망시법인등기,local,LOCAL,true,/대표자사망시법인등기,false
/부산상호변경등기,local,LOCAL,true,/부산상호변경등기,false
/부산지점설치등기,local,LOCAL,true,/부산지점설치등기,false
/부산지점폐지등기,local,LOCAL,true,/부산지점폐지등기,false
/부산감자등기,local,LOCAL,true,/부산감자등기,false
/부산무상증자등기,local,LOCAL,true,/부산무상증자등기,false
/부산휴면법인계속등기,local,LOCAL,true,/부산휴면법인계속등기,false
/부산공동대표변경등기,local,LOCAL,true,/부산공동대표변경등기,false
/부산임원사임해임등기,local,LOCAL,true,/부산임원사임해임등기,false
/부산개인사업자법인전환,local,LOCAL,true,/부산개인사업자법인전환,false
/부산법인해산전확인사항,local,LOCAL,true,/부산법인해산전확인사항,false
/녹산산단법인본점지점,local,LOCAL,true,/녹산산단법인본점지점,false
/부산법인정기점검,local,LOCAL,true,/부산법인정기점검,false
/법인정관업무,local,LOCAL,true,/법인정관업무,false
/법인정관변경,local,LOCAL,true,/법인정관변경,false
/법인공증준비,local,LOCAL,true,/법인공증준비,false
/법인정관인증확인,local,LOCAL,true,/법인정관인증확인,false
/법인의사록공증준비,local,LOCAL,true,/법인의사록공증준비,false
/부산건물등기,local,LOCAL,true,/부산건물등기,false
/부산건축물등기법무사,local,LOCAL,true,/부산건축물등기법무사,false
/부산건물멸실등기,local,LOCAL,true,/부산건물멸실등기,false
/부산건물표시변경등기,local,LOCAL,true,/부산건물표시변경등기,false
/부산집합건물등기,local,LOCAL,true,/부산집합건물등기,false
/부산공장창고등기,local,LOCAL,true,/부산공장창고등기,false
/건물등기상황별안내,local,LOCAL,true,/건물등기상황별안내,false
/철거후건물멸실등기,local,LOCAL,true,/철거후건물멸실등기,false
/건축물대장말소와멸실등기차이,local,LOCAL,true,/건축물대장말소와멸실등기차이,false
/멸실등기없이토지매도,local,LOCAL,true,/멸실등기없이토지매도,false
/신축전기존건물철거등기순서,local,LOCAL,true,/신축전기존건물철거등기순서,false
/화재소실건물멸실등기,local,LOCAL,true,/화재소실건물멸실등기,false
/건물일부철거표시변경,local,LOCAL,true,/건물일부철거표시변경,false
/공장철거후멸실등기,local,LOCAL,true,/공장철거후멸실등기,false
/상속건물멸실등기,local,LOCAL,true,/상속건물멸실등기,false
/건축물대장말소등기부잔존,local,LOCAL,true,/건축물대장말소등기부잔존,false
/등기부존재실제건물없음,local,LOCAL,true,/등기부존재실제건물없음,false
/공유자연락두절멸실등기,local,LOCAL,true,/공유자연락두절멸실등기,false
/건물토지소유자상이멸실,local,LOCAL,true,/건물토지소유자상이멸실,false
/토지소유자와건축주다른보존등기,local,LOCAL,true,/토지소유자와건축주다른보존등기,false
/건축주법인신축보존등기,local,LOCAL,true,/건축주법인신축보존등기,false
/보존등기후근저당설정,local,LOCAL,true,/보존등기후근저당설정,false
/지식산업센터보존등기,local,LOCAL,true,/지식산업센터보존등기,false
/증축후건물표시변경등기,local,LOCAL,true,/증축후건물표시변경등기,false
/건물용도변경등기,local,LOCAL,true,/건물용도변경등기,false
/건물면적상이경정등기,local,LOCAL,true,/건물면적상이경정등기,false
/도로명주소등기부상이,local,LOCAL,true,/도로명주소등기부상이,false
/건축물대장등기부불일치,local,LOCAL,true,/건축물대장등기부불일치,false
/불법증축후등기가능여부,local,LOCAL,true,/불법증축후등기가능여부,false
/건물분할등기,local,LOCAL,true,/건물분할등기,false
/건물합병등기,local,LOCAL,true,/건물합병등기,false
/일반건물집합건물전환등기,local,LOCAL,true,/일반건물집합건물전환등기,false
/미등기건물소유권보존등기,local,LOCAL,true,/미등기건물소유권보존등기,false
/가설컨테이너등기가능여부,local,LOCAL,true,/가설컨테이너등기가능여부,false
/강서구공장멸실등기,local,LOCAL,true,/강서구공장멸실등기,false
/사상구공장창고등기,local,LOCAL,true,/사상구공장창고등기,false
/기장신축건물보존등기,local,LOCAL,true,/기장신축건물보존등기,false
/해운대상가오피스텔건물등기,local,LOCAL,true,/해운대상가오피스텔건물등기,false
/특수비영리법인등기,local,LOCAL,true,/특수비영리법인등기,false
/부산비영리법인설립등기,local,LOCAL,true,/부산비영리법인설립등기,false
/부산특수법인등기,local,LOCAL,true,/부산특수법인등기,false
/부산조합협동조합등기,local,LOCAL,true,/부산조합협동조합등기,false
/부산비영리법인변경등기,local,LOCAL,true,/부산비영리법인변경등기,false
/특별법법인설립등기,local,LOCAL,true,/특별법법인설립등기,false
/전문직법인등기,local,LOCAL,true,/전문직법인등기,false
/농어업법인설립등기,local,LOCAL,true,/농어업법인설립등기,false
/부산사단법인설립,local,LOCAL,true,/부산사단법인설립,false
/부산재단법인설립,local,LOCAL,true,/부산재단법인설립,false
/부산사회적협동조합설립,local,LOCAL,true,/부산사회적협동조합설립,false
/부산협동조합설립등기,local,LOCAL,true,/부산협동조합설립등기,false
/부산농업회사법인설립,local,LOCAL,true,/부산농업회사법인설립,false
/부산협회단체법인설립,local,LOCAL,true,/부산협회단체법인설립,false
/협회사단법인설립,local,LOCAL,true,/협회사단법인설립,false
/장학재단설립,local,LOCAL,true,/장학재단설립,false
/비영리법인임원변경등기,local,LOCAL,true,/비영리법인임원변경등기,false
/주무관청허가후설립등기,local,LOCAL,true,/주무관청허가후설립등기,false
/사회복지법인설립등기,local,LOCAL,true,/사회복지법인설립등기,false
/부산사회복지법인등기,local,LOCAL,true,/부산사회복지법인등기,false
/사회복지법인임원변경등기,local,LOCAL,true,/사회복지법인임원변경등기,false
/사회복지법인해산청산등기,local,LOCAL,true,/사회복지법인해산청산등기,false
/학교법인설립등기,local,LOCAL,true,/학교법인설립등기,false
/부산학교법인등기,local,LOCAL,true,/부산학교법인등기,false
/학교법인임원변경등기,local,LOCAL,true,/학교법인임원변경등기,false
/의료법인설립등기,local,LOCAL,true,/의료법인설립등기,false
/부산의료법인등기,local,LOCAL,true,/부산의료법인등기,false
/의료법인임원변경등기,local,LOCAL,true,/의료법인임원변경등기,false
/의료법인주사무소이전등기,local,LOCAL,true,/의료법인주사무소이전등기,false
/공익법인설립등기,local,LOCAL,true,/공익법인설립등기,false
/공익법인임원변경등기,local,LOCAL,true,/공익법인임원변경등기,false
/영농조합법인설립,local,LOCAL,true,/영농조합법인설립,false
/영어조합법인설립,local,LOCAL,true,/영어조합법인설립,false
/어업회사법인설립,local,LOCAL,true,/어업회사법인설립,false
/법무사법인설립등기,local,LOCAL,true,/법무사법인설립등기,false
/세무법인설립등기,local,LOCAL,true,/세무법인설립등기,false
/노무법인설립등기,local,LOCAL,true,/노무법인설립등기,false
/회계법인설립등기,local,LOCAL,true,/회계법인설립등기,false
/특허법인설립등기,local,LOCAL,true,/특허법인설립등기,false
/관세법인설립등기,local,LOCAL,true,/관세법인설립등기,false
/감정평가법인설립등기,local,LOCAL,true,/감정평가법인설립등기,false
/기타전문직법인설립등기,local,LOCAL,true,/기타전문직법인설립등기,false
/문화예술단체사단법인설립,local,LOCAL,true,/문화예술단체사단법인설립,false
/체육단체사단법인설립,local,LOCAL,true,/체육단체사단법인설립,false
/환경단체사단법인설립,local,LOCAL,true,/환경단체사단법인설립,false
/복지단체사단법인설립,local,LOCAL,true,/복지단체사단법인설립,false
/사단법인주사무소이전등기,local,LOCAL,true,/사단법인주사무소이전등기,false
/사단법인목적변경등기,local,LOCAL,true,/사단법인목적변경등기,false
/비영리법인해산청산등기,local,LOCAL,true,/비영리법인해산청산등기,false
/재단법인기본재산변경등기,local,LOCAL,true,/재단법인기본재산변경등기,false
/협동조합임원변경등기,local,LOCAL,true,/협동조합임원변경등기,false
/협동조합해산청산등기,local,LOCAL,true,/협동조합해산청산등기,false
/종교단체사단법인설립,local,LOCAL,true,/종교단체사단법인설립,false
/교회사단법인설립,local,LOCAL,true,/교회사단법인설립,false
/종교재단설립,local,LOCAL,true,/종교재단설립,false
/국제교류단체사단법인설립,local,LOCAL,true,/국제교류단체사단법인설립,false
/해운대비영리법인설립,local,LOCAL,true,/해운대비영리법인설립,false
/수영구비영리법인설립,local,LOCAL,true,/수영구비영리법인설립,false
/부산진구비영리법인설립,local,LOCAL,true,/부산진구비영리법인설립,false
/부산문화예술단체법인설립,local,LOCAL,true,/부산문화예술단체법인설립,false
/부산체육단체법인설립,local,LOCAL,true,/부산체육단체법인설립,false
/경남사단법인설립,local,LOCAL,true,/경남사단법인설립,false
/경남재단법인설립,local,LOCAL,true,/경남재단법인설립,false
/창원비영리법인설립,local,LOCAL,true,/창원비영리법인설립,false
/사회적기업과법인설립차이,local,LOCAL,true,/사회적기업과법인설립차이,false
/재단법인과공익법인차이,local,LOCAL,true,/재단법인과공익법인차이,false
/재건축조합임원변경등기,local,LOCAL,true,/재건축조합임원변경등기,false
/사단법인과재단법인차이,local,LOCAL,true,/사단법인과재단법인차이,false
/비영리민간단체와사단법인차이,local,LOCAL,true,/비영리민간단체와사단법인차이,false
/농업회사법인과영농조합법인차이,local,LOCAL,true,/농업회사법인과영농조합법인차이,false
/사회적협동조합과사단법인차이,local,LOCAL,true,/사회적협동조합과사단법인차이,false
/협동조합과주식회사차이,local,LOCAL,true,/협동조합과주식회사차이,false
/사회적기업과사회적협동조합차이,local,LOCAL,true,/사회적기업과사회적협동조합차이,false
/사단법인과협동조합차이,local,LOCAL,true,/사단법인과협동조합차이,false
/partners,local,LOCAL,true,/partners,false
/부산법무사복대리,local,LOCAL,true,/부산법무사복대리,false
/부산부동산협력법무사,local,LOCAL,true,/부산부동산협력법무사,false
/협업문의,local,LOCAL,true,/협업문의,false
/부산부동산등기복대리,local,LOCAL,true,/부산부동산등기복대리,false
/부산법인등기복대리,local,LOCAL,true,/부산법인등기복대리,false
/부산등기접수협업,local,LOCAL,true,/부산등기접수협업,false
/부산등기보정업무,local,LOCAL,true,/부산등기보정업무,false
/부산등기소현지업무,local,LOCAL,true,/부산등기소현지업무,false
/부산원거리등기협업,local,LOCAL,true,/부산원거리등기협업,false
/부산잔금등기협업,local,LOCAL,true,/부산잔금등기협업,false
/부산건축사등기협업,local,LOCAL,true,/부산건축사등기협업,false
/부산시행사등기,local,LOCAL,true,/부산시행사등기,false
/부산건설사등기,local,LOCAL,true,/부산건설사등기,false
/부산분양등기,local,LOCAL,true,/부산분양등기,false
/부산법인등기아웃소싱,local,LOCAL,true,/부산법인등기아웃소싱,false
/부산진구상속등기,local,LOCAL,true,/부산진구상속등기,false
/부산진구부동산등기,local,LOCAL,true,/부산진구부동산등기,false
/서면부동산등기,local,LOCAL,true,/서면부동산등기,false
/부동산등기비용,cost,OTHER,true,/부동산등기비용,false
/개인회생비용,cost,OTHER,true,/개인회생비용,false
/부산진구법인등기,local,LOCAL,true,/부산진구법인등기,false
/부산진구소유권이전등기,local,LOCAL,true,/부산진구소유권이전등기,false
/서면법인등기,local,LOCAL,true,/서면법인등기,false
/상속등기보수표,cost,OTHER,true,/상속등기보수표,false
/상속등기기한,local,LOCAL,true,/상속등기기한,false
/법인등기비용,cost,OTHER,true,/법인등기비용,false
/부동산등기필요서류,local,LOCAL,true,/부동산등기필요서류,false
/소유권이전등기비용,cost,OTHER,true,/소유권이전등기비용,false
/개인회생필요서류,local,LOCAL,true,/개인회생필요서류,false
/부산지방법원등기국상속등기,court,OTHER,true,/부산지방법원등기국상속등기,false
/부산회생법원개인회생,court,OTHER,true,/부산회생법원개인회생,false
/부산여성법무사,local,LOCAL,true,/부산여성법무사,false
/중구상속등기,local,LOCAL,true,/중구상속등기,false
/서구상속등기,local,LOCAL,true,/서구상속등기,false
/동구상속등기,local,LOCAL,true,/동구상속등기,false
/영도구상속등기,local,LOCAL,true,/영도구상속등기,false
/부산진구상속포기,local,LOCAL,true,/부산진구상속포기,false
/부산진구한정승인,local,LOCAL,true,/부산진구한정승인,false
/남구상속등기,local,LOCAL,true,/남구상속등기,false
/사하구상속등기,local,LOCAL,true,/사하구상속등기,false
/강서구상속등기,local,LOCAL,true,/강서구상속등기,false
/센텀시티역상속등기,local,LOCAL,true,/센텀시티역상속등기,false
/서면역부동산등기,local,LOCAL,true,/서면역부동산등기,false
/상속등기준비서류,local,LOCAL,true,/상속등기준비서류,false
/법인등기필요서류,local,LOCAL,true,/법인등기필요서류,false
/부동산등기보수표,cost,OTHER,true,/부동산등기보수표,false
/부동산등기기한,local,LOCAL,true,/부동산등기기한,false
/소유권이전등기필요서류,local,LOCAL,true,/소유권이전등기필요서류,false
/개인회생보수표,cost,OTHER,true,/개인회생보수표,false
/개인회생기한,local,LOCAL,true,/개인회생기한,false
/부산지방법원상속등기,court,OTHER,true,/부산지방법원상속등기,false
/부산지방법원등기국부동산등기,court,OTHER,true,/부산지방법원등기국부동산등기,false
/중구부동산등기,local,LOCAL,true,/중구부동산등기,false
/동구부동산등기,local,LOCAL,true,/동구부동산등기,false
/부산진구법인설립등기,local,LOCAL,true,/부산진구법인설립등기,false
/남구부동산등기,local,LOCAL,true,/남구부동산등기,false
/북구법인등기,local,LOCAL,true,/북구법인등기,false
/강서구부동산등기,local,LOCAL,true,/강서구부동산등기,false
/수영구한정승인,local,LOCAL,true,/수영구한정승인,false
/연산동상속등기,local,LOCAL,true,/연산동상속등기,false
/서면역법인등기,local,LOCAL,true,/서면역법인등기,false
/상속포기필요서류,local,LOCAL,true,/상속포기필요서류,false
/한정승인필요서류,local,LOCAL,true,/한정승인필요서류,false
/법인등기보수표,cost,OTHER,true,/법인등기보수표,false
/법인등기기한,local,LOCAL,true,/법인등기기한,false
/부동산등기준비서류,local,LOCAL,true,/부동산등기준비서류,false
/소유권이전등기보수표,cost,OTHER,true,/소유권이전등기보수표,false
/소유권이전등기기한,local,LOCAL,true,/소유권이전등기기한,false
/개인회생준비서류,local,LOCAL,true,/개인회생준비서류,false
/개인파산비용,cost,OTHER,true,/개인파산비용,false
/부산지방법원등기국법인등기,court,OTHER,true,/부산지방법원등기국법인등기,false
/부산진등기소부동산등기,court,OTHER,true,/부산진등기소부동산등기,false
/해운대여성법무사,local,LOCAL,true,/해운대여성법무사,false
/센텀여성법무사,local,LOCAL,true,/센텀여성법무사,false
/중구법인등기,local,LOCAL,true,/중구법인등기,false
/서구소유권이전등기,local,LOCAL,true,/서구소유권이전등기,false
/서구법인등기,local,LOCAL,true,/서구법인등기,false
/동구법인등기,local,LOCAL,true,/동구법인등기,false
/영도구법인등기,local,LOCAL,true,/영도구법인등기,false
/부산진구임원변경등기,local,LOCAL,true,/부산진구임원변경등기,false
/동래구상속포기,local,LOCAL,true,/동래구상속포기,false
/남구법인등기,local,LOCAL,true,/남구법인등기,false
/북구한정승인,local,LOCAL,true,/북구한정승인,false
/사하구법인등기,local,LOCAL,true,/사하구법인등기,false
/금정구법인등기,local,LOCAL,true,/금정구법인등기,false
/강서구법인등기,local,LOCAL,true,/강서구법인등기,false
/연제구법인설립등기,local,LOCAL,true,/연제구법인설립등기,false
/수영구법인설립등기,local,LOCAL,true,/수영구법인설립등기,false
/사상구법인등기,local,LOCAL,true,/사상구법인등기,false
/광안동부동산등기,local,LOCAL,true,/광안동부동산등기,false
/덕천동상속등기,local,LOCAL,true,/덕천동상속등기,false
/센텀시티역법인등기,local,LOCAL,true,/센텀시티역법인등기,false
/상속등기과태료,cost,OTHER,true,/상속등기과태료,false
/상속포기보수표,cost,OTHER,true,/상속포기보수표,false
/상속포기기한,local,LOCAL,true,/상속포기기한,false
/한정승인보수표,cost,OTHER,true,/한정승인보수표,false
/한정승인기한,local,LOCAL,true,/한정승인기한,false
/법인등기준비서류,local,LOCAL,true,/법인등기준비서류,false
/법인설립등기필요서류,local,LOCAL,true,/법인설립등기필요서류,false
/임원변경등기비용,cost,OTHER,true,/임원변경등기비용,false
/부동산등기기간,local,LOCAL,true,/부동산등기기간,false
/소유권이전등기준비서류,local,LOCAL,true,/소유권이전등기준비서류,false
/개인회생기간,local,LOCAL,true,/개인회생기간,false
/개인파산필요서류,local,LOCAL,true,/개인파산필요서류,false
/부산회생법원개인파산,court,OTHER,true,/부산회생법원개인파산,false
/부산가정법원상속포기,court,OTHER,true,/부산가정법원상속포기,false
/부산가정법원한정승인,court,OTHER,true,/부산가정법원한정승인,false
/남부산등기소부동산등기,court,OTHER,true,/남부산등기소부동산등기,false
/북부산등기소상속등기,court,OTHER,true,/북부산등기소상속등기,false
/부산진등기소소유권이전등기,court,OTHER,true,/부산진등기소소유권이전등기,false
/중구상속포기,local,LOCAL,true,/중구상속포기,false
/중구한정승인,local,LOCAL,true,/중구한정승인,false
/서구상속포기,local,LOCAL,true,/서구상속포기,false
/서구한정승인,local,LOCAL,true,/서구한정승인,false
/동구상속포기,local,LOCAL,true,/동구상속포기,false
/동구한정승인,local,LOCAL,true,/동구한정승인,false
/영도구상속포기,local,LOCAL,true,/영도구상속포기,false
/영도구한정승인,local,LOCAL,true,/영도구한정승인,false
/동래구법인설립등기,local,LOCAL,true,/동래구법인설립등기,false
/남구상속포기,local,LOCAL,true,/남구상속포기,false
/남구한정승인,local,LOCAL,true,/남구한정승인,false
/북구법인설립등기,local,LOCAL,true,/북구법인설립등기,false
/사하구상속포기,local,LOCAL,true,/사하구상속포기,false
/사하구한정승인,local,LOCAL,true,/사하구한정승인,false
/금정구상속포기,local,LOCAL,true,/금정구상속포기,false
/강서구상속포기,local,LOCAL,true,/강서구상속포기,false
/강서구한정승인,local,LOCAL,true,/강서구한정승인,false
/수영구임원변경등기,local,LOCAL,true,/수영구임원변경등기,false
/사상구한정승인,local,LOCAL,true,/사상구한정승인,false
/연산동법인등기,local,LOCAL,true,/연산동법인등기,false
/문현동법인등기,local,LOCAL,true,/문현동법인등기,false
/덕천동개인회생,local,LOCAL,true,/덕천동개인회생,false
/상속포기준비서류,local,LOCAL,true,/상속포기준비서류,false
/한정승인준비서류,local,LOCAL,true,/한정승인준비서류,false
/법인등기기간,local,LOCAL,true,/법인등기기간,false
/법인설립등기보수표,cost,OTHER,true,/법인설립등기보수표,false
/법인설립등기기한,local,LOCAL,true,/법인설립등기기한,false
/임원변경등기필요서류,local,LOCAL,true,/임원변경등기필요서류,false
/본점이전등기비용,cost,OTHER,true,/본점이전등기비용,false
/부동산등기과태료,cost,OTHER,true,/부동산등기과태료,false
/소유권이전등기기간,local,LOCAL,true,/소유권이전등기기간,false
/개인회생과태료,cost,OTHER,true,/개인회생과태료,false
/개인파산보수표,cost,OTHER,true,/개인파산보수표,false
/개인파산기한,local,LOCAL,true,/개인파산기한,false
/부산지방법원동부지원등기과부동산등기,court,OTHER,true,/부산지방법원동부지원등기과부동산등기,false
/남부산등기소소유권이전등기,court,OTHER,true,/남부산등기소소유권이전등기,false
/북부산등기소부동산등기,court,OTHER,true,/북부산등기소부동산등기,false
/중부산등기소부동산등기,court,OTHER,true,/중부산등기소부동산등기,false
/상속여성법무사,local,LOCAL,true,/상속여성법무사,false
/부산법원근처법무사,local,LOCAL,true,/부산법원근처법무사,false
/등기소근처법무사,local,LOCAL,true,/등기소근처법무사,false
/중구법인설립등기,local,LOCAL,true,/중구법인설립등기,false
/서구법인설립등기,local,LOCAL,true,/서구법인설립등기,false
/동구법인설립등기,local,LOCAL,true,/동구법인설립등기,false
/영도구법인설립등기,local,LOCAL,true,/영도구법인설립등기,false
/남구법인설립등기,local,LOCAL,true,/남구법인설립등기,false
/북구임원변경등기,local,LOCAL,true,/북구임원변경등기,false
/사하구법인설립등기,local,LOCAL,true,/사하구법인설립등기,false
/금정구법인설립등기,local,LOCAL,true,/금정구법인설립등기,false
/강서구법인설립등기,local,LOCAL,true,/강서구법인설립등기,false
/사상구법인설립등기,local,LOCAL,true,/사상구법인설립등기,false
/기장군법인설립등기,local,LOCAL,true,/기장군법인설립등기,false
/연산역상속등기,local,LOCAL,true,/연산역상속등기,false
/명지법인등기,local,LOCAL,true,/명지법인등기,false
/상속포기기간,local,LOCAL,true,/상속포기기간,false
/한정승인기간,local,LOCAL,true,/한정승인기간,false
/법인등기과태료,cost,OTHER,true,/법인등기과태료,false
/법인설립등기준비서류,local,LOCAL,true,/법인설립등기준비서류,false
/임원변경등기보수표,cost,OTHER,true,/임원변경등기보수표,false
/임원변경등기기한,local,LOCAL,true,/임원변경등기기한,false
/본점이전등기필요서류,local,LOCAL,true,/본점이전등기필요서류,false
/소유권이전등기과태료,cost,OTHER,true,/소유권이전등기과태료,false
/증여등기비용,cost,OTHER,true,/증여등기비용,false
/개인파산준비서류,local,LOCAL,true,/개인파산준비서류,false
/부산지방법원동부지원등기과법인등기,court,OTHER,true,/부산지방법원동부지원등기과법인등기,false
/중부산등기소법인등기,court,OTHER,true,/중부산등기소법인등기,false
/서면역법무사,local,LOCAL,true,/서면역법무사,false
/중구임원변경등기,local,LOCAL,true,/중구임원변경등기,false
/서구임원변경등기,local,LOCAL,true,/서구임원변경등기,false
/동구임원변경등기,local,LOCAL,true,/동구임원변경등기,false
/영도구임원변경등기,local,LOCAL,true,/영도구임원변경등기,false
/남구임원변경등기,local,LOCAL,true,/남구임원변경등기,false
/사하구임원변경등기,local,LOCAL,true,/사하구임원변경등기,false
/금정구임원변경등기,local,LOCAL,true,/금정구임원변경등기,false
/강서구임원변경등기,local,LOCAL,true,/강서구임원변경등기,false
/사상구임원변경등기,local,LOCAL,true,/사상구임원변경등기,false
/기장군임원변경등기,local,LOCAL,true,/기장군임원변경등기,false
/재송동상속등기,local,LOCAL,true,/재송동상속등기,false
/반여동상속등기,local,LOCAL,true,/반여동상속등기,false
/좌동상속등기,local,LOCAL,true,/좌동상속등기,false
/송정동상속등기,local,LOCAL,true,/송정동상속등기,false
/남천동상속등기,local,LOCAL,true,/남천동상속등기,false
/거제동상속등기,local,LOCAL,true,/거제동상속등기,false
/양정동상속등기,local,LOCAL,true,/양정동상속등기,false
/대연동상속등기,local,LOCAL,true,/대연동상속등기,false
/기장상속등기,local,LOCAL,true,/기장상속등기,false
/사직동상속등기,local,LOCAL,true,/사직동상속등기,false
/온천동상속등기,local,LOCAL,true,/온천동상속등기,false
/부곡동상속등기,local,LOCAL,true,/부곡동상속등기,false
/해운대역부동산등기,local,LOCAL,true,/해운대역부동산등기,false
/사상역개인회생,local,LOCAL,true,/사상역개인회생,false
/부산역부동산등기,local,LOCAL,true,/부산역부동산등기,false
/녹산국가산단법인등기,local,LOCAL,true,/녹산국가산단법인등기,false
/상속포기과태료,cost,OTHER,true,/상속포기과태료,false
/한정승인과태료,cost,OTHER,true,/한정승인과태료,false
/법인설립등기기간,local,LOCAL,true,/법인설립등기기간,false
/임원변경등기준비서류,local,LOCAL,true,/임원변경등기준비서류,false
/본점이전등기보수표,cost,OTHER,true,/본점이전등기보수표,false
/본점이전등기기한,local,LOCAL,true,/본점이전등기기한,false
/증여등기필요서류,local,LOCAL,true,/증여등기필요서류,false
/근저당말소비용,cost,OTHER,true,/근저당말소비용,false
/개인파산기간,local,LOCAL,true,/개인파산기간,false
/선박등기비용,cost,OTHER,true,/선박등기비용,false
/부산지방법원등기국법무사,court,LOCAL,true,/부산지방법원등기국법무사,false
/부산가정법원법무사,court,LOCAL,true,/부산가정법원법무사,false
/개인회생여성법무사,local,LOCAL,true,/개인회생여성법무사,false
/반여동부동산등기,local,LOCAL,true,/반여동부동산등기,false
/우동부동산등기,local,LOCAL,true,/우동부동산등기,false
/중동부동산등기,local,LOCAL,true,/중동부동산등기,false
/민락동부동산등기,local,LOCAL,true,/민락동부동산등기,false
/전포동부동산등기,local,LOCAL,true,/전포동부동산등기,false
/명지동부동산등기,local,LOCAL,true,/명지동부동산등기,false
/에코델타시티법인설립등기,local,LOCAL,true,/에코델타시티법인설립등기,false
/화명동부동산등기,local,LOCAL,true,/화명동부동산등기,false
/장전동부동산등기,local,LOCAL,true,/장전동부동산등기,false
/명지법인설립등기,local,LOCAL,true,/명지법인설립등기,false
/문현금융단지임원변경등기,local,LOCAL,true,/문현금융단지임원변경등기,false
/법인설립등기과태료,cost,OTHER,true,/법인설립등기과태료,false
/임원변경등기기간,local,LOCAL,true,/임원변경등기기간,false
/본점이전등기준비서류,local,LOCAL,true,/본점이전등기준비서류,false
/증여등기보수표,cost,OTHER,true,/증여등기보수표,false
/증여등기기한,local,LOCAL,true,/증여등기기한,false
/근저당말소필요서류,local,LOCAL,true,/근저당말소필요서류,false
/전세권설정비용,cost,OTHER,true,/전세권설정비용,false
/개인파산과태료,cost,OTHER,true,/개인파산과태료,false
/선박등기필요서류,local,LOCAL,true,/선박등기필요서류,false
/재개발등기비용,cost,OTHER,true,/재개발등기비용,false
/재건축등기비용,cost,OTHER,true,/재건축등기비용,false
/센텀시티역법무사,local,LOCAL,true,/센텀시티역법무사,false
/수영구전세권설정,local,LOCAL,true,/수영구전세권설정,false
/재송동소유권이전등기,local,LOCAL,true,/재송동소유권이전등기,false
/우동소유권이전등기,local,LOCAL,true,/우동소유권이전등기,false
/좌동소유권이전등기,local,LOCAL,true,/좌동소유권이전등기,false
/부전동소유권이전등기,local,LOCAL,true,/부전동소유권이전등기,false
/문현동본점이전등기,local,LOCAL,true,/문현동본점이전등기,false
/명례산업단지임원변경등기,local,LOCAL,true,/명례산업단지임원변경등기,false
/녹산국가산단법인설립등기,local,LOCAL,true,/녹산국가산단법인설립등기,false
/본점이전등기기간,local,LOCAL,true,/본점이전등기기간,false
/증여등기준비서류,local,LOCAL,true,/증여등기준비서류,false
/근저당말소보수표,cost,OTHER,true,/근저당말소보수표,false
/근저당말소기한,local,LOCAL,true,/근저당말소기한,false
/전세권설정필요서류,local,LOCAL,true,/전세권설정필요서류,false
/임차권등기명령비용,cost,OTHER,true,/임차권등기명령비용,false
/선박등기보수표,cost,OTHER,true,/선박등기보수표,false
/선박등기기한,local,LOCAL,true,/선박등기기한,false
/재개발등기필요서류,local,LOCAL,true,/재개발등기필요서류,false
/재건축등기필요서류,local,LOCAL,true,/재건축등기필요서류,false
/중부산등기소임원변경등기,court,OTHER,true,/중부산등기소임원변경등기,false
/부산선박등기,realEstate,OTHER,true,/부산선박등기,false
/녹산산업단지법인등기,businessDistrict,OTHER,true,/녹산산업단지법인등기,false
/동부지원상속등기,court,OTHER,true,/동부지원상속등기,false
/영도구선박등기,local,LOCAL,true,/영도구선박등기,false
/동래구재건축등기,local,LOCAL,true,/동래구재건축등기,false
/강서구선박등기,local,LOCAL,true,/강서구선박등기,false
/부곡동한정승인,local,LOCAL,true,/부곡동한정승인,false
/명지역법인설립등기,local,LOCAL,true,/명지역법인설립등기,false
/본점이전등기과태료,cost,OTHER,true,/본점이전등기과태료,false
/증여등기기간,local,LOCAL,true,/증여등기기간,false
/근저당말소준비서류,local,LOCAL,true,/근저당말소준비서류,false
/전세권설정보수표,cost,OTHER,true,/전세권설정보수표,false
/전세권설정기한,local,LOCAL,true,/전세권설정기한,false
/임차권등기명령필요서류,local,LOCAL,true,/임차권등기명령필요서류,false
/선박등기준비서류,local,LOCAL,true,/선박등기준비서류,false
/재개발등기보수표,cost,OTHER,true,/재개발등기보수표,false
/재개발등기기한,local,LOCAL,true,/재개발등기기한,false
/재건축등기보수표,cost,OTHER,true,/재건축등기보수표,false
/재건축등기기한,local,LOCAL,true,/재건축등기기한,false
/광안동법무사,local,LOCAL,true,/광안동법무사,false
/사하구전세권설정,local,LOCAL,true,/사하구전세권설정,false
/기장군재개발등기,local,LOCAL,true,/기장군재개발등기,false
/명지동법인설립등기,local,LOCAL,true,/명지동법인설립등기,false
/정관법인설립등기,local,LOCAL,true,/정관법인설립등기,false
/증여등기과태료,cost,OTHER,true,/증여등기과태료,false
/근저당말소기간,local,LOCAL,true,/근저당말소기간,false
/전세권설정준비서류,local,LOCAL,true,/전세권설정준비서류,false
/임차권등기명령보수표,cost,OTHER,true,/임차권등기명령보수표,false
/임차권등기명령기한,local,LOCAL,true,/임차권등기명령기한,false
/선박등기기간,local,LOCAL,true,/선박등기기간,false
/재개발등기준비서류,local,LOCAL,true,/재개발등기준비서류,false
/재건축등기준비서류,local,LOCAL,true,/재건축등기준비서류,false
/해운회사법인등기,realEstate,OTHER,true,/해운회사법인등기,false
/산업단지법인등기,realEstate,OTHER,true,/산업단지법인등기,false
/광안동전세권설정,local,LOCAL,true,/광안동전세권설정,false
/근저당말소과태료,cost,OTHER,true,/근저당말소과태료,false
/전세권설정기간,local,LOCAL,true,/전세권설정기간,false
/임차권등기명령준비서류,local,LOCAL,true,/임차권등기명령준비서류,false
/선박등기과태료,cost,OTHER,true,/선박등기과태료,false
/재개발등기기간,local,LOCAL,true,/재개발등기기간,false
/재건축등기기간,local,LOCAL,true,/재건축등기기간,false
/전세권설정과태료,cost,OTHER,true,/전세권설정과태료,false
/임차권등기명령기간,local,LOCAL,true,/임차권등기명령기간,false
/재개발등기과태료,cost,OTHER,true,/재개발등기과태료,false
/재건축등기과태료,cost,OTHER,true,/재건축등기과태료,false
/부산지방법원동부지원등기과법무사,court,LOCAL,true,/부산지방법원동부지원등기과법무사,false
/부산지방법원채권회수,court,OTHER,true,/부산지방법원채권회수,false
/부산가정법원성년후견,court,OTHER,true,/부산가정법원성년후견,false
/물류회사법인등기,realEstate,OTHER,true,/물류회사법인등기,false
/임차권등기명령과태료,cost,OTHER,true,/임차권등기명령과태료,false
/부산지방법원지급명령,court,OTHER,true,/부산지방법원지급명령,false
/부산지방법원동부지원채권회수,court,OTHER,true,/부산지방법원동부지원채권회수,false
/광안역전세권설정,local,LOCAL,true,/광안역전세권설정,false
/부산지방법원동부지원지급명령,court,OTHER,true,/부산지방법원동부지원지급명령,false
/사직동재건축등기,local,LOCAL,true,/사직동재건축등기,false
/해운대역법무사,local,LOCAL,true,/해운대역법무사,false
/광안역법무사,local,LOCAL,true,/광안역법무사,false
/연산역법무사,local,LOCAL,true,/연산역법무사,false
/사상역법무사,local,LOCAL,true,/사상역법무사,false
/명지역법무사,local,LOCAL,true,/명지역법무사,false
/중동법무사,local,LOCAL,true,/중동법무사,false
/송정동법무사,local,LOCAL,true,/송정동법무사,false
/민락동법무사,local,LOCAL,true,/민락동법무사,false
/부전동법무사,local,LOCAL,true,/부전동법무사,false
/양정동법무사,local,LOCAL,true,/양정동법무사,false
/명지동법무사,local,LOCAL,true,/명지동법무사,false
/기장법무사,local,LOCAL,true,/기장법무사,false
/온천동법무사,local,LOCAL,true,/온천동법무사,false
/장전동법무사,local,LOCAL,true,/장전동법무사,false
/상속,pillar,OTHER,true,/상속,false
/법인등기,pillar,OTHER,true,/법인등기,false
/부동산등기,pillar,OTHER,true,/부동산등기,false
/개인회생파산,pillar,OTHER,true,/개인회생파산,false
/민사소송,pillar,OTHER,true,/민사소송,false
/임대차전세,pillar,OTHER,true,/임대차전세,false
/공탁채권회수,pillar,OTHER,true,/공탁채권회수,false
/가족후견,pillar,OTHER,true,/가족후견,false
/특수등기,pillar,OTHER,true,/특수등기,false
/창업법무,pillar,OTHER,true,/창업법무,false
/situations,situation,OTHER,true,/situations,false
/situations/분류/가족-사망-상속,situation,OTHER,true,/situations/분류/가족-사망-상속,false
/situations/분류/전세-임대차-보증금,situation,OTHER,true,/situations/분류/전세-임대차-보증금,false
/situations/분류/부동산-매매-증여-등기,situation,OTHER,true,/situations/분류/부동산-매매-증여-등기,false
/situations/분류/개인채무-회생-파산,situation,OTHER,true,/situations/분류/개인채무-회생-파산,false
/situations/분류/법인-사업-운영,situation,OTHER,true,/situations/분류/법인-사업-운영,false
/situations/분류/돈을-받지-못한-경우,situation,OTHER,true,/situations/분류/돈을-받지-못한-경우,false
/situations/분류/계약-일상-분쟁,situation,OTHER,true,/situations/분류/계약-일상-분쟁,false
/situations/parent-passed-away,situation,OTHER,true,/situations/parent-passed-away,false
/situations/siblings-not-cooperating,situation,OTHER,true,/situations/siblings-not-cooperating,false
/situations/inheritance-unknown-debt,situation,OTHER,true,/situations/inheritance-unknown-debt,false
/situations/real-estate-sale-registration,situation,OTHER,true,/situations/real-estate-sale-registration,false
/situations/jeonse-deposit-unpaid,situation,OTHER,true,/situations/jeonse-deposit-unpaid,false
/situations/corporate-officer-address-change,situation,OTHER,true,/situations/corporate-officer-address-change,false
/situations/payment-order-certified-mail,situation,OTHER,true,/situations/payment-order-certified-mail,false
/situations/personal-rehabilitation-bankruptcy,situation,OTHER,true,/situations/personal-rehabilitation-bankruptcy,false
/situations/상속재산-조회,situation,OTHER,true,/situations/상속재산-조회,false
/situations/상속포기-한정승인-선택,situation,OTHER,true,/situations/상속포기-한정승인-선택,false
/situations/상속등기-지연-과태료,situation,OTHER,true,/situations/상속등기-지연-과태료,false
/situations/해외-거주-상속인,situation,OTHER,true,/situations/해외-거주-상속인,false
/situations/상속-후-첫-절차,situation,OTHER,true,/situations/상속-후-첫-절차,false
/situations/집주인-연락-두절,situation,OTHER,true,/situations/집주인-연락-두절,false
/situations/임차권등기명령-필요할-때,situation,OTHER,true,/situations/임차권등기명령-필요할-때,false
/situations/전세-경매-진행,situation,OTHER,true,/situations/전세-경매-진행,false
/situations/전입신고-확정일자-없음,situation,OTHER,true,/situations/전입신고-확정일자-없음,false
/situations/잔금-후-소유권이전-거부,situation,OTHER,true,/situations/잔금-후-소유권이전-거부,false
/situations/공동명의-정리,situation,OTHER,true,/situations/공동명의-정리,false
/situations/근저당-말소-지연,situation,OTHER,true,/situations/근저당-말소-지연,false
/situations/셀프등기-실수,situation,OTHER,true,/situations/셀프등기-실수,false
/situations/잔금일-소유권이전,situation,OTHER,true,/situations/잔금일-소유권이전,false
/situations/급여-압류-빚,situation,OTHER,true,/situations/급여-압류-빚,false
/situations/개인회생-가능-여부,situation,OTHER,true,/situations/개인회생-가능-여부,false
/situations/보증채무-부담,situation,OTHER,true,/situations/보증채무-부담,false
/situations/빚-감당-어려울-때,situation,OTHER,true,/situations/빚-감당-어려울-때,false
/situations/회생-파산-선택-고민,situation,OTHER,true,/situations/회생-파산-선택-고민,false
/situations/임원-임기-만료,situation,OTHER,true,/situations/임원-임기-만료,false
/situations/법인-설립-처음,situation,OTHER,true,/situations/법인-설립-처음,false
/situations/대표자-사망-법인,situation,OTHER,true,/situations/대표자-사망-법인,false
/situations/본점-이전-등기,situation,OTHER,true,/situations/본점-이전-등기,false
/situations/임원변경-기한-임박,situation,OTHER,true,/situations/임원변경-기한-임박,false
/situations/대여금-못-받음,situation,OTHER,true,/situations/대여금-못-받음,false
/situations/채무자-재산-모름,situation,OTHER,true,/situations/채무자-재산-모름,false
/situations/공사대금-못-받음,situation,OTHER,true,/situations/공사대금-못-받음,false
/situations/판결-후-강제집행,situation,OTHER,true,/situations/판결-후-강제집행,false
/situations/계약금-반환-분쟁,situation,OTHER,true,/situations/계약금-반환-분쟁,false
/situations/중고거래-분쟁,situation,OTHER,true,/situations/중고거래-분쟁,false
/situations/내용증명-받았을-때,situation,OTHER,true,/situations/내용증명-받았을-때,false
/situations/손해배상-청구,situation,OTHER,true,/situations/손해배상-청구,false
/tools,tool,OTHER,true,/tools,false
/tools/inheritance-registration-deadline,tool,OTHER,true,/tools/inheritance-registration-deadline,false
/tools/inheritance-renunciation-deadline,tool,OTHER,true,/tools/inheritance-renunciation-deadline,false
/tools/director-change-penalty-deadline,tool,OTHER,true,/tools/director-change-penalty-deadline,false
/tools/head-office-move-deadline,tool,OTHER,true,/tools/head-office-move-deadline,false
/tools/jeonse-deposit-timeline,tool,OTHER,true,/tools/jeonse-deposit-timeline,false
/tools/payment-order-fee-check,tool,OTHER,true,/tools/payment-order-fee-check,false
/tools/real-estate-documents-check,tool,OTHER,true,/tools/real-estate-documents-check,false
/tools/rehab-income-debt-check,tool,OTHER,true,/tools/rehab-income-debt-check,false
/services/inheritance-registration,service,OTHER,true,/services/inheritance-registration,false
/services/inheritance-renunciation,service,OTHER,true,/services/inheritance-renunciation,false
/services/qualified-acceptance,service,OTHER,true,/services/qualified-acceptance,false
/services/real-estate-registration,service,OTHER,true,/services/real-estate-registration,false
/services/ownership-transfer,service,OTHER,true,/services/ownership-transfer,false
/services/corporate-registration,service,OTHER,true,/services/corporate-registration,false
/services/company-establishment,service,OTHER,true,/services/company-establishment,false
/services/director-change,service,OTHER,true,/services/director-change,false
/services/personal-rehabilitation,service,OTHER,true,/services/personal-rehabilitation,false
/services/bankruptcy,service,OTHER,true,/services/bankruptcy,false
/blog/bankruptcy-vs-discharge-difference,blog,OTHER,true,/blog/bankruptcy-vs-discharge-difference,false
/blog/bankruptcy-vs-personal-rehabilitation,blog,OTHER,true,/blog/bankruptcy-vs-personal-rehabilitation,false
/blog/busan-company-establishment-documents,blog,OTHER,true,/blog/busan-company-establishment-documents,false
/blog/busan-inheritance-consultation-prep,blog,OTHER,true,/blog/busan-inheritance-consultation-prep,false
/blog/busan-inheritance-registration-procedure-documents,blog,OTHER,true,/blog/busan-inheritance-registration-procedure-documents,false
/blog/busan-lawyer-consultation-documents,blog,OTHER,true,/blog/busan-lawyer-consultation-documents,false
/blog/busan-lawyer-jurisdiction-checklist,blog,OTHER,true,/blog/busan-lawyer-jurisdiction-checklist,false
/blog/busan-lawyer-recommend-office-consult,blog,OTHER,true,/blog/busan-lawyer-recommend-office-consult,false
/blog/busan-real-estate-registration-documents,blog,OTHER,true,/blog/busan-real-estate-registration-documents,false
/blog/business-owner-rehabilitation-pre-check,blog,OTHER,true,/blog/business-owner-rehabilitation-pre-check,false
/blog/centum-lawyer-visit-day-flow,blog,OTHER,true,/blog/centum-lawyer-visit-day-flow,false
/blog/ceo-address-change-registration,blog,OTHER,true,/blog/ceo-address-change-registration,false
/blog/certified-mail-before-sending,blog,OTHER,true,/blog/certified-mail-before-sending,false
/blog/company-establishment-registration-checklist,blog,OTHER,true,/blog/company-establishment-registration-checklist,false
/blog/complaint-filing-required-materials,blog,OTHER,true,/blog/complaint-filing-required-materials,false
/blog/corporate-name-change-registration,blog,OTHER,true,/blog/corporate-name-change-registration,false
/blog/corporate-purpose-change-registration,blog,OTHER,true,/blog/corporate-purpose-change-registration,false
/blog/corporate-registration-penalty-cases,blog,OTHER,true,/blog/corporate-registration-penalty-cases,false
/blog/debt-collection-response-guide,blog,OTHER,true,/blog/debt-collection-response-guide,false
/blog/delayed-ownership-transfer-after-balance,blog,OTHER,true,/blog/delayed-ownership-transfer-after-balance,false
/blog/delaying-inheritance-registration-risks,blog,OTHER,true,/blog/delaying-inheritance-registration-risks,false
/blog/director-change-registration-deadline-guide,blog,OTHER,true,/blog/director-change-registration-deadline-guide,false
/blog/director-change-registration-deadline-penalty,blog,OTHER,true,/blog/director-change-registration-deadline-penalty,false
/blog/gift-registration-pre-check,blog,OTHER,true,/blog/gift-registration-pre-check,false
/blog/head-office-move-in-out-district,blog,OTHER,true,/blog/head-office-move-in-out-district,false
/blog/how-to-check-deceased-parent-debt,blog,OTHER,true,/blog/how-to-check-deceased-parent-debt,false
/blog/inheritance-division-agreement-cautions,blog,OTHER,true,/blog/inheritance-division-agreement-cautions,false
/blog/inheritance-registration-documents-checklist,blog,OTHER,true,/blog/inheritance-registration-documents-checklist,false
/blog/inheritance-registration-priority-after-parent-death,blog,OTHER,true,/blog/inheritance-registration-priority-after-parent-death,false
/blog/inheritance-renunciation-vs-qualified-acceptance,blog,OTHER,true,/blog/inheritance-renunciation-vs-qualified-acceptance,false
/blog/jeonse-deposit-return-certified-mail,blog,OTHER,true,/blog/jeonse-deposit-return-certified-mail,false
/blog/jeonse-right-cancellation-procedure,blog,OTHER,true,/blog/jeonse-right-cancellation-procedure,false
/blog/jeonse-right-vs-lease-registration-order,blog,OTHER,true,/blog/jeonse-right-vs-lease-registration-order,false
/blog/joint-ownership-registration-cautions,blog,OTHER,true,/blog/joint-ownership-registration-cautions,false
/blog/loan-repayment-claim-documents,blog,OTHER,true,/blog/loan-repayment-claim-documents,false
/blog/minor-heir-inheritance-guide,blog,OTHER,true,/blog/minor-heir-inheritance-guide,false
/blog/missed-director-term-expiry,blog,OTHER,true,/blog/missed-director-term-expiry,false
/blog/mortgage-cancellation-risks,blog,OTHER,true,/blog/mortgage-cancellation-risks,false
/blog/new-apartment-ownership-transfer,blog,OTHER,true,/blog/new-apartment-ownership-transfer,false
/blog/one-person-company-establishment-checklist,blog,OTHER,true,/blog/one-person-company-establishment-checklist,false
/blog/overseas-heir-inheritance-busan,blog,OTHER,true,/blog/overseas-heir-inheritance-busan,false
/blog/payment-order-application-pre-check,blog,OTHER,true,/blog/payment-order-application-pre-check,false
/blog/personal-rehabilitation-before-application,blog,OTHER,true,/blog/personal-rehabilitation-before-application,false
/blog/personal-rehabilitation-consultation-documents,blog,OTHER,true,/blog/personal-rehabilitation-consultation-documents,false
/blog/real-estate-ownership-transfer-procedure,blog,OTHER,true,/blog/real-estate-ownership-transfer-procedure,false
/blog/salaried-worker-rehabilitation-eligibility,blog,OTHER,true,/blog/salaried-worker-rehabilitation-eligibility,false
/blog/startup-corporate-registration-checklist,blog,OTHER,true,/blog/startup-corporate-registration-checklist,false
/blog/three-months-after-death-inheritance,blog,OTHER,true,/blog/three-months-after-death-inheritance,false
/blog/when-jeonse-right-registration-needed,blog,OTHER,true,/blog/when-jeonse-right-registration-needed,false
/blog/when-seller-withholds-registration-documents,blog,OTHER,true,/blog/when-seller-withholds-registration-documents,false
/blog/when-siblings-refuse-inheritance-registration,blog,OTHER,true,/blog/when-siblings-refuse-inheritance-registration,false
/blog/when-to-consult-real-estate-registration-lawyer,blog,OTHER,true,/blog/when-to-consult-real-estate-registration-lawyer,false
/services/cases/busan-personal-rehabilitation-consultation,case,OTHER,true,/services/cases/busan-personal-rehabilitation-consultation,false
/services/cases/centum-ownership-transfer-case,case,OTHER,true,/services/cases/centum-ownership-transfer-case,false
/services/cases/dongnae-qualified-acceptance-consultation,case,OTHER,true,/services/cases/dongnae-qualified-acceptance-consultation,false
/services/cases/gijang-land-inheritance-case,case,OTHER,true,/services/cases/gijang-land-inheritance-case,false
/services/cases/haeundae-inheritance-registration-case,case,OTHER,true,/services/cases/haeundae-inheritance-registration-case,false
/services/cases/jaesong-inheritance-renunciation-consultation,case,OTHER,true,/services/cases/jaesong-inheritance-renunciation-consultation,false
/services/cases/suyeong-company-establishment-case,case,OTHER,true,/services/cases/suyeong-company-establishment-case,false
/services/cases/yeonje-director-change-case,case,OTHER,true,/services/cases/yeonje-director-change-case,false
/faq/bankruptcy-discharge-faq,faq,OTHER,true,/faq/bankruptcy-discharge-faq,false
/faq/bankruptcy-vs-rehabilitation-faq,faq,OTHER,true,/faq/bankruptcy-vs-rehabilitation-faq,false
/faq/capital-increase-registration-faq,faq,OTHER,true,/faq/capital-increase-registration-faq,false
/faq/company-establishment-documents-faq,faq,OTHER,true,/faq/company-establishment-documents-faq,false
/faq/corporate-address-change-faq,faq,OTHER,true,/faq/corporate-address-change-faq,false
/faq/director-change-deadline-faq,faq,OTHER,true,/faq/director-change-deadline-faq,false
/faq/gift-registration-faq,faq,OTHER,true,/faq/gift-registration-faq,false
/faq/how-to-book-consultation-faq,faq,OTHER,true,/faq/how-to-book-consultation-faq,false
/faq/inheritance-registration-cost,faq,OTHER,true,/faq/inheritance-registration-cost,false
/faq/inheritance-registration-with-mortgage,faq,OTHER,true,/faq/inheritance-registration-with-mortgage,false
/faq/inheritance-renunciation-deadline,faq,OTHER,true,/faq/inheritance-renunciation-deadline,false
/faq/inheritance-renunciation-family-effect,faq,OTHER,true,/faq/inheritance-renunciation-family-effect,false
/faq/jeonse-registration-faq,faq,OTHER,true,/faq/jeonse-registration-faq,false
/faq/lawyer-fee-and-remote-faq,faq,OTHER,true,/faq/lawyer-fee-and-remote-faq,false
/faq/multiple-heirs-inheritance-registration,faq,OTHER,true,/faq/multiple-heirs-inheritance-registration,false
/faq/ownership-transfer-documents,faq,OTHER,true,/faq/ownership-transfer-documents,false
/faq/personal-rehabilitation-credit-faq,faq,OTHER,true,/faq/personal-rehabilitation-credit-faq,false
/faq/personal-rehabilitation-documents-faq,faq,OTHER,true,/faq/personal-rehabilitation-documents-faq,false
/faq/personal-rehabilitation-duration-faq,faq,OTHER,true,/faq/personal-rehabilitation-duration-faq,false
/faq/personal-rehabilitation-eligibility-faq,faq,OTHER,true,/faq/personal-rehabilitation-eligibility-faq,false
/faq/preservation-registration-faq,faq,OTHER,true,/faq/preservation-registration-faq,false
/faq/public-agency-registration-faq,faq,OTHER,true,/faq/public-agency-registration-faq,false
/faq/qualified-acceptance-procedure,faq,OTHER,true,/faq/qualified-acceptance-procedure,false
/faq/qualified-acceptance-vs-simple-acceptance,faq,OTHER,true,/faq/qualified-acceptance-vs-simple-acceptance,false
/faq/real-estate-divorce-registration,faq,OTHER,true,/faq/real-estate-divorce-registration,false
/faq/renouncing-share-vs-full-renunciation,faq,OTHER,true,/faq/renouncing-share-vs-full-renunciation,false
/faq/what-is-inheritance-renunciation,faq,OTHER,true,/faq/what-is-inheritance-renunciation,false
/faq/what-is-qualified-acceptance,faq,OTHER,true,/faq/what-is-qualified-acceptance,false
/faq/when-to-choose-qualified-acceptance,faq,OTHER,true,/faq/when-to-choose-qualified-acceptance,false
/faq/when-to-file-inheritance-registration,faq,OTHER,true,/faq/when-to-file-inheritance-registration,false
/faq/who-can-file-bankruptcy-faq,faq,OTHER,true,/faq/who-can-file-bankruptcy-faq,false
/faq/who-needs-inheritance-registration,faq,OTHER,true,/faq/who-needs-inheritance-registration,false
/media/kukinews-youth-budget-unboxing-2027,media,OTHER,true,/media/kukinews-youth-budget-unboxing-2027,false
/media/weeklypeople-youth-judicial-scrivener-ahn,media,OTHER,true,/media/weeklypeople-youth-judicial-scrivener-ahn,false
/media/busan-mbc-news-fuel-price-relief-expert,media,OTHER,true,/media/busan-mbc-news-fuel-price-relief-expert,false
/media/busan-ilbo-bar-association-64th-general-assembly,media,OTHER,true,/media/busan-ilbo-bar-association-64th-general-assembly,false
/media/kukje-sinmun-bar-association-64th-general-assembly,media,OTHER,true,/media/kukje-sinmun-bar-association-64th-general-assembly,false
/media/beopryul-sinmun-bar-association-64th-general-assembly,media,OTHER,true,/media/beopryul-sinmun-bar-association-64th-general-assembly,false
/cases,core,OTHER,false,/cases,false
/업무사례,case,OTHER,true,/업무사례,false
/업무사례/지역별,case,OTHER,true,/업무사례/지역별,false
/업무사례/업무별,case,OTHER,true,/업무사례/업무별,false
/업무사례/부산법무사,case,LOCAL,true,/업무사례/부산법무사,false
/업무사례/중구법무사,case,LOCAL,true,/업무사례/중구법무사,false
/업무사례/부산영주동법무사,case,LOCAL,true,/업무사례/부산영주동법무사,false
/업무사례/부산대청동법무사,case,LOCAL,true,/업무사례/부산대청동법무사,false
/업무사례/부산동광동법무사,case,LOCAL,true,/업무사례/부산동광동법무사,false
/업무사례/부산보수동법무사,case,LOCAL,true,/업무사례/부산보수동법무사,false
/업무사례/부산신창동법무사,case,LOCAL,true,/업무사례/부산신창동법무사,false
/업무사례/부산창선동법무사,case,LOCAL,true,/업무사례/부산창선동법무사,false
/업무사례/부산대창동법무사,case,LOCAL,true,/업무사례/부산대창동법무사,false
/업무사례/부산남포동법무사,case,LOCAL,true,/업무사례/부산남포동법무사,false
/업무사례/부산광복동법무사,case,LOCAL,true,/업무사례/부산광복동법무사,false
/업무사례/부산부평동법무사,case,LOCAL,true,/업무사례/부산부평동법무사,false
/업무사례/부산중앙동법무사,case,LOCAL,true,/업무사례/부산중앙동법무사,false
/업무사례/서구법무사,case,LOCAL,true,/업무사례/서구법무사,false
/업무사례/부산남부민동법무사,case,LOCAL,true,/업무사례/부산남부민동법무사,false
/업무사례/부산부민동법무사,case,LOCAL,true,/업무사례/부산부민동법무사,false
/업무사례/부산부용동법무사,case,LOCAL,true,/업무사례/부산부용동법무사,false
/업무사례/부산아미동법무사,case,LOCAL,true,/업무사례/부산아미동법무사,false
/업무사례/부산초장동법무사,case,LOCAL,true,/업무사례/부산초장동법무사,false
/업무사례/부산충무동법무사,case,LOCAL,true,/업무사례/부산충무동법무사,false
/업무사례/부산토성동법무사,case,LOCAL,true,/업무사례/부산토성동법무사,false
/업무사례/부산서대신동법무사,case,LOCAL,true,/업무사례/부산서대신동법무사,false
/업무사례/부산동대신동법무사,case,LOCAL,true,/업무사례/부산동대신동법무사,false
/업무사례/부산암남동법무사,case,LOCAL,true,/업무사례/부산암남동법무사,false
/업무사례/동구법무사,case,LOCAL,true,/업무사례/동구법무사,false
/업무사례/부산초량동법무사,case,LOCAL,true,/업무사례/부산초량동법무사,false
/업무사례/부산수정동법무사,case,LOCAL,true,/업무사례/부산수정동법무사,false
/업무사례/부산좌천동법무사,case,LOCAL,true,/업무사례/부산좌천동법무사,false
/업무사례/부산범일동법무사,case,LOCAL,true,/업무사례/부산범일동법무사,false
/업무사례/영도구법무사,case,LOCAL,true,/업무사례/영도구법무사,false
/업무사례/부산남항동법무사,case,LOCAL,true,/업무사례/부산남항동법무사,false
/업무사례/부산대교동법무사,case,LOCAL,true,/업무사례/부산대교동법무사,false
/업무사례/부산대평동법무사,case,LOCAL,true,/업무사례/부산대평동법무사,false
/업무사례/부산동삼동법무사,case,LOCAL,true,/업무사례/부산동삼동법무사,false
/업무사례/부산봉래동법무사,case,LOCAL,true,/업무사례/부산봉래동법무사,false
/업무사례/부산신선동법무사,case,LOCAL,true,/업무사례/부산신선동법무사,false
/업무사례/부산영선동법무사,case,LOCAL,true,/업무사례/부산영선동법무사,false
/업무사례/부산청학동법무사,case,LOCAL,true,/업무사례/부산청학동법무사,false
/업무사례/부산진구법무사,case,LOCAL,true,/업무사례/부산진구법무사,false
/업무사례/부산가야동법무사,case,LOCAL,true,/업무사례/부산가야동법무사,false
/업무사례/부산개금동법무사,case,LOCAL,true,/업무사례/부산개금동법무사,false
/업무사례/부산당감동법무사,case,LOCAL,true,/업무사례/부산당감동법무사,false
/업무사례/부산범전동법무사,case,LOCAL,true,/업무사례/부산범전동법무사,false
/업무사례/부산범천동법무사,case,LOCAL,true,/업무사례/부산범천동법무사,false
/업무사례/부산부암동법무사,case,LOCAL,true,/업무사례/부산부암동법무사,false
/업무사례/부산부전동법무사,case,LOCAL,true,/업무사례/부산부전동법무사,false
/업무사례/부산양정동법무사,case,LOCAL,true,/업무사례/부산양정동법무사,false
/업무사례/부산연지동법무사,case,LOCAL,true,/업무사례/부산연지동법무사,false
/업무사례/부산전포동법무사,case,LOCAL,true,/업무사례/부산전포동법무사,false
/업무사례/부산초읍동법무사,case,LOCAL,true,/업무사례/부산초읍동법무사,false
/업무사례/동래구법무사,case,LOCAL,true,/업무사례/동래구법무사,false
/업무사례/부산낙민동법무사,case,LOCAL,true,/업무사례/부산낙민동법무사,false
/업무사례/부산명장동법무사,case,LOCAL,true,/업무사례/부산명장동법무사,false
/업무사례/부산명륜동법무사,case,LOCAL,true,/업무사례/부산명륜동법무사,false
/업무사례/부산복천동법무사,case,LOCAL,true,/업무사례/부산복천동법무사,false
/업무사례/부산수안동법무사,case,LOCAL,true,/업무사례/부산수안동법무사,false
/업무사례/부산사직동법무사,case,LOCAL,true,/업무사례/부산사직동법무사,false
/업무사례/부산안락동법무사,case,LOCAL,true,/업무사례/부산안락동법무사,false
/업무사례/부산온천동법무사,case,LOCAL,true,/업무사례/부산온천동법무사,false
/업무사례/부산칠산동법무사,case,LOCAL,true,/업무사례/부산칠산동법무사,false
/업무사례/남구법무사,case,LOCAL,true,/업무사례/남구법무사,false
/업무사례/부산감만동법무사,case,LOCAL,true,/업무사례/부산감만동법무사,false
/업무사례/부산대연동법무사,case,LOCAL,true,/업무사례/부산대연동법무사,false
/업무사례/부산용호동법무사,case,LOCAL,true,/업무사례/부산용호동법무사,false
/업무사례/부산용당동법무사,case,LOCAL,true,/업무사례/부산용당동법무사,false
/업무사례/부산문현동법무사,case,LOCAL,true,/업무사례/부산문현동법무사,false
/업무사례/부산우암동법무사,case,LOCAL,true,/업무사례/부산우암동법무사,false
/업무사례/북구법무사,case,LOCAL,true,/업무사례/북구법무사,false
/업무사례/부산구포동법무사,case,LOCAL,true,/업무사례/부산구포동법무사,false
/업무사례/부산금곡동법무사,case,LOCAL,true,/업무사례/부산금곡동법무사,false
/업무사례/부산덕천동법무사,case,LOCAL,true,/업무사례/부산덕천동법무사,false
/업무사례/부산만덕동법무사,case,LOCAL,true,/업무사례/부산만덕동법무사,false
/업무사례/부산화명동법무사,case,LOCAL,true,/업무사례/부산화명동법무사,false
/업무사례/해운대구법무사,case,LOCAL,true,/업무사례/해운대구법무사,false
/업무사례/부산우동법무사,case,LOCAL,true,/업무사례/부산우동법무사,false
/업무사례/부산중동법무사,case,LOCAL,true,/업무사례/부산중동법무사,false
/업무사례/부산좌동법무사,case,LOCAL,true,/업무사례/부산좌동법무사,false
/업무사례/부산송정동법무사,case,LOCAL,true,/업무사례/부산송정동법무사,false
/업무사례/부산반여동법무사,case,LOCAL,true,/업무사례/부산반여동법무사,false
/업무사례/부산반송동법무사,case,LOCAL,true,/업무사례/부산반송동법무사,false
/업무사례/부산재송동법무사,case,LOCAL,true,/업무사례/부산재송동법무사,false
/업무사례/부산석대동법무사,case,LOCAL,true,/업무사례/부산석대동법무사,false
/업무사례/부산반여1동법무사,case,LOCAL,false,/업무사례/부산반여1동법무사,false
/업무사례/부산반여2동법무사,case,LOCAL,false,/업무사례/부산반여2동법무사,false
/업무사례/부산반여3동법무사,case,LOCAL,false,/업무사례/부산반여3동법무사,false
/업무사례/부산반여4동법무사,case,LOCAL,false,/업무사례/부산반여4동법무사,false
/업무사례/부산재송1동법무사,case,LOCAL,false,/업무사례/부산재송1동법무사,false
/업무사례/부산재송2동법무사,case,LOCAL,false,/업무사례/부산재송2동법무사,false
/업무사례/부산반송1동법무사,case,LOCAL,false,/업무사례/부산반송1동법무사,false
/업무사례/부산반송2동법무사,case,LOCAL,false,/업무사례/부산반송2동법무사,false
/업무사례/부산좌1동법무사,case,LOCAL,false,/업무사례/부산좌1동법무사,false
/업무사례/부산좌2동법무사,case,LOCAL,false,/업무사례/부산좌2동법무사,false
/업무사례/부산좌3동법무사,case,LOCAL,false,/업무사례/부산좌3동법무사,false
/업무사례/부산좌4동법무사,case,LOCAL,false,/업무사례/부산좌4동법무사,false
/업무사례/부산우1동법무사,case,LOCAL,false,/업무사례/부산우1동법무사,false
/업무사례/부산우2동법무사,case,LOCAL,false,/업무사례/부산우2동법무사,false
/업무사례/부산우3동법무사,case,LOCAL,false,/업무사례/부산우3동법무사,false
/업무사례/부산중1동법무사,case,LOCAL,false,/업무사례/부산중1동법무사,false
/업무사례/부산중2동법무사,case,LOCAL,false,/업무사례/부산중2동법무사,false
/업무사례/사하구법무사,case,LOCAL,true,/업무사례/사하구법무사,false
/업무사례/부산감천동법무사,case,LOCAL,true,/업무사례/부산감천동법무사,false
/업무사례/부산구평동법무사,case,LOCAL,true,/업무사례/부산구평동법무사,false
/업무사례/부산괴정동법무사,case,LOCAL,true,/업무사례/부산괴정동법무사,false
/업무사례/부산하단동법무사,case,LOCAL,true,/업무사례/부산하단동법무사,false
/업무사례/부산당리동법무사,case,LOCAL,true,/업무사례/부산당리동법무사,false
/업무사례/부산다대동법무사,case,LOCAL,true,/업무사례/부산다대동법무사,false
/업무사례/부산장림동법무사,case,LOCAL,true,/업무사례/부산장림동법무사,false
/업무사례/부산신평동법무사,case,LOCAL,true,/업무사례/부산신평동법무사,false
/업무사례/금정구법무사,case,LOCAL,true,/업무사례/금정구법무사,false
/업무사례/부산금사동법무사,case,LOCAL,true,/업무사례/부산금사동법무사,false
/업무사례/부산금성동법무사,case,LOCAL,true,/업무사례/부산금성동법무사,false
/업무사례/부산구서동법무사,case,LOCAL,true,/업무사례/부산구서동법무사,false
/업무사례/부산남산동법무사,case,LOCAL,true,/업무사례/부산남산동법무사,false
/업무사례/부산노포동법무사,case,LOCAL,true,/업무사례/부산노포동법무사,false
/업무사례/부산두구동법무사,case,LOCAL,true,/업무사례/부산두구동법무사,false
/업무사례/부산부곡동법무사,case,LOCAL,true,/업무사례/부산부곡동법무사,false
/업무사례/부산서동법무사,case,LOCAL,true,/업무사례/부산서동법무사,false
/업무사례/부산선동법무사,case,LOCAL,true,/업무사례/부산선동법무사,false
/업무사례/부산오륜동법무사,case,LOCAL,true,/업무사례/부산오륜동법무사,false
/업무사례/부산장전동법무사,case,LOCAL,true,/업무사례/부산장전동법무사,false
/업무사례/부산청룡동법무사,case,LOCAL,true,/업무사례/부산청룡동법무사,false
/업무사례/부산회동동법무사,case,LOCAL,true,/업무사례/부산회동동법무사,false
/업무사례/강서구법무사,case,LOCAL,true,/업무사례/강서구법무사,false
/업무사례/부산강동동법무사,case,LOCAL,true,/업무사례/부산강동동법무사,false
/업무사례/부산구랑동법무사,case,LOCAL,true,/업무사례/부산구랑동법무사,false
/업무사례/부산눌차동법무사,case,LOCAL,true,/업무사례/부산눌차동법무사,false
/업무사례/부산대저동법무사,case,LOCAL,true,/업무사례/부산대저동법무사,false
/업무사례/부산대항동법무사,case,LOCAL,true,/업무사례/부산대항동법무사,false
/업무사례/부산동선동법무사,case,LOCAL,true,/업무사례/부산동선동법무사,false
/업무사례/부산명지동법무사,case,LOCAL,true,/업무사례/부산명지동법무사,false
/업무사례/부산미음동법무사,case,LOCAL,true,/업무사례/부산미음동법무사,false
/업무사례/부산범방동법무사,case,LOCAL,true,/업무사례/부산범방동법무사,false
/업무사례/부산봉림동법무사,case,LOCAL,true,/업무사례/부산봉림동법무사,false
/업무사례/부산생곡동법무사,case,LOCAL,true,/업무사례/부산생곡동법무사,false
/업무사례/부산성북동법무사,case,LOCAL,true,/업무사례/부산성북동법무사,false
/업무사례/부산식만동법무사,case,LOCAL,true,/업무사례/부산식만동법무사,false
/업무사례/부산신호동법무사,case,LOCAL,true,/업무사례/부산신호동법무사,false
/업무사례/부산죽동동법무사,case,LOCAL,true,/업무사례/부산죽동동법무사,false
/업무사례/부산죽림동법무사,case,LOCAL,true,/업무사례/부산죽림동법무사,false
/업무사례/부산지사동법무사,case,LOCAL,true,/업무사례/부산지사동법무사,false
/업무사례/부산천성동법무사,case,LOCAL,true,/업무사례/부산천성동법무사,false
/업무사례/부산화전동법무사,case,LOCAL,true,/업무사례/부산화전동법무사,false
/업무사례/부산녹산동법무사,case,LOCAL,true,/업무사례/부산녹산동법무사,false
/업무사례/부산가락동법무사,case,LOCAL,true,/업무사례/부산가락동법무사,false
/업무사례/연제구법무사,case,LOCAL,true,/업무사례/연제구법무사,false
/업무사례/부산거제동법무사,case,LOCAL,true,/업무사례/부산거제동법무사,false
/업무사례/부산연산동법무사,case,LOCAL,true,/업무사례/부산연산동법무사,false
/업무사례/부산거제1동법무사,case,LOCAL,false,/업무사례/부산거제1동법무사,false
/업무사례/부산거제2동법무사,case,LOCAL,false,/업무사례/부산거제2동법무사,false
/업무사례/부산거제3동법무사,case,LOCAL,false,/업무사례/부산거제3동법무사,false
/업무사례/부산거제4동법무사,case,LOCAL,false,/업무사례/부산거제4동법무사,false
/업무사례/부산연산1동법무사,case,LOCAL,false,/업무사례/부산연산1동법무사,false
/업무사례/부산연산2동법무사,case,LOCAL,false,/업무사례/부산연산2동법무사,false
/업무사례/부산연산3동법무사,case,LOCAL,false,/업무사례/부산연산3동법무사,false
/업무사례/부산연산4동법무사,case,LOCAL,false,/업무사례/부산연산4동법무사,false
/업무사례/부산연산5동법무사,case,LOCAL,false,/업무사례/부산연산5동법무사,false
/업무사례/부산연산6동법무사,case,LOCAL,false,/업무사례/부산연산6동법무사,false
/업무사례/부산연산8동법무사,case,LOCAL,false,/업무사례/부산연산8동법무사,false
/업무사례/부산연산9동법무사,case,LOCAL,false,/업무사례/부산연산9동법무사,false
/업무사례/수영구법무사,case,LOCAL,true,/업무사례/수영구법무사,false
/업무사례/부산광안동법무사,case,LOCAL,true,/업무사례/부산광안동법무사,false
/업무사례/부산남천동법무사,case,LOCAL,true,/업무사례/부산남천동법무사,false
/업무사례/부산망미동법무사,case,LOCAL,true,/업무사례/부산망미동법무사,false
/업무사례/부산민락동법무사,case,LOCAL,true,/업무사례/부산민락동법무사,false
/업무사례/부산수영동법무사,case,LOCAL,true,/업무사례/부산수영동법무사,false
/업무사례/부산광안1동법무사,case,LOCAL,false,/업무사례/부산광안1동법무사,false
/업무사례/부산광안2동법무사,case,LOCAL,false,/업무사례/부산광안2동법무사,false
/업무사례/부산광안3동법무사,case,LOCAL,false,/업무사례/부산광안3동법무사,false
/업무사례/부산광안4동법무사,case,LOCAL,false,/업무사례/부산광안4동법무사,false
/업무사례/부산남천1동법무사,case,LOCAL,false,/업무사례/부산남천1동법무사,false
/업무사례/부산남천2동법무사,case,LOCAL,false,/업무사례/부산남천2동법무사,false
/업무사례/부산망미1동법무사,case,LOCAL,false,/업무사례/부산망미1동법무사,false
/업무사례/부산망미2동법무사,case,LOCAL,false,/업무사례/부산망미2동법무사,false
/업무사례/사상구법무사,case,LOCAL,true,/업무사례/사상구법무사,false
/업무사례/부산감전동법무사,case,LOCAL,true,/업무사례/부산감전동법무사,false
/업무사례/부산괘법동법무사,case,LOCAL,true,/업무사례/부산괘법동법무사,false
/업무사례/부산덕포동법무사,case,LOCAL,true,/업무사례/부산덕포동법무사,false
/업무사례/부산모라동법무사,case,LOCAL,true,/업무사례/부산모라동법무사,false
/업무사례/부산삼락동법무사,case,LOCAL,true,/업무사례/부산삼락동법무사,false
/업무사례/부산엄궁동법무사,case,LOCAL,true,/업무사례/부산엄궁동법무사,false
/업무사례/부산주례동법무사,case,LOCAL,true,/업무사례/부산주례동법무사,false
/업무사례/부산학장동법무사,case,LOCAL,true,/업무사례/부산학장동법무사,false
/업무사례/기장군법무사,case,LOCAL,true,/업무사례/기장군법무사,false
/업무사례/부산기장읍법무사,case,LOCAL,true,/업무사례/부산기장읍법무사,false
/업무사례/부산정관읍법무사,case,LOCAL,true,/업무사례/부산정관읍법무사,false
/업무사례/부산장안읍법무사,case,LOCAL,true,/업무사례/부산장안읍법무사,false
/업무사례/부산일광읍법무사,case,LOCAL,true,/업무사례/부산일광읍법무사,false
/업무사례/부산철마면법무사,case,LOCAL,true,/업무사례/부산철마면법무사,false
/업무사례/부산국제시장법무사,case,LOCAL,true,/업무사례/부산국제시장법무사,false
/업무사례/부산자갈치시장법무사,case,LOCAL,true,/업무사례/부산자갈치시장법무사,false
/업무사례/부산부평깡통시장법무사,case,LOCAL,true,/업무사례/부산부평깡통시장법무사,false
/업무사례/부산근대역사관법무사,case,LOCAL,false,/업무사례/부산근대역사관법무사,false
/업무사례/부산대학병원법무사,case,LOCAL,true,/업무사례/부산대학병원법무사,false
/업무사례/부산동아대병원법무사,case,LOCAL,false,/업무사례/부산동아대병원법무사,false
/업무사례/부산송도해수욕장법무사,case,LOCAL,true,/업무사례/부산송도해수욕장법무사,false
/업무사례/부산송도해상케이블카법무사,case,LOCAL,false,/업무사례/부산송도해상케이블카법무사,false
/업무사례/부산역법무사,case,LOCAL,true,/업무사례/부산역법무사,false
/업무사례/부산초량역법무사,case,LOCAL,false,/업무사례/부산초량역법무사,false
/업무사례/부산진역법무사,case,LOCAL,false,/업무사례/부산진역법무사,false
/업무사례/부산북항법무사,case,LOCAL,true,/업무사례/부산북항법무사,false
/업무사례/부산항법무사,case,LOCAL,true,/업무사례/부산항법무사,false
/업무사례/부산항국제여객터미널법무사,case,LOCAL,false,/업무사례/부산항국제여객터미널법무사,false
/업무사례/부산차이나타운법무사,case,LOCAL,true,/업무사례/부산차이나타운법무사,false
/업무사례/부산영도대교법무사,case,LOCAL,false,/업무사례/부산영도대교법무사,false
/업무사례/부산태종대법무사,case,LOCAL,true,/업무사례/부산태종대법무사,false
/업무사례/부산흰여울문화마을법무사,case,LOCAL,true,/업무사례/부산흰여울문화마을법무사,false
/업무사례/부산동삼혁신지구법무사,case,LOCAL,true,/업무사례/부산동삼혁신지구법무사,false
/업무사례/부산국립해양박물관법무사,case,LOCAL,false,/업무사례/부산국립해양박물관법무사,false
/업무사례/부산서면법무사,case,LOCAL,true,/업무사례/부산서면법무사,false
/업무사례/부산서면1번가법무사,case,LOCAL,false,/업무사례/부산서면1번가법무사,false
/업무사례/부산전포카페거리법무사,case,LOCAL,false,/업무사례/부산전포카페거리법무사,false
/업무사례/부산시민공원법무사,case,LOCAL,true,/업무사례/부산시민공원법무사,false
/업무사례/부산부전시장법무사,case,LOCAL,true,/업무사례/부산부전시장법무사,false
/업무사례/부산부전역법무사,case,LOCAL,false,/업무사례/부산부전역법무사,false
/업무사례/부산양정역법무사,case,LOCAL,false,/업무사례/부산양정역법무사,false
/업무사례/부산가야역법무사,case,LOCAL,false,/업무사례/부산가야역법무사,false
/업무사례/부산동의대역법무사,case,LOCAL,true,/업무사례/부산동의대역법무사,false
/업무사례/부산개금역법무사,case,LOCAL,false,/업무사례/부산개금역법무사,false
/업무사례/부산동래역법무사,case,LOCAL,true,/업무사례/부산동래역법무사,false
/업무사례/부산미남역법무사,case,LOCAL,true,/업무사례/부산미남역법무사,false
/업무사례/부산사직역법무사,case,LOCAL,false,/업무사례/부산사직역법무사,false
/업무사례/부산온천장법무사,case,LOCAL,true,/업무사례/부산온천장법무사,false
/업무사례/부산온천장역법무사,case,LOCAL,false,/업무사례/부산온천장역법무사,false
/업무사례/부산동래시장법무사,case,LOCAL,true,/업무사례/부산동래시장법무사,false
/업무사례/부산사직야구장법무사,case,LOCAL,false,/업무사례/부산사직야구장법무사,false
/업무사례/부산동래구청법무사,case,LOCAL,false,/업무사례/부산동래구청법무사,false
/업무사례/부산동래문화회관법무사,case,LOCAL,false,/업무사례/부산동래문화회관법무사,false
/업무사례/부산문현금융단지법무사,case,LOCAL,true,/업무사례/부산문현금융단지법무사,false
/업무사례/부산국제금융센터법무사,case,LOCAL,true,/업무사례/부산국제금융센터법무사,false
/업무사례/부산BIFC법무사,case,LOCAL,false,/업무사례/부산BIFC법무사,false
/업무사례/부산대연혁신지구법무사,case,LOCAL,true,/업무사례/부산대연혁신지구법무사,false
/업무사례/부산경성대법무사,case,LOCAL,true,/업무사례/부산경성대법무사,false
/업무사례/부산부경대법무사,case,LOCAL,true,/업무사례/부산부경대법무사,false
/업무사례/부산용호만법무사,case,LOCAL,true,/업무사례/부산용호만법무사,false
/업무사례/부산이기대법무사,case,LOCAL,false,/업무사례/부산이기대법무사,false
/업무사례/부산문현역법무사,case,LOCAL,false,/업무사례/부산문현역법무사,false
/업무사례/부산못골역법무사,case,LOCAL,true,/업무사례/부산못골역법무사,false
/업무사례/부산대연역법무사,case,LOCAL,false,/업무사례/부산대연역법무사,false
/업무사례/부산화명신도시법무사,case,LOCAL,true,/업무사례/부산화명신도시법무사,false
/업무사례/부산구포역법무사,case,LOCAL,true,/업무사례/부산구포역법무사,false
/업무사례/부산구포시장법무사,case,LOCAL,false,/업무사례/부산구포시장법무사,false
/업무사례/부산만덕역법무사,case,LOCAL,false,/업무사례/부산만덕역법무사,false
/업무사례/부산화명역법무사,case,LOCAL,false,/업무사례/부산화명역법무사,false
/업무사례/부산율리역법무사,case,LOCAL,true,/업무사례/부산율리역법무사,false
/업무사례/부산금곡역법무사,case,LOCAL,false,/업무사례/부산금곡역법무사,false
/업무사례/부산덕천역법무사,case,LOCAL,true,/업무사례/부산덕천역법무사,false
/업무사례/부산북구청법무사,case,LOCAL,false,/업무사례/부산북구청법무사,false
/업무사례/부산과학기술대학교법무사,case,LOCAL,true,/업무사례/부산과학기술대학교법무사,false
/업무사례/부산해운대법무사,case,LOCAL,true,/업무사례/부산해운대법무사,false
/업무사례/부산센텀법무사,case,LOCAL,true,/업무사례/부산센텀법무사,false
/업무사례/부산센텀시티법무사,case,LOCAL,false,/업무사례/부산센텀시티법무사,false
/업무사례/부산마린시티법무사,case,LOCAL,true,/업무사례/부산마린시티법무사,false
/업무사례/부산엘시티법무사,case,LOCAL,true,/업무사례/부산엘시티법무사,false
/업무사례/부산벡스코법무사,case,LOCAL,false,/업무사례/부산벡스코법무사,false
/업무사례/부산센텀역법무사,case,LOCAL,false,/업무사례/부산센텀역법무사,false
/업무사례/부산재송역법무사,case,LOCAL,false,/업무사례/부산재송역법무사,false
/업무사례/부산해운대역법무사,case,LOCAL,false,/업무사례/부산해운대역법무사,false
/업무사례/부산중동역법무사,case,LOCAL,false,/업무사례/부산중동역법무사,false
/업무사례/부산장산역법무사,case,LOCAL,true,/업무사례/부산장산역법무사,false
/업무사례/부산송정역법무사,case,LOCAL,false,/업무사례/부산송정역법무사,false
/업무사례/부산반여농산물시장법무사,case,LOCAL,true,/업무사례/부산반여농산물시장법무사,false
/업무사례/부산달맞이길법무사,case,LOCAL,true,/업무사례/부산달맞이길법무사,false
/업무사례/부산미포법무사,case,LOCAL,false,/업무사례/부산미포법무사,false
/업무사례/부산청사포법무사,case,LOCAL,true,/업무사례/부산청사포법무사,false
/업무사례/부산해운대해수욕장법무사,case,LOCAL,false,/업무사례/부산해운대해수욕장법무사,false
/업무사례/부산송정해수욕장법무사,case,LOCAL,false,/업무사례/부산송정해수욕장법무사,false
/업무사례/부산광안리법무사,case,LOCAL,true,/업무사례/부산광안리법무사,false
/업무사례/부산광안대교법무사,case,LOCAL,false,/업무사례/부산광안대교법무사,false
/업무사례/부산광안역법무사,case,LOCAL,false,/업무사례/부산광안역법무사,false
/업무사례/부산금련산역법무사,case,LOCAL,true,/업무사례/부산금련산역법무사,false
/업무사례/부산남천역법무사,case,LOCAL,false,/업무사례/부산남천역법무사,false
/업무사례/부산수영역법무사,case,LOCAL,true,/업무사례/부산수영역법무사,false
/업무사례/부산망미역법무사,case,LOCAL,false,/업무사례/부산망미역법무사,false
/업무사례/부산민락수변공원법무사,case,LOCAL,false,/업무사례/부산민락수변공원법무사,false
/업무사례/부산민락항법무사,case,LOCAL,false,/업무사례/부산민락항법무사,false
/업무사례/부산망미단길법무사,case,LOCAL,true,/업무사례/부산망미단길법무사,false
/업무사례/부산수영교차로법무사,case,LOCAL,false,/업무사례/부산수영교차로법무사,false
/업무사례/부산다대포법무사,case,LOCAL,true,/업무사례/부산다대포법무사,false
/업무사례/부산감천문화마을법무사,case,LOCAL,true,/업무사례/부산감천문화마을법무사,false
/업무사례/부산하단오거리법무사,case,LOCAL,true,/업무사례/부산하단오거리법무사,false
/업무사례/부산다대포해수욕장역법무사,case,LOCAL,false,/업무사례/부산다대포해수욕장역법무사,false
/업무사례/부산신평역법무사,case,LOCAL,false,/업무사례/부산신평역법무사,false
/업무사례/부산장림역법무사,case,LOCAL,false,/업무사례/부산장림역법무사,false
/업무사례/부산낫개역법무사,case,LOCAL,true,/업무사례/부산낫개역법무사,false
/업무사례/부산동매역법무사,case,LOCAL,true,/업무사례/부산동매역법무사,false
/업무사례/부산하단역법무사,case,LOCAL,false,/업무사례/부산하단역법무사,false
/업무사례/부산현대미술관법무사,case,LOCAL,false,/업무사례/부산현대미술관법무사,false
/업무사례/부산사상역법무사,case,LOCAL,true,/업무사례/부산사상역법무사,false
/업무사례/부산서부버스터미널법무사,case,LOCAL,false,/업무사례/부산서부버스터미널법무사,false
/업무사례/부산서부시외버스터미널법무사,case,LOCAL,false,/업무사례/부산서부시외버스터미널법무사,false
/업무사례/부산주례역법무사,case,LOCAL,false,/업무사례/부산주례역법무사,false
/업무사례/부산냉정역법무사,case,LOCAL,true,/업무사례/부산냉정역법무사,false
/업무사례/부산괘법르네시떼역법무사,case,LOCAL,false,/업무사례/부산괘법르네시떼역법무사,false
/업무사례/부산삼락생태공원법무사,case,LOCAL,false,/업무사례/부산삼락생태공원법무사,false
/업무사례/부산사상공업지역법무사,case,LOCAL,true,/업무사례/부산사상공업지역법무사,false
/업무사례/부산학장공단법무사,case,LOCAL,true,/업무사례/부산학장공단법무사,false
/업무사례/부산대법무사,case,LOCAL,true,/업무사례/부산대법무사,false
/업무사례/부산대역법무사,case,LOCAL,false,/업무사례/부산대역법무사,false
/업무사례/부산장전역법무사,case,LOCAL,false,/업무사례/부산장전역법무사,false
/업무사례/부산구서역법무사,case,LOCAL,false,/업무사례/부산구서역법무사,false
/업무사례/부산두실역법무사,case,LOCAL,true,/업무사례/부산두실역법무사,false
/업무사례/부산남산역법무사,case,LOCAL,false,/업무사례/부산남산역법무사,false
/업무사례/부산범어사역법무사,case,LOCAL,true,/업무사례/부산범어사역법무사,false
/업무사례/부산노포역법무사,case,LOCAL,true,/업무사례/부산노포역법무사,false
/업무사례/부산금정구청법무사,case,LOCAL,false,/업무사례/부산금정구청법무사,false
/업무사례/부산금사공업지역법무사,case,LOCAL,true,/업무사례/부산금사공업지역법무사,false
/업무사례/부산명지법무사,case,LOCAL,true,/업무사례/부산명지법무사,false
/업무사례/부산명지국제신도시법무사,case,LOCAL,false,/업무사례/부산명지국제신도시법무사,false
/업무사례/부산에코델타시티법무사,case,LOCAL,true,/업무사례/부산에코델타시티법무사,false
/업무사례/부산가덕도법무사,case,LOCAL,true,/업무사례/부산가덕도법무사,false
/업무사례/부산신항법무사,case,LOCAL,true,/업무사례/부산신항법무사,false
/업무사례/부산가덕도신공항법무사,case,LOCAL,true,/업무사례/부산가덕도신공항법무사,false
/업무사례/부산서부산권법무사,case,LOCAL,true,/업무사례/부산서부산권법무사,false
/업무사례/부산국제산업물류도시법무사,case,LOCAL,true,/업무사례/부산국제산업물류도시법무사,false
/업무사례/부산연구개발특구법무사,case,LOCAL,true,/업무사례/부산연구개발특구법무사,false
/업무사례/부산녹산국가산업단지법무사,case,LOCAL,true,/업무사례/부산녹산국가산업단지법무사,false
/업무사례/부산시청법무사,case,LOCAL,true,/업무사례/부산시청법무사,false
/업무사례/부산법원법무사,case,LOCAL,false,/업무사례/부산법원법무사,false
/업무사례/부산거제역법무사,case,LOCAL,false,/업무사례/부산거제역법무사,false
/업무사례/부산교대역법무사,case,LOCAL,true,/업무사례/부산교대역법무사,false
/업무사례/부산연산역법무사,case,LOCAL,true,/업무사례/부산연산역법무사,false
/업무사례/부산시청역법무사,case,LOCAL,false,/업무사례/부산시청역법무사,false
/업무사례/부산연제구청법무사,case,LOCAL,false,/업무사례/부산연제구청법무사,false
/업무사례/부산정관신도시법무사,case,LOCAL,true,/업무사례/부산정관신도시법무사,false
/업무사례/부산일광신도시법무사,case,LOCAL,true,/업무사례/부산일광신도시법무사,false
/업무사례/부산오시리아법무사,case,LOCAL,true,/업무사례/부산오시리아법무사,false
/업무사례/부산동부산관광단지법무사,case,LOCAL,false,/업무사례/부산동부산관광단지법무사,false
/업무사례/부산기장시장법무사,case,LOCAL,true,/업무사례/부산기장시장법무사,false
/업무사례/부산기장역법무사,case,LOCAL,true,/업무사례/부산기장역법무사,false
/업무사례/부산일광역법무사,case,LOCAL,false,/업무사례/부산일광역법무사,false
/업무사례/부산일광해수욕장법무사,case,LOCAL,true,/업무사례/부산일광해수욕장법무사,false
/업무사례/부산롯데월드어드벤처법무사,case,LOCAL,false,/업무사례/부산롯데월드어드벤처법무사,false
/업무사례/부산동부산롯데아울렛법무사,case,LOCAL,false,/업무사례/부산동부산롯데아울렛법무사,false
/업무사례/부산기장군청법무사,case,LOCAL,false,/업무사례/부산기장군청법무사,false
/업무사례/부산정관산업단지법무사,case,LOCAL,true,/업무사례/부산정관산업단지법무사,false
/업무사례/부산장안산업단지법무사,case,LOCAL,true,/업무사례/부산장안산업단지법무사,false
/업무사례/부산명례산업단지법무사,case,LOCAL,true,/업무사례/부산명례산업단지법무사,false
/업무사례/부산센텀2지구법무사,case,LOCAL,true,/업무사례/부산센텀2지구법무사,false
/업무사례/부산센텀2지구도시첨단산업단지법무사,case,LOCAL,false,/업무사례/부산센텀2지구도시첨단산업단지법무사,false
/업무사례/부산회동석대산업단지법무사,case,LOCAL,true,/업무사례/부산회동석대산업단지법무사,false
/업무사례/부산회동석대도시첨단산업단지법무사,case,LOCAL,false,/업무사례/부산회동석대도시첨단산업단지법무사,false
/업무사례/부산진해경제자유구역법무사,case,LOCAL,true,/업무사례/부산진해경제자유구역법무사,false
/업무사례/부산미음산업단지법무사,case,LOCAL,true,/업무사례/부산미음산업단지법무사,false
/업무사례/부산화전산업단지법무사,case,LOCAL,true,/업무사례/부산화전산업단지법무사,false
/업무사례/부산생곡산업단지법무사,case,LOCAL,true,/업무사례/부산생곡산업단지법무사,false
/업무사례/부산지사과학산업단지법무사,case,LOCAL,true,/업무사례/부산지사과학산업단지법무사,false
/업무사례/부산지사글로벌산업단지법무사,case,LOCAL,false,/업무사례/부산지사글로벌산업단지법무사,false
/업무사례/부산서부산복합산업단지법무사,case,LOCAL,true,/업무사례/부산서부산복합산업단지법무사,false
/업무사례/부산강서해성산업단지법무사,case,LOCAL,true,/업무사례/부산강서해성산업단지법무사,false
/업무사례/부산명동산업단지법무사,case,LOCAL,true,/업무사례/부산명동산업단지법무사,false
/업무사례/부산명서산업단지법무사,case,LOCAL,true,/업무사례/부산명서산업단지법무사,false
/업무사례/부산신평장림산업단지법무사,case,LOCAL,true,/업무사례/부산신평장림산업단지법무사,false
/업무사례/부산서부산스마트밸리법무사,case,LOCAL,true,/업무사례/부산서부산스마트밸리법무사,false
/업무사례/부산산양산업단지법무사,case,LOCAL,true,/업무사례/부산산양산업단지법무사,false
/업무사례/부산사상산업단지법무사,case,LOCAL,false,/업무사례/부산사상산업단지법무사,false
/업무사례/부산사상재생사업지구법무사,case,LOCAL,true,/업무사례/부산사상재생사업지구법무사,false
/업무사례/부산모라도시첨단산업단지법무사,case,LOCAL,true,/업무사례/부산모라도시첨단산업단지법무사,false
/업무사례/부산금곡도시첨단산업단지법무사,case,LOCAL,true,/업무사례/부산금곡도시첨단산업단지법무사,false
/업무사례/부산정관농공단지법무사,case,LOCAL,false,/업무사례/부산정관농공단지법무사,false
/업무사례/부산반룡산업단지법무사,case,LOCAL,true,/업무사례/부산반룡산업단지법무사,false
/업무사례/부산에코장안산업단지법무사,case,LOCAL,true,/업무사례/부산에코장안산업단지법무사,false
/업무사례/부산동남권방사선의과학산업단지법무사,case,LOCAL,true,/업무사례/부산동남권방사선의과학산업단지법무사,false
/업무사례/부산지방법원법무사,case,LOCAL,true,/업무사례/부산지방법원법무사,false
/업무사례/부산고등법원법무사,case,LOCAL,false,/업무사례/부산고등법원법무사,false
/업무사례/부산가정법원법무사,case,LOCAL,true,/업무사례/부산가정법원법무사,false
/업무사례/부산회생법원법무사,case,LOCAL,true,/업무사례/부산회생법원법무사,false
/업무사례/부산지방법원등기국법무사,case,LOCAL,true,/업무사례/부산지방법원등기국법무사,false
/업무사례/부산거제동법원법무사,case,LOCAL,false,/업무사례/부산거제동법원법무사,false
/업무사례/부산동부지원법무사,case,LOCAL,true,/업무사례/부산동부지원법무사,false
/업무사례/부산해운대동부지원법무사,case,LOCAL,false,/업무사례/부산해운대동부지원법무사,false
/업무사례/부산서부지원법무사,case,LOCAL,true,/업무사례/부산서부지원법무사,false
/업무사례/부산강서서부지원법무사,case,LOCAL,false,/업무사례/부산강서서부지원법무사,false
/업무사례/부산서부지원등기과법무사,case,LOCAL,false,/업무사례/부산서부지원등기과법무사,false
/업무사례/부산등기국법무사,case,LOCAL,false,/업무사례/부산등기국법무사,false
/전국업무,pillar,OTHER,true,/전국업무,false
/전국상속등기,pillar,OTHER,true,/전국상속등기,false
/전국유증등기,pillar,OTHER,true,/전국유증등기,false
/여러지역상속부동산등기,pillar,OTHER,true,/여러지역상속부동산등기,false
/전국법인본점이전등기,pillar,OTHER,true,/전국법인본점이전등기,false
/전국공동담보등기,pillar,OTHER,true,/전국공동담보등기,false
/업무사례/전국업무사례,case,OTHER,true,/업무사례/전국업무사례,false
/업무사례/전국상속등기법무사,case,LOCAL,true,/업무사례/전국상속등기법무사,false
/업무사례/전국유증등기법무사,case,LOCAL,true,/업무사례/전국유증등기법무사,false
/업무사례/전국상속부동산일괄등기,case,OTHER,true,/업무사례/전국상속부동산일괄등기,false
/업무사례/전국법인본점이전등기,case,OTHER,true,/업무사례/전국법인본점이전등기,false
/업무사례/전국공동근저당권등기,case,OTHER,true,/업무사례/전국공동근저당권등기,false
/업무사례/전국비대면법무사,case,LOCAL,true,/업무사례/전국비대면법무사,false
/업무사례/타지역법무사의뢰,case,OTHER,true,/업무사례/타지역법무사의뢰,false
/업무사례/지역별상속등기법무사,case,LOCAL,true,/업무사례/지역별상속등기법무사,false
/업무사례/서울상속등기법무사,case,LOCAL,true,/업무사례/서울상속등기법무사,false
/업무사례/경기상속등기법무사,case,LOCAL,true,/업무사례/경기상속등기법무사,false
/업무사례/인천상속등기법무사,case,LOCAL,true,/업무사례/인천상속등기법무사,false
/업무사례/경남상속등기법무사,case,LOCAL,true,/업무사례/경남상속등기법무사,false
/업무사례/울산상속등기법무사,case,LOCAL,true,/업무사례/울산상속등기법무사,false
/업무사례/대구상속등기법무사,case,LOCAL,true,/업무사례/대구상속등기법무사,false
/업무사례/대전상속등기법무사,case,LOCAL,true,/업무사례/대전상속등기법무사,false
/업무사례/세종상속등기법무사,case,LOCAL,true,/업무사례/세종상속등기법무사,false
/업무사례/충남상속등기법무사,case,LOCAL,true,/업무사례/충남상속등기법무사,false
/업무사례/충북상속등기법무사,case,LOCAL,true,/업무사례/충북상속등기법무사,false
/업무사례/광주상속등기법무사,case,LOCAL,true,/업무사례/광주상속등기법무사,false
/업무사례/전남상속등기법무사,case,LOCAL,true,/업무사례/전남상속등기법무사,false
/업무사례/전북상속등기법무사,case,LOCAL,true,/업무사례/전북상속등기법무사,false
/업무사례/경북상속등기법무사,case,LOCAL,true,/업무사례/경북상속등기법무사,false
/업무사례/강원상속등기법무사,case,LOCAL,true,/업무사례/강원상속등기법무사,false
/업무사례/제주상속등기법무사,case,LOCAL,true,/업무사례/제주상속등기법무사,false
/업무사례/강남구상속등기법무사,case,LOCAL,true,/업무사례/강남구상속등기법무사,false
/업무사례/서초구상속등기법무사,case,LOCAL,true,/업무사례/서초구상속등기법무사,false
/업무사례/송파구상속등기법무사,case,LOCAL,true,/업무사례/송파구상속등기법무사,false
/업무사례/마포구상속등기법무사,case,LOCAL,true,/업무사례/마포구상속등기법무사,false
/업무사례/용산구상속등기법무사,case,LOCAL,true,/업무사례/용산구상속등기법무사,false
/업무사례/영등포구상속등기법무사,case,LOCAL,true,/업무사례/영등포구상속등기법무사,false
/업무사례/성동구상속등기법무사,case,LOCAL,true,/업무사례/성동구상속등기법무사,false
/업무사례/강서구상속등기법무사,case,LOCAL,true,/업무사례/강서구상속등기법무사,false
/업무사례/노원구상속등기법무사,case,LOCAL,true,/업무사례/노원구상속등기법무사,false
/업무사례/은평구상속등기법무사,case,LOCAL,true,/업무사례/은평구상속등기법무사,false
/업무사례/수원상속등기법무사,case,LOCAL,true,/업무사례/수원상속등기법무사,false
/업무사례/성남상속등기법무사,case,LOCAL,true,/업무사례/성남상속등기법무사,false
/업무사례/분당상속등기법무사,case,LOCAL,true,/업무사례/분당상속등기법무사,false
/업무사례/용인상속등기법무사,case,LOCAL,true,/업무사례/용인상속등기법무사,false
/업무사례/고양상속등기법무사,case,LOCAL,true,/업무사례/고양상속등기법무사,false
/업무사례/일산상속등기법무사,case,LOCAL,true,/업무사례/일산상속등기법무사,false
/업무사례/화성상속등기법무사,case,LOCAL,true,/업무사례/화성상속등기법무사,false
/업무사례/동탄상속등기법무사,case,LOCAL,true,/업무사례/동탄상속등기법무사,false
/업무사례/부천상속등기법무사,case,LOCAL,true,/업무사례/부천상속등기법무사,false
/업무사례/안양상속등기법무사,case,LOCAL,true,/업무사례/안양상속등기법무사,false
/업무사례/안산상속등기법무사,case,LOCAL,true,/업무사례/안산상속등기법무사,false
/업무사례/평택상속등기법무사,case,LOCAL,true,/업무사례/평택상속등기법무사,false
/업무사례/김포상속등기법무사,case,LOCAL,true,/업무사례/김포상속등기법무사,false
/업무사례/남양주상속등기법무사,case,LOCAL,true,/업무사례/남양주상속등기법무사,false
/업무사례/하남상속등기법무사,case,LOCAL,true,/업무사례/하남상속등기법무사,false
/업무사례/파주상속등기법무사,case,LOCAL,true,/업무사례/파주상속등기법무사,false
/업무사례/의정부상속등기법무사,case,LOCAL,true,/업무사례/의정부상속등기법무사,false
/업무사례/광명상속등기법무사,case,LOCAL,true,/업무사례/광명상속등기법무사,false
/업무사례/송도상속등기법무사,case,LOCAL,true,/업무사례/송도상속등기법무사,false
/업무사례/청라상속등기법무사,case,LOCAL,true,/업무사례/청라상속등기법무사,false
/업무사례/부평구상속등기법무사,case,LOCAL,true,/업무사례/부평구상속등기법무사,false
/업무사례/남동구상속등기법무사,case,LOCAL,true,/업무사례/남동구상속등기법무사,false
/업무사례/영종도상속등기법무사,case,LOCAL,true,/업무사례/영종도상속등기법무사,false
/업무사례/강화도상속등기법무사,case,LOCAL,true,/업무사례/강화도상속등기법무사,false
/업무사례/창원상속등기법무사,case,LOCAL,true,/업무사례/창원상속등기법무사,false
/업무사례/김해상속등기법무사,case,LOCAL,true,/업무사례/김해상속등기법무사,false
/업무사례/양산상속등기법무사,case,LOCAL,true,/업무사례/양산상속등기법무사,false
/업무사례/진주상속등기법무사,case,LOCAL,true,/업무사례/진주상속등기법무사,false
/업무사례/거제상속등기법무사,case,LOCAL,true,/업무사례/거제상속등기법무사,false
/업무사례/울산남구상속등기법무사,case,LOCAL,true,/업무사례/울산남구상속등기법무사,false
/업무사례/울주군상속등기법무사,case,LOCAL,true,/업무사례/울주군상속등기법무사,false
/업무사례/대구수성구상속등기법무사,case,LOCAL,true,/업무사례/대구수성구상속등기법무사,false
/업무사례/대구달서구상속등기법무사,case,LOCAL,true,/업무사례/대구달서구상속등기법무사,false
/업무사례/포항상속등기법무사,case,LOCAL,true,/업무사례/포항상속등기법무사,false
/업무사례/구미상속등기법무사,case,LOCAL,true,/업무사례/구미상속등기법무사,false
/업무사례/경산상속등기법무사,case,LOCAL,true,/업무사례/경산상속등기법무사,false
/업무사례/경주상속등기법무사,case,LOCAL,true,/업무사례/경주상속등기법무사,false
/업무사례/대전유성구상속등기법무사,case,LOCAL,true,/업무사례/대전유성구상속등기법무사,false
/업무사례/천안상속등기법무사,case,LOCAL,true,/업무사례/천안상속등기법무사,false
/업무사례/아산상속등기법무사,case,LOCAL,true,/업무사례/아산상속등기법무사,false
/업무사례/청주상속등기법무사,case,LOCAL,true,/업무사례/청주상속등기법무사,false
/업무사례/충주상속등기법무사,case,LOCAL,true,/업무사례/충주상속등기법무사,false
/업무사례/전주상속등기법무사,case,LOCAL,true,/업무사례/전주상속등기법무사,false
/업무사례/익산상속등기법무사,case,LOCAL,true,/업무사례/익산상속등기법무사,false
/업무사례/군산상속등기법무사,case,LOCAL,true,/업무사례/군산상속등기법무사,false
/업무사례/순천상속등기법무사,case,LOCAL,true,/업무사례/순천상속등기법무사,false
/업무사례/여수상속등기법무사,case,LOCAL,true,/업무사례/여수상속등기법무사,false
/업무사례/목포상속등기법무사,case,LOCAL,true,/업무사례/목포상속등기법무사,false
/업무사례/원주상속등기법무사,case,LOCAL,true,/업무사례/원주상속등기법무사,false
/업무사례/춘천상속등기법무사,case,LOCAL,true,/업무사례/춘천상속등기법무사,false
/업무사례/강릉상속등기법무사,case,LOCAL,true,/업무사례/강릉상속등기법무사,false
/업무사례/제주시상속등기법무사,case,LOCAL,true,/업무사례/제주시상속등기법무사,false
/업무사례/서귀포상속등기법무사,case,LOCAL,true,/업무사례/서귀포상속등기법무사,false
/업무사례/시흥상속등기법무사,case,LOCAL,true,/업무사례/시흥상속등기법무사,false
/업무사례/경기광주상속등기법무사,case,LOCAL,true,/업무사례/경기광주상속등기법무사,false
/업무사례/판교상속등기법무사,case,LOCAL,true,/업무사례/판교상속등기법무사,false
/업무사례/광교상속등기법무사,case,LOCAL,true,/업무사례/광교상속등기법무사,false
/업무사례/이천상속등기법무사,case,LOCAL,true,/업무사례/이천상속등기법무사,false
/업무사례/구리상속등기법무사,case,LOCAL,true,/업무사례/구리상속등기법무사,false
/업무사례/양주상속등기법무사,case,LOCAL,true,/업무사례/양주상속등기법무사,false
/업무사례/강동구상속등기법무사,case,LOCAL,true,/업무사례/강동구상속등기법무사,false
/업무사례/관악구상속등기법무사,case,LOCAL,true,/업무사례/관악구상속등기법무사,false
/업무사례/구로구상속등기법무사,case,LOCAL,true,/업무사례/구로구상속등기법무사,false
/업무사례/대전서구상속등기법무사,case,LOCAL,true,/업무사례/대전서구상속등기법무사,false
/업무사례/당진상속등기법무사,case,LOCAL,true,/업무사례/당진상속등기법무사,false
/업무사례/제천상속등기법무사,case,LOCAL,true,/업무사례/제천상속등기법무사,false
/업무사례/속초상속등기법무사,case,LOCAL,true,/업무사례/속초상속등기법무사,false
/업무사례/광양상속등기법무사,case,LOCAL,true,/업무사례/광양상속등기법무사,false
/업무사례/군포상속등기법무사,case,LOCAL,true,/업무사례/군포상속등기법무사,false
/업무사례/의왕과천상속등기법무사,case,LOCAL,true,/업무사례/의왕과천상속등기법무사,false
/업무사례/오산안성상속등기법무사,case,LOCAL,true,/업무사례/오산안성상속등기법무사,false
/업무사례/여주양평상속등기법무사,case,LOCAL,true,/업무사례/여주양평상속등기법무사,false
/업무사례/포천동두천상속등기법무사,case,LOCAL,true,/업무사례/포천동두천상속등기법무사,false
/업무사례/가평상속등기법무사,case,LOCAL,true,/업무사례/가평상속등기법무사,false
/업무사례/서산보령상속등기법무사,case,LOCAL,true,/업무사례/서산보령상속등기법무사,false
/업무사례/공주상속등기법무사,case,LOCAL,true,/업무사례/공주상속등기법무사,false
/업무사례/나주정읍상속등기법무사,case,LOCAL,true,/업무사례/나주정읍상속등기법무사,false
/업무사례/남원상속등기법무사,case,LOCAL,true,/업무사례/남원상속등기법무사,false
/업무사례/동해삼척상속등기법무사,case,LOCAL,true,/업무사례/동해삼척상속등기법무사,false
/업무사례/홍천상속등기법무사,case,LOCAL,true,/업무사례/홍천상속등기법무사,false
/업무사례/경남법무사업무,case,OTHER,true,/업무사례/경남법무사업무,false
/업무사례/장유상속등기법무사,case,LOCAL,true,/업무사례/장유상속등기법무사,false
/업무사례/율하상속등기법무사,case,LOCAL,true,/업무사례/율하상속등기법무사,false
/업무사례/물금상속등기법무사,case,LOCAL,true,/업무사례/물금상속등기법무사,false
/업무사례/증산상속등기법무사,case,LOCAL,true,/업무사례/증산상속등기법무사,false
/업무사례/사송상속등기법무사,case,LOCAL,true,/업무사례/사송상속등기법무사,false
/업무사례/창원의창구상속등기법무사,case,LOCAL,true,/업무사례/창원의창구상속등기법무사,false
/업무사례/창원성산구상속등기법무사,case,LOCAL,true,/업무사례/창원성산구상속등기법무사,false
/업무사례/마산합포구상속등기법무사,case,LOCAL,true,/업무사례/마산합포구상속등기법무사,false
/업무사례/마산회원구상속등기법무사,case,LOCAL,true,/업무사례/마산회원구상속등기법무사,false
/업무사례/진해구상속등기법무사,case,LOCAL,true,/업무사례/진해구상속등기법무사,false
/업무사례/경남상속등기비용,case,OTHER,true,/업무사례/경남상속등기비용,false
/업무사례/김해상속등기비용,case,OTHER,true,/업무사례/김해상속등기비용,false
/업무사례/양산상속등기비용,case,OTHER,true,/업무사례/양산상속등기비용,false
/업무사례/창원상속등기비용,case,OTHER,true,/업무사례/창원상속등기비용,false
/업무사례/김해상속등기필요서류,case,OTHER,true,/업무사례/김해상속등기필요서류,false
/업무사례/양산상속등기필요서류,case,OTHER,true,/업무사례/양산상속등기필요서류,false
/업무사례/창원상속등기필요서류,case,OTHER,true,/업무사례/창원상속등기필요서류,false
/업무사례/부산거주김해부동산상속,case,OTHER,true,/업무사례/부산거주김해부동산상속,false
/업무사례/김해거주부산부동산상속,case,OTHER,true,/업무사례/김해거주부산부동산상속,false
/업무사례/부산거주양산부동산상속,case,OTHER,true,/업무사례/부산거주양산부동산상속,false
/업무사례/양산거주부산부동산상속,case,OTHER,true,/업무사례/양산거주부산부동산상속,false
/업무사례/경남오래된상속등기,case,OTHER,true,/업무사례/경남오래된상속등기,false
/업무사례/경남조부모명의토지상속,case,OTHER,true,/업무사례/경남조부모명의토지상속,false
/업무사례/경남여러필지토지상속,case,OTHER,true,/업무사례/경남여러필지토지상속,false
/업무사례/경남유증등기법무사,case,LOCAL,true,/업무사례/경남유증등기법무사,false
/업무사례/경남법인등기법무사,case,LOCAL,true,/업무사례/경남법인등기법무사,false
/업무사례/김해법인등기법무사,case,LOCAL,true,/업무사례/김해법인등기법무사,false
/업무사례/양산법인등기법무사,case,LOCAL,true,/업무사례/양산법인등기법무사,false
/업무사례/창원법인등기법무사,case,LOCAL,true,/업무사례/창원법인등기법무사,false
/업무사례/김해에서부산법인본점이전,case,OTHER,true,/업무사례/김해에서부산법인본점이전,false
/업무사례/부산에서김해법인본점이전,case,OTHER,true,/업무사례/부산에서김해법인본점이전,false
/업무사례/양산에서부산법인본점이전,case,OTHER,true,/업무사례/양산에서부산법인본점이전,false
/업무사례/부산에서양산법인본점이전,case,OTHER,true,/업무사례/부산에서양산법인본점이전,false
/업무사례/창원에서부산법인본점이전,case,OTHER,true,/업무사례/창원에서부산법인본점이전,false
/업무사례/부산에서창원법인본점이전,case,OTHER,true,/업무사례/부산에서창원법인본점이전,false
/업무사례/부산김해양산공동근저당권,case,OTHER,true,/업무사례/부산김해양산공동근저당권,false
/업무사례/경남공장공동근저당권,case,OTHER,true,/업무사례/경남공장공동근저당권,false
/업무사례/양산법무사업무,case,OTHER,true,/업무사례/양산법무사업무,false
/업무사례/양산상속포기한정승인,case,OTHER,true,/업무사례/양산상속포기한정승인,false
/업무사례/양산증여등기법무사,case,LOCAL,true,/업무사례/양산증여등기법무사,false
/업무사례/양산부동산등기법무사,case,LOCAL,true,/업무사례/양산부동산등기법무사,false
/업무사례/양산근저당말소,case,OTHER,true,/업무사례/양산근저당말소,false
/업무사례/양산건물멸실등기,case,OTHER,true,/업무사례/양산건물멸실등기,false
/업무사례/양산신축건물보존등기,case,OTHER,true,/업무사례/양산신축건물보존등기,false
/업무사례/양산개인회생법무사,case,LOCAL,true,/업무사례/양산개인회생법무사,false
/업무사례/통영상속등기법무사,case,LOCAL,true,/업무사례/통영상속등기법무사,false
/업무사례/통영상속포기한정승인,case,OTHER,true,/업무사례/통영상속포기한정승인,false
/업무사례/거제상속포기법무사,case,LOCAL,true,/업무사례/거제상속포기법무사,false
/업무사례/경남비대면상속안내,case,OTHER,true,/업무사례/경남비대면상속안내,false
/업무사례/사천상속등기법무사,case,LOCAL,true,/업무사례/사천상속등기법무사,false
/업무사례/고성군상속등기법무사,case,LOCAL,true,/업무사례/고성군상속등기법무사,false
/업무사례/남해상속등기법무사,case,LOCAL,true,/업무사례/남해상속등기법무사,false
/업무사례/밀양상속등기법무사,case,LOCAL,true,/업무사례/밀양상속등기법무사,false
/업무사례/하동상속등기법무사,case,LOCAL,true,/업무사례/하동상속등기법무사,false
/업무사례/진주상속포기한정승인,case,OTHER,true,/업무사례/진주상속포기한정승인,false
/업무사례/창녕상속등기법무사,case,LOCAL,true,/업무사례/창녕상속등기법무사,false
/업무사례/함안상속등기법무사,case,LOCAL,true,/업무사례/함안상속등기법무사,false
/업무사례/산청상속등기법무사,case,LOCAL,true,/업무사례/산청상속등기법무사,false
/업무사례/함양상속등기법무사,case,LOCAL,true,/업무사례/함양상속등기법무사,false
/업무사례/거창상속등기법무사,case,LOCAL,true,/업무사례/거창상속등기법무사,false
/업무사례/합천상속등기법무사,case,LOCAL,true,/업무사례/합천상속등기법무사,false
/업무사례/의령상속등기법무사,case,LOCAL,true,/업무사례/의령상속등기법무사,false
/업무사례/울산법무사업무,case,OTHER,true,/업무사례/울산법무사업무,false
/업무사례/울산중구상속등기법무사,case,LOCAL,true,/업무사례/울산중구상속등기법무사,false
/업무사례/울산동구상속등기법무사,case,LOCAL,true,/업무사례/울산동구상속등기법무사,false
/업무사례/울산북구상속등기법무사,case,LOCAL,true,/업무사례/울산북구상속등기법무사,false
/업무사례/울산삼산동상속등기,case,OTHER,true,/업무사례/울산삼산동상속등기,false
/업무사례/울산달동상속등기,case,OTHER,true,/업무사례/울산달동상속등기,false
/업무사례/울산옥동상속등기,case,OTHER,true,/업무사례/울산옥동상속등기,false
/업무사례/울산송정동상속등기,case,OTHER,true,/업무사례/울산송정동상속등기,false
/업무사례/울산매곡동상속등기,case,OTHER,true,/업무사례/울산매곡동상속등기,false
/업무사례/울주범서상속등기,case,OTHER,true,/업무사례/울주범서상속등기,false
/업무사례/울주언양상속등기,case,OTHER,true,/업무사례/울주언양상속등기,false
/업무사례/울주삼남상속등기,case,OTHER,true,/업무사례/울주삼남상속등기,false
/업무사례/울산상속등기비용,case,OTHER,true,/업무사례/울산상속등기비용,false
/업무사례/울산상속등기필요서류,case,OTHER,true,/업무사례/울산상속등기필요서류,false
/업무사례/울산아파트상속등기,case,OTHER,true,/업무사례/울산아파트상속등기,false
/업무사례/울산토지상속등기,case,OTHER,true,/업무사례/울산토지상속등기,false
/업무사례/울산공장상속등기,case,OTHER,true,/업무사례/울산공장상속등기,false
/업무사례/울산유증등기법무사,case,LOCAL,true,/업무사례/울산유증등기법무사,false
/업무사례/울산에서부산법인본점이전,case,OTHER,true,/업무사례/울산에서부산법인본점이전,false
/업무사례/부산에서울산법인본점이전,case,OTHER,true,/업무사례/부산에서울산법인본점이전,false
/업무사례/부산울산공동근저당권,case,OTHER,true,/업무사례/부산울산공동근저당권,false
/업무사례/울주군상속포기한정승인,case,OTHER,true,/업무사례/울주군상속포기한정승인,false
/업무사례/대구법무사업무,case,OTHER,true,/업무사례/대구법무사업무,false
/업무사례/대구중구상속등기법무사,case,LOCAL,true,/업무사례/대구중구상속등기법무사,false
/업무사례/대구동구상속등기법무사,case,LOCAL,true,/업무사례/대구동구상속등기법무사,false
/업무사례/대구서구상속등기법무사,case,LOCAL,true,/업무사례/대구서구상속등기법무사,false
/업무사례/대구남구상속등기법무사,case,LOCAL,true,/업무사례/대구남구상속등기법무사,false
/업무사례/대구북구상속등기법무사,case,LOCAL,true,/업무사례/대구북구상속등기법무사,false
/업무사례/대구달성군상속등기법무사,case,LOCAL,true,/업무사례/대구달성군상속등기법무사,false
/업무사례/대구군위군상속등기법무사,case,LOCAL,true,/업무사례/대구군위군상속등기법무사,false
/업무사례/대구범어동상속등기,case,OTHER,true,/업무사례/대구범어동상속등기,false
/업무사례/대구만촌동상속등기,case,OTHER,true,/업무사례/대구만촌동상속등기,false
/업무사례/대구시지상속등기,case,OTHER,true,/업무사례/대구시지상속등기,false
/업무사례/대구월성동상속등기,case,OTHER,true,/업무사례/대구월성동상속등기,false
/업무사례/대구상인동상속등기,case,OTHER,true,/업무사례/대구상인동상속등기,false
/업무사례/대구성서상속등기,case,OTHER,true,/업무사례/대구성서상속등기,false
/업무사례/대구다사상속등기,case,OTHER,true,/업무사례/대구다사상속등기,false
/업무사례/대구현풍상속등기,case,OTHER,true,/업무사례/대구현풍상속등기,false
/업무사례/대구상속등기비용,case,OTHER,true,/업무사례/대구상속등기비용,false
/업무사례/대구상속등기필요서류,case,OTHER,true,/업무사례/대구상속등기필요서류,false
/업무사례/대구아파트상속등기,case,OTHER,true,/업무사례/대구아파트상속등기,false
/업무사례/대구토지상속등기,case,OTHER,true,/업무사례/대구토지상속등기,false
/업무사례/대구유증등기법무사,case,LOCAL,true,/업무사례/대구유증등기법무사,false
/업무사례/대구에서부산법인본점이전,case,OTHER,true,/업무사례/대구에서부산법인본점이전,false
/업무사례/부산에서대구법인본점이전,case,OTHER,true,/업무사례/부산에서대구법인본점이전,false
/업무사례/대구부산공동근저당권,case,OTHER,true,/업무사례/대구부산공동근저당권,false
/업무사례/경북법무사업무,case,OTHER,true,/업무사례/경북법무사업무,false
/업무사례/안동상속등기법무사,case,LOCAL,true,/업무사례/안동상속등기법무사,false
/업무사례/예천상속등기법무사,case,LOCAL,true,/업무사례/예천상속등기법무사,false
/업무사례/김천상속등기법무사,case,LOCAL,true,/업무사례/김천상속등기법무사,false
/업무사례/칠곡상속등기법무사,case,LOCAL,true,/업무사례/칠곡상속등기법무사,false
/업무사례/경북상속등기비용,case,OTHER,true,/업무사례/경북상속등기비용,false
/업무사례/경북상속등기필요서류,case,OTHER,true,/업무사례/경북상속등기필요서류,false
/업무사례/경북토지상속등기,case,OTHER,true,/업무사례/경북토지상속등기,false
/업무사례/경북농지상속등기,case,OTHER,true,/업무사례/경북농지상속등기,false
/업무사례/경북임야상속등기,case,OTHER,true,/업무사례/경북임야상속등기,false
/업무사례/경북오래된상속등기,case,OTHER,true,/업무사례/경북오래된상속등기,false
/업무사례/경북조부모명의토지상속,case,OTHER,true,/업무사례/경북조부모명의토지상속,false
/업무사례/경북법인등기법무사,case,LOCAL,true,/업무사례/경북법인등기법무사,false
/업무사례/포항에서부산법인본점이전,case,OTHER,true,/업무사례/포항에서부산법인본점이전,false
/업무사례/구미에서부산법인본점이전,case,OTHER,true,/업무사례/구미에서부산법인본점이전,false
/업무사례/대구경북공동담보등기,case,OTHER,true,/업무사례/대구경북공동담보등기,false
/업무사례/영천상속등기법무사,case,LOCAL,true,/업무사례/영천상속등기법무사,false
/업무사례/안동오래된토지상속등기,case,OTHER,true,/업무사례/안동오래된토지상속등기,false
/업무사례/경주오래된토지상속등기,case,OTHER,true,/업무사례/경주오래된토지상속등기,false
/업무사례/포항상속포기한정승인,case,OTHER,true,/업무사례/포항상속포기한정승인,false
/업무사례/문경상속등기법무사,case,LOCAL,true,/업무사례/문경상속등기법무사,false
/업무사례/상주상속등기법무사,case,LOCAL,true,/업무사례/상주상속등기법무사,false
/업무사례/청도상속등기법무사,case,LOCAL,true,/업무사례/청도상속등기법무사,false
/업무사례/울진상속등기법무사,case,LOCAL,true,/업무사례/울진상속등기법무사,false
/업무사례/영주상속등기법무사,case,LOCAL,true,/업무사례/영주상속등기법무사,false
/업무사례/의성상속등기법무사,case,LOCAL,true,/업무사례/의성상속등기법무사,false
/업무사례/영덕봉화상속등기법무사,case,LOCAL,true,/업무사례/영덕봉화상속등기법무사,false
/업무사례/청송영양상속등기법무사,case,LOCAL,true,/업무사례/청송영양상속등기법무사,false
/업무사례/고령성주상속등기법무사,case,LOCAL,true,/업무사례/고령성주상속등기법무사,false
/busan-legal-map,pillar,OTHER,true,/busan-legal-map,false
/glossary,glossary,OTHER,true,/glossary,false
/glossary/inheritance-registration,glossary,OTHER,true,/glossary/inheritance-registration,false
/glossary/inheritance-renunciation,glossary,OTHER,true,/glossary/inheritance-renunciation,false
/glossary/qualified-acceptance,glossary,OTHER,true,/glossary/qualified-acceptance,false
/glossary/special-qualified-acceptance,glossary,OTHER,true,/glossary/special-qualified-acceptance,false
/glossary/inheritance-division-agreement,glossary,OTHER,true,/glossary/inheritance-division-agreement,false
/glossary/statutory-reserve-share,glossary,OTHER,true,/glossary/statutory-reserve-share,false
/glossary/legal-inheritance-order,glossary,OTHER,true,/glossary/legal-inheritance-order,false
/glossary/subrogation-inheritance,glossary,OTHER,true,/glossary/subrogation-inheritance,false
/glossary/mortgage,glossary,OTHER,true,/glossary/mortgage,false
/glossary/provisional-attachment,glossary,OTHER,true,/glossary/provisional-attachment,false
/glossary/attachment,glossary,OTHER,true,/glossary/attachment,false
/glossary/pledge,glossary,OTHER,true,/glossary/pledge,false
/glossary/jeonse-right,glossary,OTHER,true,/glossary/jeonse-right,false
/glossary/lease-registration-order,glossary,OTHER,true,/glossary/lease-registration-order,false
/glossary/ownership-transfer-registration,glossary,OTHER,true,/glossary/ownership-transfer-registration,false
/glossary/ownership-preservation-registration,glossary,OTHER,true,/glossary/ownership-preservation-registration,false
/glossary/registration-license-tax,glossary,OTHER,true,/glossary/registration-license-tax,false
/glossary/acquisition-tax,glossary,OTHER,true,/glossary/acquisition-tax,false
/glossary/stamp-duty,glossary,OTHER,true,/glossary/stamp-duty,false
/glossary/service-fee,glossary,OTHER,true,/glossary/service-fee,false
/glossary/payment-order,glossary,OTHER,true,/glossary/payment-order,false
/glossary/certified-mail,glossary,OTHER,true,/glossary/certified-mail,false
/glossary/complaint,glossary,OTHER,true,/glossary/complaint,false
/glossary/answer-brief,glossary,OTHER,true,/glossary/answer-brief,false
/glossary/personal-rehabilitation,glossary,OTHER,true,/glossary/personal-rehabilitation,false
/glossary/personal-bankruptcy,glossary,OTHER,true,/glossary/personal-bankruptcy,false
/glossary/discharge,glossary,OTHER,true,/glossary/discharge,false
/glossary/company-establishment-registration,glossary,OTHER,true,/glossary/company-establishment-registration,false
/glossary/director-change-registration,glossary,OTHER,true,/glossary/director-change-registration,false
/glossary/head-office-move-registration,glossary,OTHER,true,/glossary/head-office-move-registration,false
/glossary/purpose-change-registration,glossary,OTHER,true,/glossary/purpose-change-registration,false
/glossary/dissolution-registration,glossary,OTHER,true,/glossary/dissolution-registration,false
/glossary/liquidation-registration,glossary,OTHER,true,/glossary/liquidation-registration,false
/강의이력,pillar,LECTURE,true,/강의이력,false
/강의이력/busan-citizen-library-life-law,pillar,LECTURE,true,/강의이력/busan-citizen-library-life-law,false
/강의이력/busan-self-support-jeonse-prevention,pillar,LECTURE,true,/강의이력/busan-self-support-jeonse-prevention,false
/강의이력/busan-self-support-daily-dispute-survival,pillar,LECTURE,true,/강의이력/busan-self-support-daily-dispute-survival,false
/강의이력/haeundae-youth-space-startup-law-2026-07,pillar,LECTURE,true,/강의이력/haeundae-youth-space-startup-law-2026-07,false
/강의이력/changwon-youth-vision-center,pillar,LECTURE,true,/강의이력/changwon-youth-vision-center,false
/강의이력/yangsan-jeil-high-career-talk,pillar,LECTURE,true,/강의이력/yangsan-jeil-high-career-talk,false
/강의이력/haeundae-youth-job-growth-cafe,pillar,LECTURE,true,/강의이력/haeundae-youth-job-growth-cafe,false
/강의이력/lh-busan-ccei-life-law,pillar,LECTURE,true,/강의이력/lh-busan-ccei-life-law,false
/강의이력/youth-jeonse-prevention-series,pillar,LECTURE,true,/강의이력/youth-jeonse-prevention-series,false
/강의이력/youth-digital-law-guide,pillar,LECTURE,true,/강의이력/youth-digital-law-guide,false
/강의이력/youth-mistake-crime-lecture,pillar,LECTURE,true,/강의이력/youth-mistake-crime-lecture,false
/강의이력/youth-life-law-basics,pillar,LECTURE,true,/강의이력/youth-life-law-basics,false
/강의이력/youth-housing-contract-guide,pillar,LECTURE,true,/강의이력/youth-housing-contract-guide,false
/강의이력/busan-citizen-library-week-1,pillar,LECTURE,true,/강의이력/busan-citizen-library-week-1,false
/강의이력/busan-citizen-library-week-2,pillar,LECTURE,true,/강의이력/busan-citizen-library-week-2,false
/강의이력/busan-citizen-library-week-3,pillar,LECTURE,true,/강의이력/busan-citizen-library-week-3,false
/강의이력/busan-citizen-library-week-4,pillar,LECTURE,true,/강의이력/busan-citizen-library-week-4,false
/강의이력/youth-money-property-dispute,pillar,LECTURE,true,/강의이력/youth-money-property-dispute,false
/강의이력/youth-jeonse-legal-education,pillar,LECTURE,true,/강의이력/youth-jeonse-legal-education,false
/강의이력/youth-jeonse-most-sought,pillar,LECTURE,true,/강의이력/youth-jeonse-most-sought,false
/강의이력/youth-jeonse-offline-session,pillar,LECTURE,true,/강의이력/youth-jeonse-offline-session,false
/강의이력/youth-jeonse-vaccination,pillar,LECTURE,true,/강의이력/youth-jeonse-vaccination,false
/cases/busan-personal-rehabilitation-consultation,core,OTHER,false,/cases/busan-personal-rehabilitation-consultation,false
/cases/centum-ownership-transfer-case,core,OTHER,false,/cases/centum-ownership-transfer-case,false
/cases/dongnae-qualified-acceptance-consultation,core,OTHER,false,/cases/dongnae-qualified-acceptance-consultation,false
/cases/gijang-land-inheritance-case,core,OTHER,false,/cases/gijang-land-inheritance-case,false
/cases/haeundae-inheritance-registration-case,core,OTHER,false,/cases/haeundae-inheritance-registration-case,false
/cases/jaesong-inheritance-renunciation-consultation,core,OTHER,false,/cases/jaesong-inheritance-renunciation-consultation,false
/cases/suyeong-company-establishment-case,core,OTHER,false,/cases/suyeong-company-establishment-case,false
/cases/yeonje-director-change-case,core,OTHER,false,/cases/yeonje-director-change-case,false
/press,core,OTHER,false,/press,false
/press/kukinews-youth-budget-unboxing-2027,core,OTHER,false,/press/kukinews-youth-budget-unboxing-2027,false
/press/weeklypeople-youth-judicial-scrivener-ahn,core,OTHER,false,/press/weeklypeople-youth-judicial-scrivener-ahn,false
/press/busan-mbc-news-fuel-price-relief-expert,core,OTHER,false,/press/busan-mbc-news-fuel-price-relief-expert,false
/press/busan-ilbo-bar-association-64th-general-assembly,core,OTHER,false,/press/busan-ilbo-bar-association-64th-general-assembly,false
/press/kukje-sinmun-bar-association-64th-general-assembly,core,OTHER,false,/press/kukje-sinmun-bar-association-64th-general-assembly,false
/press/beopryul-sinmun-bar-association-64th-general-assembly,core,OTHER,false,/press/beopryul-sinmun-bar-association-64th-general-assembly,false
