url,in_sitemap,indexable
/,true,true
/,false,true
/about,false,true
/office,false,true
/services,false,true
/blog,false,true
/reviews,false,true
/faq,false,true
/공지사항,false,true
/media,false,true
/contact,false,true
/location,false,true
/search-guides,false,true
/contact/inquiry,false,true
/개인정보처리방침,false,true
/이용약관,false,true
/자가진단,false,true
/상속등기자가진단,false,true
/상속포기자가진단,false,true
/한정승인자가진단,false,true
/법인등기자가진단,false,true
/법인설립자가진단,false,true
/임원변경등기자가진단,false,true
/부동산등기자가진단,false,true
/소유권이전등기자가진단,false,true
/개인회생자가진단,false,true
/개인파산자가진단,false,true
/전세보증금자가진단,false,true
/임차권등기명령자가진단,false,true
/지급명령자가진단,false,true
/내용증명자가진단,false,true
/공탁자가진단,false,true
/성년후견자가진단,false,true
/특별대리인자가진단,false,true
/선박등기자가진단,false,true
/부산상속등기,false,true
/부산상속포기,false,true
/부산한정승인,false,true
/부산법인설립등기,false,true
/부산임원변경등기,false,true
/부산부동산등기,false,true
/부산법인등기,false,true
/부산소유권이전등기,false,true
/부산개인회생,false,true
/부산파산,false,true
/해운대구상속등기,false,true
/해운대구상속포기,false,true
/해운대구한정승인,false,true
/해운대구법인등기,false,true
/해운대구부동산등기,false,true
/연제구상속등기,false,true
/연제구상속포기,false,true
/연제구법인등기,false,true
/연제구임원변경등기,false,true
/수영구상속등기,false,true
/수영구부동산등기,false,true
/수영구법인등기,false,true
/수영구개인회생,false,true
/동래구상속등기,false,true
/동래구법인등기,false,true
/동래구한정승인,false,true
/동래구임원변경등기,false,true
/기장군상속등기,false,true
/기장군상속포기,false,true
/기장군한정승인,false,true
/기장군법인등기,false,true
/기장군부동산등기,false,true
/북구상속등기,false,true
/북구부동산등기,false,true
/북구개인회생,false,true
/북구상속포기,false,true
/사상구상속등기,false,true
/사상구부동산등기,false,true
/사상구상속포기,false,true
/사상구개인회생,false,true
/금정구상속등기,false,true
/금정구한정승인,false,true
/금정구부동산등기,false,true
/센텀법인설립등기,false,true
/센텀임원변경등기,false,true
/센텀부동산등기,false,true
/해운대구법인설립등기,false,true
/해운대구임원변경등기,false,true
/연제구부동산등기,false,true
/연제구한정승인,false,true
/수영구상속포기,false,true
/동래구부동산등기,false,true
/사하구부동산등기,false,true
/서구부동산등기,false,true
/영도구부동산등기,false,true
/부산법무사,false,true
/해운대법무사,false,true
/센텀법무사,false,true
/재송동법무사,false,true
/반여동법무사,false,true
/수영구법무사,false,true
/연제구법무사,false,true
/동래구법무사,false,true
/부산진구법무사,false,true
/남구법무사,false,true
/금정구법무사,false,true
/북구법무사,false,true
/기장군법무사,false,true
/사상구법무사,false,true
/사하구법무사,false,true
/중구법무사,false,true
/서구법무사,false,true
/영도구법무사,false,true
/강서구법무사,false,true
/동구법무사,false,true
/부산법무사비용,false,true
/부산법무사보수표,false,true
/상속등기비용,false,true
/상속포기비용,false,true
/한정승인비용,false,true
/법인설립등기비용,false,true
/임원변경등기과태료,false,true
/소유권이전등기서류,false,true
/상속등기필요서류,false,true
/상속등기기간,false,true
/부산지방법원법무사,false,true
/부산지방법원등기국,false,true
/부산지방법원동부지원법무사,false,true
/부산지방법원동부지원등기과,false,true
/부산회생법원법무사,false,true
/부산가정법원상속,false,true
/남부산등기소법무사,false,true
/북부산등기소법무사,false,true
/중부산등기소법무사,false,true
/부산진등기소법무사,false,true
/센텀법인등기,false,true
/문현금융단지법인등기,false,true
/부산국제금융센터법인등기,false,true
/명지국제신도시법인등기,false,true
/에코델타시티법인등기,false,true
/정관법인등기,false,true
/명례산업단지법인등기,false,true
/부산재개발등기,false,true
/부산재건축등기,false,true
/부산신축아파트소유권이전등기,false,true
/부산오피스텔소유권이전등기,false,true
/부산상가등기,false,true
/부산토지상속등기,false,true
/기장토지상속등기,false,true
/해운대재개발상속등기,false,true
/부산개인파산,false,true
/부산등기법무사,false,true
/부산부동산등기법무사,false,true
/부산상속법무사,false,true
/부산법인법무사,false,true
/부산기업법무사,false,true
/부산스타트업법무사,false,true
/부산상속재산분할법무사,false,true
/부산법인등기비용,false,true
/부산근저당설정등기,false,true
/부산근저당말소등기,false,true
/부산전세권설정등기,false,true
/부산전세권말소등기,false,true
/부산신축건물보존등기,false,true
/공공기관등기업무,false,true
/부산법무사추천,false,true
/부산등기법무사추천,false,true
/부산상속등기전문,false,true
/부산부동산등기전문,false,true
/부산법인등기전문,false,true
/부산법무사상담,false,true
/부산법무사후기,false,true
/부산법무사비교,false,true
/부산법무사무소,false,true
/부산법무사서류준비,false,true
/부산법무사방문상담,false,true
/부산법무사비대면상담,false,true
/부산상속법무사추천,false,true
/부산개인회생법무사추천,false,true
/부산개인파산법무사추천,false,true
/부산법무사수임료,false,true
/부산법무사보수,false,true
/부산법무사잘하는곳,false,true
/부산등기전문법무사,false,true
/부산상속전문법무사,false,false
/부산법인전문법무사,false,true
/부산부동산등기전문법무사,false,true
/부산개인회생전문법무사,false,true
/부산개인파산전문법무사,false,true
/부산근저당전문법무사,false,true
/부산전세전문법무사,false,true
/부산임원변경전문법무사,false,true
/부산매매등기전문법무사,false,true
/부산소유권이전전문법무사,false,true
/부산한정승인전문법무사,false,false
/부산회생전문법무사,false,true
/부산파산전문법무사,false,true
/부산면책전문법무사,false,true
/부산상속포기전문법무사,false,false
/부산상속등기전문법무사,false,false
/부산증여등기전문법무사,false,true
/부산법인설립전문법무사,false,true
/부산부동산전문법무사,false,true
/부산개인회생법무사,false,true
/부산개인파산법무사,false,true
/부산회생법무사,false,true
/부산파산법무사,false,true
/부산등기복대리,false,true
/복대리등기,false,true
/등기복대리,false,true
/부산집단등기,false,true
/집단등기,false,true
/아파트집단등기,false,true
/오피스텔집단등기,false,true
/신축집단등기,false,true
/법무사수임료,false,true
/법무사비용,false,true
/법무사보수,false,true
/등기비용,false,true
/등록면허세,false,true
/국민주택채권,false,true
/취득세,false,true
/등기신청대행,false,true
/전자등기,false,true
/전자신청,false,true
/등기소제출,false,true
/등기보정,false,true
/등기완료기간,false,true
/등기접수,false,true
/등기처리기간,false,true
/부산개인회생상담,false,true
/부산개인회생신청,false,true
/부산파산신청,false,true
/부산개인파산상담,false,true
/부산면책신청,false,true
/부산회생상담,false,true
/법무사상담전준비,false,true
/법무사방문전준비,false,true
/등기준비서류,false,true
/등기얼마나걸리나요,false,true
/등기언제끝나나요,false,true
/등기어디서하나요,false,true
/등기소어디인가요,false,true
/법무사맡기면달라지는점,false,true
/공공기관법인등기,false,true
/공공기관부동산등기,false,true
/공기업등기,false,true
/촉탁등기,false,true
/공공기관촉탁등기,false,true
/지방공기업등기,false,true
/공공기관이전등기,false,true
/신축보존등기,false,true
/건물보존등기,false,true
/집합건물보존등기,false,true
/오피스텔보존등기,false,true
/상가보존등기,false,true
/건축주준비서류,false,true
/사용승인후등기,false,true
/상속등기실수모음,false,true
/법인등기실수모음,false,true
/개인회생실수모음,false,true
/부동산등기실수모음,false,true
/집단등기실수모음,false,true
/상속등기체크리스트,false,true
/법인등기체크리스트,false,true
/개인회생체크리스트,false,true
/부동산등기체크리스트,false,true
/신축보존등기체크리스트,false,true
/왜상속등기비용이다를까,false,true
/왜법인등기비용이다를까,false,true
/왜개인회생비용이다를까,false,true
/등기실무,false,true
/특수등기의뢰,false,true
/법무사협업,false,true
/부산잔금일법무사,false,true
/부산매매등기법무사,false,true
/부산증여등기,false,true
/부산부모자녀아파트증여등기,false,true
/부산부부간증여등기,false,true
/부산부담부증여등기,false,true
/부산공동명의지분증여등기,false,true
/부산명의변경등기,false,true
/부산아파트매매등기,false,true
/부산전세보증금반환법무사,false,true
/부산임차권등기명령,false,true
/부산매수인법무사,false,true
/부산경매낙찰등기,false,true
/부산공동명의등기,false,true
/부산지분이전등기,false,true
/부산이혼재산분할등기,false,true
/부산입주등기,false,true
/부산셀프등기,false,true
/부산등기권리증분실,false,true
/부산빌라매매등기,false,true
/부산오피스텔매매등기,false,true
/부산상가매매등기,false,true
/부산토지매매등기,false,true
/부산가압류말소등기,false,true
/부산압류말소등기,false,true
/부산중도금대출근저당,false,true
/부산잔금대출근저당,false,true
/부산상속후매매등기,false,true
/부산확정일자전세권비교,false,true
/부산외국인부동산등기,false,true
/부산등기명의인표시변경,false,true
/부산공매낙찰등기,false,true
/부산신탁등기,false,true
/부모님사망후해야할일,false,true
/장례후재산채무정리,false,true
/사망신고와상속등기차이,false,true
/안심상속원스톱서비스이후,false,true
/사망자재산채무조회,false,true
/부모빚상속방법,false,true
/방문없이준비하는상속등기,false,true
/상속상담전준비서류와비용,false,true
/오래된상속토지정리,false,true
/연락두절상속인,false,true
/미성년상속인,false,true
/재혼가정상속,false,true
/고인계좌장례비사용,false,true
/사망후3개월지난상속,false,true
/해외거주상속인,false,true
/임대인사망전세계약,false,true
/경상도비대면상속등기,false,true
/타지역상속인경상도부동산,false,true
/방문없이준비하는법무사업무,false,true
/상속인이여러지역에있는경우,false,true
/부동산과거주지가다른상속등기,false,true
/방문없이준비하는상속포기한정승인,false,true
/사진전자파일우편으로서류전달,false,true
/법무사비용먼저확인하는방법,false,true
/방문없이준비하는법인설립,false,true
/방문없이준비하는임원변경,false,true
/해외대표이사주주법인등기,false,true
/부모자녀다른지역증여등기,false,true
/방문없이준비하는근저당말소,false,true
/이사후임차권등기명령준비,false,true
/방문없이준비하는지급명령서류,false,true
/사업자폐업후법인정리,false,true
/등기권리증없이소유권이전,false,true
/해외서류가필요한증여등기,false,true
/방문없이준비하는부담부증여,false,true
/방문없이준비하는전세권말소,false,true
/공유물분할등기서류준비,false,true
/가압류신청서류준비,false,true
/내용증명작성준비,false,true
/방문없이준비하는유상증자,false,true
/휴면법인계속등기준비,false,true
/제주타지역상속인부동산,false,true
/가처분신청서류준비,false,true
/채권압류추심서류준비,false,true
/변제공탁서류준비,false,true
/이혼재산분할등기서류준비,false,true
/압류말소등기서류준비,false,true
/상속등기후매매서류준비,false,true
/특별한정승인,false,true
/대습상속등기,false,true
/유류분과상속등기,false,true
/상속취득세와등기순서,false,true
/신용회복과개인회생차이,false,true
/전세사기피해대응절차,false,true
/분양권명의이전등기,false,true
/지급명령이의신청준비,false,true
/해산간주확인절차,false,true
/등기신청반려와보정,false,true
/상속재산분할협의서준비,false,true
/대표이사한명만남는경우,false,true
/경매낙찰후전세권확인,false,true
/본점이전후사업자등록순서,false,true
/상속포기후다음순위확인,false,true
/부산가등기,false,true
/부산유언검인,false,true
/부동산실권리자명의등기,false,true
/부산경매권리분석,false,true
/부산개명허가,false,true
/부산재산명시,false,true
/부산부재자재산관리인,false,true
/부산상속재산관리인,false,true
/등기관할과사무소위치,false,true
/상담,false,true
/1분간편상담,false,true
/법무사상담,false,true
/상속등기상담,false,true
/상속포기상담,false,true
/한정승인상담,false,true
/부동산등기상담,false,true
/법인등기상담,false,true
/전세보증금상담,false,true
/개인회생상담,false,true
/등기서류상담,false,true
/무슨법률업무인지모를때,false,true
/서류가없어도상담가능,false,true
/전화가어려울때법률상담,false,true
/부산역법무사,false,true
/서면법무사,false,true
/광안리법무사,false,true
/동래역법무사,false,true
/연산동법무사,false,true
/남천동법무사,false,true
/대연동법무사,false,true
/덕천동법무사,false,true
/명지법무사,false,true
/정관법무사,false,true
/사상법무사,false,true
/하단법무사,false,true
/우동법무사,false,true
/좌동법무사,false,true
/사직동법무사,false,true
/화명동법무사,false,true
/부곡동법무사,false,true
/거제동법무사,false,true
/전포동법무사,false,true
/문현동법무사,false,true
/용호동법무사,false,true
/망미동법무사,false,true
/일광읍법무사,false,true
/남포동법무사,false,true
/초량동법무사,false,true
/범일동법무사,false,true
/구포동법무사,false,true
/다대동법무사,false,true
/괴정동법무사,false,true
/개금동법무사,false,true
/안락동법무사,false,true
/구서동법무사,false,true
/반송동법무사,false,true
/주례동법무사,false,true
/동삼동법무사,false,true
/우암동법무사,false,true
/기장읍법무사,false,true
/연지동법무사,false,true
/오시리아법무사,false,true
/부산법률전문가,false,true
/법률강의,false,true
/부산법률강사,false,true
/전세사기예방교육,false,true
/청년생활법률특강,false,true
/창업법률교육,false,true
/기업법률교육,false,true
/강사소개,false,true
/강의문의,false,true
/디지털법률교육,false,true
/학교법률교육,false,true
/공공기관법률교육,false,true
/법무사진로특강,false,true
/부산도서관법률특강,false,true
/부산법무사강의,false,true
/부산기관법률특강,false,true
/부산사회복지기관강사,false,true
/부산강사섭외비용,false,true
/부산강사섭외체크리스트,false,true
/기관특강주제추천,false,true
/강의시간별구성,false,true
/부산기업법률자문,false,true
/부산기업채권관리,false,true
/부산기업부동산등기,false,true
/기업업무문의,false,true
/부산법률상담,false,true
/법인변경등기,false,true
/부산대표이사변경등기,false,true
/부산임원임기만료등기,false,true
/부산본점이전등기,false,true
/부산사업목적변경등기,false,true
/부산유상증자등기,false,true
/부산법인해산청산등기,false,true
/부산법인등기과태료,false,true
/대표자사망시법인등기,false,true
/부산상호변경등기,false,true
/부산지점설치등기,false,true
/부산지점폐지등기,false,true
/부산감자등기,false,true
/부산무상증자등기,false,true
/부산휴면법인계속등기,false,true
/부산공동대표변경등기,false,true
/부산임원사임해임등기,false,true
/부산개인사업자법인전환,false,true
/부산법인해산전확인사항,false,true
/녹산산단법인본점지점,false,true
/부산법인정기점검,false,true
/법인정관업무,false,true
/법인정관변경,false,true
/법인공증준비,false,true
/법인정관인증확인,false,true
/법인의사록공증준비,false,true
/부산건물등기,false,true
/부산건축물등기법무사,false,true
/부산건물멸실등기,false,true
/부산건물표시변경등기,false,true
/부산집합건물등기,false,true
/부산공장창고등기,false,true
/건물등기상황별안내,false,true
/철거후건물멸실등기,false,true
/건축물대장말소와멸실등기차이,false,true
/멸실등기없이토지매도,false,true
/신축전기존건물철거등기순서,false,true
/화재소실건물멸실등기,false,true
/건물일부철거표시변경,false,true
/공장철거후멸실등기,false,true
/상속건물멸실등기,false,true
/건축물대장말소등기부잔존,false,true
/등기부존재실제건물없음,false,true
/공유자연락두절멸실등기,false,true
/건물토지소유자상이멸실,false,true
/토지소유자와건축주다른보존등기,false,true
/건축주법인신축보존등기,false,true
/보존등기후근저당설정,false,true
/지식산업센터보존등기,false,true
/증축후건물표시변경등기,false,true
/건물용도변경등기,false,true
/건물면적상이경정등기,false,true
/도로명주소등기부상이,false,true
/건축물대장등기부불일치,false,true
/불법증축후등기가능여부,false,true
/건물분할등기,false,true
/건물합병등기,false,true
/일반건물집합건물전환등기,false,true
/미등기건물소유권보존등기,false,true
/가설컨테이너등기가능여부,false,true
/강서구공장멸실등기,false,true
/사상구공장창고등기,false,true
/기장신축건물보존등기,false,true
/해운대상가오피스텔건물등기,false,true
/특수비영리법인등기,false,true
/부산비영리법인설립등기,false,true
/부산특수법인등기,false,true
/부산조합협동조합등기,false,true
/부산비영리법인변경등기,false,true
/특별법법인설립등기,false,true
/전문직법인등기,false,true
/농어업법인설립등기,false,true
/부산사단법인설립,false,true
/부산재단법인설립,false,true
/부산사회적협동조합설립,false,true
/부산협동조합설립등기,false,true
/부산농업회사법인설립,false,true
/부산협회단체법인설립,false,true
/협회사단법인설립,false,true
/장학재단설립,false,true
/비영리법인임원변경등기,false,true
/주무관청허가후설립등기,false,true
/사회복지법인설립등기,false,true
/부산사회복지법인등기,false,true
/사회복지법인임원변경등기,false,true
/사회복지법인해산청산등기,false,true
/학교법인설립등기,false,true
/부산학교법인등기,false,true
/학교법인임원변경등기,false,true
/의료법인설립등기,false,true
/부산의료법인등기,false,true
/의료법인임원변경등기,false,true
/의료법인주사무소이전등기,false,true
/공익법인설립등기,false,true
/공익법인임원변경등기,false,true
/영농조합법인설립,false,true
/영어조합법인설립,false,true
/어업회사법인설립,false,true
/법무사법인설립등기,false,true
/세무법인설립등기,false,true
/노무법인설립등기,false,true
/회계법인설립등기,false,true
/특허법인설립등기,false,true
/관세법인설립등기,false,true
/감정평가법인설립등기,false,true
/기타전문직법인설립등기,false,true
/문화예술단체사단법인설립,false,true
/체육단체사단법인설립,false,true
/환경단체사단법인설립,false,true
/복지단체사단법인설립,false,true
/사단법인주사무소이전등기,false,true
/사단법인목적변경등기,false,true
/비영리법인해산청산등기,false,true
/재단법인기본재산변경등기,false,true
/협동조합임원변경등기,false,true
/협동조합해산청산등기,false,true
/종교단체사단법인설립,false,true
/교회사단법인설립,false,true
/종교재단설립,false,true
/국제교류단체사단법인설립,false,true
/해운대비영리법인설립,false,true
/수영구비영리법인설립,false,true
/부산진구비영리법인설립,false,true
/부산문화예술단체법인설립,false,true
/부산체육단체법인설립,false,true
/경남사단법인설립,false,true
/경남재단법인설립,false,true
/창원비영리법인설립,false,true
/사회적기업과법인설립차이,false,true
/재단법인과공익법인차이,false,true
/재건축조합임원변경등기,false,true
/사단법인과재단법인차이,false,true
/비영리민간단체와사단법인차이,false,true
/농업회사법인과영농조합법인차이,false,true
/사회적협동조합과사단법인차이,false,true
/협동조합과주식회사차이,false,true
/사회적기업과사회적협동조합차이,false,true
/사단법인과협동조합차이,false,true
/partners,false,true
/부산법무사복대리,false,true
/부산부동산협력법무사,false,true
/협업문의,false,true
/부산부동산등기복대리,false,true
/부산법인등기복대리,false,true
/부산등기접수협업,false,true
/부산등기보정업무,false,true
/부산등기소현지업무,false,true
/부산원거리등기협업,false,true
/부산잔금등기협업,false,true
/부산건축사등기협업,false,true
/부산시행사등기,false,true
/부산건설사등기,false,true
/부산분양등기,false,true
/부산법인등기아웃소싱,false,true
/부산진구상속등기,false,true
/부산진구부동산등기,false,true
/서면부동산등기,false,true
/부동산등기비용,false,true
/개인회생비용,false,true
/부산진구법인등기,false,true
/부산진구소유권이전등기,false,true
/서면법인등기,false,true
/상속등기보수표,false,true
/상속등기기한,false,true
/법인등기비용,false,true
/부동산등기필요서류,false,true
/소유권이전등기비용,false,true
/개인회생필요서류,false,true
/부산지방법원등기국상속등기,false,true
/부산회생법원개인회생,false,true
/부산여성법무사,false,true
/중구상속등기,false,true
/서구상속등기,false,true
/동구상속등기,false,true
/영도구상속등기,false,true
/부산진구상속포기,false,true
/부산진구한정승인,false,true
/남구상속등기,false,true
/사하구상속등기,false,true
/강서구상속등기,false,true
/센텀시티역상속등기,false,true
/서면역부동산등기,false,true
/상속등기준비서류,false,true
/법인등기필요서류,false,true
/부동산등기보수표,false,true
/부동산등기기한,false,true
/소유권이전등기필요서류,false,true
/개인회생보수표,false,true
/개인회생기한,false,true
/부산지방법원상속등기,false,true
/부산지방법원등기국부동산등기,false,true
/중구부동산등기,false,true
/동구부동산등기,false,true
/부산진구법인설립등기,false,true
/남구부동산등기,false,true
/북구법인등기,false,true
/강서구부동산등기,false,true
/수영구한정승인,false,true
/연산동상속등기,false,true
/서면역법인등기,false,true
/상속포기필요서류,false,true
/한정승인필요서류,false,true
/법인등기보수표,false,true
/법인등기기한,false,true
/부동산등기준비서류,false,true
/소유권이전등기보수표,false,true
/소유권이전등기기한,false,true
/개인회생준비서류,false,true
/개인파산비용,false,true
/부산지방법원등기국법인등기,false,true
/부산진등기소부동산등기,false,true
/해운대여성법무사,false,true
/센텀여성법무사,false,true
/중구법인등기,false,true
/서구소유권이전등기,false,true
/서구법인등기,false,true
/동구법인등기,false,true
/영도구법인등기,false,true
/부산진구임원변경등기,false,true
/동래구상속포기,false,true
/남구법인등기,false,true
/북구한정승인,false,true
/사하구법인등기,false,true
/금정구법인등기,false,true
/강서구법인등기,false,true
/연제구법인설립등기,false,true
/수영구법인설립등기,false,true
/사상구법인등기,false,true
/광안동부동산등기,false,true
/덕천동상속등기,false,true
/센텀시티역법인등기,false,true
/상속등기과태료,false,true
/상속포기보수표,false,true
/상속포기기한,false,true
/한정승인보수표,false,true
/한정승인기한,false,true
/법인등기준비서류,false,true
/법인설립등기필요서류,false,true
/임원변경등기비용,false,true
/부동산등기기간,false,true
/소유권이전등기준비서류,false,true
/개인회생기간,false,true
/개인파산필요서류,false,true
/부산회생법원개인파산,false,true
/부산가정법원상속포기,false,true
/부산가정법원한정승인,false,true
/남부산등기소부동산등기,false,true
/북부산등기소상속등기,false,true
/부산진등기소소유권이전등기,false,true
/중구상속포기,false,true
/중구한정승인,false,true
/서구상속포기,false,true
/서구한정승인,false,true
/동구상속포기,false,true
/동구한정승인,false,true
/영도구상속포기,false,true
/영도구한정승인,false,true
/동래구법인설립등기,false,true
/남구상속포기,false,true
/남구한정승인,false,true
/북구법인설립등기,false,true
/사하구상속포기,false,true
/사하구한정승인,false,true
/금정구상속포기,false,true
/강서구상속포기,false,true
/강서구한정승인,false,true
/수영구임원변경등기,false,true
/사상구한정승인,false,true
/연산동법인등기,false,true
/문현동법인등기,false,true
/덕천동개인회생,false,true
/상속포기준비서류,false,true
/한정승인준비서류,false,true
/법인등기기간,false,true
/법인설립등기보수표,false,true
/법인설립등기기한,false,true
/임원변경등기필요서류,false,true
/본점이전등기비용,false,true
/부동산등기과태료,false,true
/소유권이전등기기간,false,true
/개인회생과태료,false,true
/개인파산보수표,false,true
/개인파산기한,false,true
/부산지방법원동부지원등기과부동산등기,false,true
/남부산등기소소유권이전등기,false,true
/북부산등기소부동산등기,false,true
/중부산등기소부동산등기,false,true
/상속여성법무사,false,true
/부산법원근처법무사,false,true
/등기소근처법무사,false,true
/중구법인설립등기,false,true
/서구법인설립등기,false,true
/동구법인설립등기,false,true
/영도구법인설립등기,false,true
/남구법인설립등기,false,true
/북구임원변경등기,false,true
/사하구법인설립등기,false,true
/금정구법인설립등기,false,true
/강서구법인설립등기,false,true
/사상구법인설립등기,false,true
/기장군법인설립등기,false,true
/연산역상속등기,false,true
/명지법인등기,false,true
/상속포기기간,false,true
/한정승인기간,false,true
/법인등기과태료,false,true
/법인설립등기준비서류,false,true
/임원변경등기보수표,false,true
/임원변경등기기한,false,true
/본점이전등기필요서류,false,true
/소유권이전등기과태료,false,true
/증여등기비용,false,true
/개인파산준비서류,false,true
/부산지방법원동부지원등기과법인등기,false,true
/중부산등기소법인등기,false,true
/서면역법무사,false,true
/중구임원변경등기,false,true
/서구임원변경등기,false,true
/동구임원변경등기,false,true
/영도구임원변경등기,false,true
/남구임원변경등기,false,true
/사하구임원변경등기,false,true
/금정구임원변경등기,false,true
/강서구임원변경등기,false,true
/사상구임원변경등기,false,true
/기장군임원변경등기,false,true
/재송동상속등기,false,true
/반여동상속등기,false,true
/좌동상속등기,false,true
/송정동상속등기,false,true
/남천동상속등기,false,true
/거제동상속등기,false,true
/양정동상속등기,false,true
/대연동상속등기,false,true
/기장상속등기,false,true
/사직동상속등기,false,true
/온천동상속등기,false,true
/부곡동상속등기,false,true
/해운대역부동산등기,false,true
/사상역개인회생,false,true
/부산역부동산등기,false,true
/녹산국가산단법인등기,false,true
/상속포기과태료,false,true
/한정승인과태료,false,true
/법인설립등기기간,false,true
/임원변경등기준비서류,false,true
/본점이전등기보수표,false,true
/본점이전등기기한,false,true
/증여등기필요서류,false,true
/근저당말소비용,false,true
/개인파산기간,false,true
/선박등기비용,false,true
/부산지방법원등기국법무사,false,true
/부산가정법원법무사,false,true
/개인회생여성법무사,false,true
/반여동부동산등기,false,true
/우동부동산등기,false,true
/중동부동산등기,false,true
/민락동부동산등기,false,true
/전포동부동산등기,false,true
/명지동부동산등기,false,true
/에코델타시티법인설립등기,false,true
/화명동부동산등기,false,true
/장전동부동산등기,false,true
/명지법인설립등기,false,true
/문현금융단지임원변경등기,false,true
/법인설립등기과태료,false,true
/임원변경등기기간,false,true
/본점이전등기준비서류,false,true
/증여등기보수표,false,true
/증여등기기한,false,true
/근저당말소필요서류,false,true
/전세권설정비용,false,true
/개인파산과태료,false,true
/선박등기필요서류,false,true
/재개발등기비용,false,true
/재건축등기비용,false,true
/센텀시티역법무사,false,true
/수영구전세권설정,false,true
/재송동소유권이전등기,false,true
/우동소유권이전등기,false,true
/좌동소유권이전등기,false,true
/부전동소유권이전등기,false,true
/문현동본점이전등기,false,true
/명례산업단지임원변경등기,false,true
/녹산국가산단법인설립등기,false,true
/본점이전등기기간,false,true
/증여등기준비서류,false,true
/근저당말소보수표,false,true
/근저당말소기한,false,true
/전세권설정필요서류,false,true
/임차권등기명령비용,false,true
/선박등기보수표,false,true
/선박등기기한,false,true
/재개발등기필요서류,false,true
/재건축등기필요서류,false,true
/중부산등기소임원변경등기,false,true
/부산선박등기,false,true
/녹산산업단지법인등기,false,true
/동부지원상속등기,false,true
/영도구선박등기,false,true
/동래구재건축등기,false,true
/강서구선박등기,false,true
/부곡동한정승인,false,true
/명지역법인설립등기,false,true
/본점이전등기과태료,false,true
/증여등기기간,false,true
/근저당말소준비서류,false,true
/전세권설정보수표,false,true
/전세권설정기한,false,true
/임차권등기명령필요서류,false,true
/선박등기준비서류,false,true
/재개발등기보수표,false,true
/재개발등기기한,false,true
/재건축등기보수표,false,true
/재건축등기기한,false,true
/광안동법무사,false,true
/사하구전세권설정,false,true
/기장군재개발등기,false,true
/명지동법인설립등기,false,true
/정관법인설립등기,false,true
/증여등기과태료,false,true
/근저당말소기간,false,true
/전세권설정준비서류,false,true
/임차권등기명령보수표,false,true
/임차권등기명령기한,false,true
/선박등기기간,false,true
/재개발등기준비서류,false,true
/재건축등기준비서류,false,true
/해운회사법인등기,false,true
/산업단지법인등기,false,true
/광안동전세권설정,false,true
/근저당말소과태료,false,true
/전세권설정기간,false,true
/임차권등기명령준비서류,false,true
/선박등기과태료,false,true
/재개발등기기간,false,true
/재건축등기기간,false,true
/전세권설정과태료,false,true
/임차권등기명령기간,false,true
/재개발등기과태료,false,true
/재건축등기과태료,false,true
/부산지방법원동부지원등기과법무사,false,true
/부산지방법원채권회수,false,true
/부산가정법원성년후견,false,true
/물류회사법인등기,false,true
/임차권등기명령과태료,false,true
/부산지방법원지급명령,false,true
/부산지방법원동부지원채권회수,false,true
/광안역전세권설정,false,true
/부산지방법원동부지원지급명령,false,true
/사직동재건축등기,false,true
/해운대역법무사,false,true
/광안역법무사,false,true
/연산역법무사,false,true
/사상역법무사,false,true
/명지역법무사,false,true
/중동법무사,false,true
/송정동법무사,false,true
/민락동법무사,false,true
/부전동법무사,false,true
/양정동법무사,false,true
/명지동법무사,false,true
/기장법무사,false,true
/온천동법무사,false,true
/장전동법무사,false,true
/상속,false,true
/법인등기,false,true
/부동산등기,false,true
/개인회생파산,false,true
/민사소송,false,true
/임대차전세,false,true
/공탁채권회수,false,true
/가족후견,false,true
/특수등기,false,true
/창업법무,false,true
/situations,false,true
/situations/분류/가족-사망-상속,false,true
/situations/분류/전세-임대차-보증금,false,true
/situations/분류/부동산-매매-증여-등기,false,true
/situations/분류/개인채무-회생-파산,false,true
/situations/분류/법인-사업-운영,false,true
/situations/분류/돈을-받지-못한-경우,false,true
/situations/분류/계약-일상-분쟁,false,true
/situations/parent-passed-away,false,true
/situations/siblings-not-cooperating,false,true
/situations/inheritance-unknown-debt,false,true
/situations/real-estate-sale-registration,false,true
/situations/jeonse-deposit-unpaid,false,true
/situations/corporate-officer-address-change,false,true
/situations/payment-order-certified-mail,false,true
/situations/personal-rehabilitation-bankruptcy,false,true
/situations/상속재산-조회,false,true
/situations/상속포기-한정승인-선택,false,true
/situations/상속등기-지연-과태료,false,true
/situations/해외-거주-상속인,false,true
/situations/상속-후-첫-절차,false,true
/situations/집주인-연락-두절,false,true
/situations/임차권등기명령-필요할-때,false,true
/situations/전세-경매-진행,false,true
/situations/전입신고-확정일자-없음,false,true
/situations/잔금-후-소유권이전-거부,false,true
/situations/공동명의-정리,false,true
/situations/근저당-말소-지연,false,true
/situations/셀프등기-실수,false,true
/situations/잔금일-소유권이전,false,true
/situations/급여-압류-빚,false,true
/situations/개인회생-가능-여부,false,true
/situations/보증채무-부담,false,true
/situations/빚-감당-어려울-때,false,true
/situations/회생-파산-선택-고민,false,true
/situations/임원-임기-만료,false,true
/situations/법인-설립-처음,false,true
/situations/대표자-사망-법인,false,true
/situations/본점-이전-등기,false,true
/situations/임원변경-기한-임박,false,true
/situations/대여금-못-받음,false,true
/situations/채무자-재산-모름,false,true
/situations/공사대금-못-받음,false,true
/situations/판결-후-강제집행,false,true
/situations/계약금-반환-분쟁,false,true
/situations/중고거래-분쟁,false,true
/situations/내용증명-받았을-때,false,true
/situations/손해배상-청구,false,true
/tools,false,true
/tools/inheritance-registration-deadline,false,true
/tools/inheritance-renunciation-deadline,false,true
/tools/director-change-penalty-deadline,false,true
/tools/head-office-move-deadline,false,true
/tools/jeonse-deposit-timeline,false,true
/tools/payment-order-fee-check,false,true
/tools/real-estate-documents-check,false,true
/tools/rehab-income-debt-check,false,true
/services/inheritance-registration,false,true
/services/inheritance-renunciation,false,true
/services/qualified-acceptance,false,true
/services/real-estate-registration,false,true
/services/ownership-transfer,false,true
/services/corporate-registration,false,true
/services/company-establishment,false,true
/services/director-change,false,true
/services/personal-rehabilitation,false,true
/services/bankruptcy,false,true
/blog/bankruptcy-vs-discharge-difference,false,true
/blog/bankruptcy-vs-personal-rehabilitation,false,true
/blog/busan-company-establishment-documents,false,true
/blog/busan-inheritance-consultation-prep,false,true
/blog/busan-inheritance-registration-procedure-documents,false,true
/blog/busan-lawyer-consultation-documents,false,true
/blog/busan-lawyer-jurisdiction-checklist,false,true
/blog/busan-lawyer-recommend-office-consult,false,true
/blog/busan-real-estate-registration-documents,false,true
/blog/business-owner-rehabilitation-pre-check,false,true
/blog/centum-lawyer-visit-day-flow,false,true
/blog/ceo-address-change-registration,false,true
/blog/certified-mail-before-sending,false,true
/blog/company-establishment-registration-checklist,false,true
/blog/complaint-filing-required-materials,false,true
/blog/corporate-name-change-registration,false,true
/blog/corporate-purpose-change-registration,false,true
/blog/corporate-registration-penalty-cases,false,true
/blog/debt-collection-response-guide,false,true
/blog/delayed-ownership-transfer-after-balance,false,true
/blog/delaying-inheritance-registration-risks,false,true
/blog/director-change-registration-deadline-guide,false,true
/blog/director-change-registration-deadline-penalty,false,true
/blog/gift-registration-pre-check,false,true
/blog/head-office-move-in-out-district,false,true
/blog/how-to-check-deceased-parent-debt,false,true
/blog/inheritance-division-agreement-cautions,false,true
/blog/inheritance-registration-documents-checklist,false,true
/blog/inheritance-registration-priority-after-parent-death,false,true
/blog/inheritance-renunciation-vs-qualified-acceptance,false,true
/blog/jeonse-deposit-return-certified-mail,false,true
/blog/jeonse-right-cancellation-procedure,false,true
/blog/jeonse-right-vs-lease-registration-order,false,true
/blog/joint-ownership-registration-cautions,false,true
/blog/loan-repayment-claim-documents,false,true
/blog/minor-heir-inheritance-guide,false,true
/blog/missed-director-term-expiry,false,true
/blog/mortgage-cancellation-risks,false,true
/blog/new-apartment-ownership-transfer,false,true
/blog/one-person-company-establishment-checklist,false,true
/blog/overseas-heir-inheritance-busan,false,true
/blog/payment-order-application-pre-check,false,true
/blog/personal-rehabilitation-before-application,false,true
/blog/personal-rehabilitation-consultation-documents,false,true
/blog/real-estate-ownership-transfer-procedure,false,true
/blog/salaried-worker-rehabilitation-eligibility,false,true
/blog/startup-corporate-registration-checklist,false,true
/blog/three-months-after-death-inheritance,false,true
/blog/when-jeonse-right-registration-needed,false,true
/blog/when-seller-withholds-registration-documents,false,true
/blog/when-siblings-refuse-inheritance-registration,false,true
/blog/when-to-consult-real-estate-registration-lawyer,false,true
/services/cases/busan-personal-rehabilitation-consultation,false,true
/services/cases/centum-ownership-transfer-case,false,true
/services/cases/dongnae-qualified-acceptance-consultation,false,true
/services/cases/gijang-land-inheritance-case,false,true
/services/cases/haeundae-inheritance-registration-case,false,true
/services/cases/jaesong-inheritance-renunciation-consultation,false,true
/services/cases/suyeong-company-establishment-case,false,true
/services/cases/yeonje-director-change-case,false,true
/faq/bankruptcy-discharge-faq,false,true
/faq/bankruptcy-vs-rehabilitation-faq,false,true
/faq/capital-increase-registration-faq,false,true
/faq/company-establishment-documents-faq,false,true
/faq/corporate-address-change-faq,false,true
/faq/director-change-deadline-faq,false,true
/faq/gift-registration-faq,false,true
/faq/how-to-book-consultation-faq,false,true
/faq/inheritance-registration-cost,false,true
/faq/inheritance-registration-with-mortgage,false,true
/faq/inheritance-renunciation-deadline,false,true
/faq/inheritance-renunciation-family-effect,false,true
/faq/jeonse-registration-faq,false,true
/faq/lawyer-fee-and-remote-faq,false,true
/faq/multiple-heirs-inheritance-registration,false,true
/faq/ownership-transfer-documents,false,true
/faq/personal-rehabilitation-credit-faq,false,true
/faq/personal-rehabilitation-documents-faq,false,true
/faq/personal-rehabilitation-duration-faq,false,true
/faq/personal-rehabilitation-eligibility-faq,false,true
/faq/preservation-registration-faq,false,true
/faq/public-agency-registration-faq,false,true
/faq/qualified-acceptance-procedure,false,true
/faq/qualified-acceptance-vs-simple-acceptance,false,true
/faq/real-estate-divorce-registration,false,true
/faq/renouncing-share-vs-full-renunciation,false,true
/faq/what-is-inheritance-renunciation,false,true
/faq/what-is-qualified-acceptance,false,true
/faq/when-to-choose-qualified-acceptance,false,true
/faq/when-to-file-inheritance-registration,false,true
/faq/who-can-file-bankruptcy-faq,false,true
/faq/who-needs-inheritance-registration,false,true
/media/kukinews-youth-budget-unboxing-2027,false,true
/media/weeklypeople-youth-judicial-scrivener-ahn,false,true
/media/busan-mbc-news-fuel-price-relief-expert,false,true
/media/busan-ilbo-bar-association-64th-general-assembly,false,true
/media/kukje-sinmun-bar-association-64th-general-assembly,false,true
/media/beopryul-sinmun-bar-association-64th-general-assembly,false,true
/cases,false,false
/업무사례,false,true
/업무사례/지역별,false,true
/업무사례/업무별,false,true
/업무사례/부산법무사,false,true
/업무사례/중구법무사,false,true
/업무사례/부산영주동법무사,false,true
/업무사례/부산대청동법무사,false,true
/업무사례/부산동광동법무사,false,true
/업무사례/부산보수동법무사,false,true
/업무사례/부산신창동법무사,false,true
/업무사례/부산창선동법무사,false,true
/업무사례/부산대창동법무사,false,true
/업무사례/부산남포동법무사,false,true
/업무사례/부산광복동법무사,false,true
/업무사례/부산부평동법무사,false,true
/업무사례/부산중앙동법무사,false,true
/업무사례/서구법무사,false,true
/업무사례/부산남부민동법무사,false,true
/업무사례/부산부민동법무사,false,true
/업무사례/부산부용동법무사,false,true
/업무사례/부산아미동법무사,false,true
/업무사례/부산초장동법무사,false,true
/업무사례/부산충무동법무사,false,true
/업무사례/부산토성동법무사,false,true
/업무사례/부산서대신동법무사,false,true
/업무사례/부산동대신동법무사,false,true
/업무사례/부산암남동법무사,false,true
/업무사례/동구법무사,false,true
/업무사례/부산초량동법무사,false,true
/업무사례/부산수정동법무사,false,true
/업무사례/부산좌천동법무사,false,true
/업무사례/부산범일동법무사,false,true
/업무사례/영도구법무사,false,true
/업무사례/부산남항동법무사,false,true
/업무사례/부산대교동법무사,false,true
/업무사례/부산대평동법무사,false,true
/업무사례/부산동삼동법무사,false,true
/업무사례/부산봉래동법무사,false,true
/업무사례/부산신선동법무사,false,true
/업무사례/부산영선동법무사,false,true
/업무사례/부산청학동법무사,false,true
/업무사례/부산진구법무사,false,true
/업무사례/부산가야동법무사,false,true
/업무사례/부산개금동법무사,false,true
/업무사례/부산당감동법무사,false,true
/업무사례/부산범전동법무사,false,true
/업무사례/부산범천동법무사,false,true
/업무사례/부산부암동법무사,false,true
/업무사례/부산부전동법무사,false,true
/업무사례/부산양정동법무사,false,true
/업무사례/부산연지동법무사,false,true
/업무사례/부산전포동법무사,false,true
/업무사례/부산초읍동법무사,false,true
/업무사례/동래구법무사,false,true
/업무사례/부산낙민동법무사,false,true
/업무사례/부산명장동법무사,false,true
/업무사례/부산명륜동법무사,false,true
/업무사례/부산복천동법무사,false,true
/업무사례/부산수안동법무사,false,true
/업무사례/부산사직동법무사,false,true
/업무사례/부산안락동법무사,false,true
/업무사례/부산온천동법무사,false,true
/업무사례/부산칠산동법무사,false,true
/업무사례/남구법무사,false,true
/업무사례/부산감만동법무사,false,true
/업무사례/부산대연동법무사,false,true
/업무사례/부산용호동법무사,false,true
/업무사례/부산용당동법무사,false,true
/업무사례/부산문현동법무사,false,true
/업무사례/부산우암동법무사,false,true
/업무사례/북구법무사,false,true
/업무사례/부산구포동법무사,false,true
/업무사례/부산금곡동법무사,false,true
/업무사례/부산덕천동법무사,false,true
/업무사례/부산만덕동법무사,false,true
/업무사례/부산화명동법무사,false,true
/업무사례/해운대구법무사,false,true
/업무사례/부산우동법무사,false,true
/업무사례/부산중동법무사,false,true
/업무사례/부산좌동법무사,false,true
/업무사례/부산송정동법무사,false,true
/업무사례/부산반여동법무사,false,true
/업무사례/부산반송동법무사,false,true
/업무사례/부산재송동법무사,false,true
/업무사례/부산석대동법무사,false,true
/업무사례/부산반여1동법무사,false,false
/업무사례/부산반여2동법무사,false,false
/업무사례/부산반여3동법무사,false,false
/업무사례/부산반여4동법무사,false,false
/업무사례/부산재송1동법무사,false,false
/업무사례/부산재송2동법무사,false,false
/업무사례/부산반송1동법무사,false,false
/업무사례/부산반송2동법무사,false,false
/업무사례/부산좌1동법무사,false,false
/업무사례/부산좌2동법무사,false,false
/업무사례/부산좌3동법무사,false,false
/업무사례/부산좌4동법무사,false,false
/업무사례/부산우1동법무사,false,false
/업무사례/부산우2동법무사,false,false
/업무사례/부산우3동법무사,false,false
/업무사례/부산중1동법무사,false,false
/업무사례/부산중2동법무사,false,false
/업무사례/사하구법무사,false,true
/업무사례/부산감천동법무사,false,true
/업무사례/부산구평동법무사,false,true
/업무사례/부산괴정동법무사,false,true
/업무사례/부산하단동법무사,false,true
/업무사례/부산당리동법무사,false,true
/업무사례/부산다대동법무사,false,true
/업무사례/부산장림동법무사,false,true
/업무사례/부산신평동법무사,false,true
/업무사례/금정구법무사,false,true
/업무사례/부산금사동법무사,false,true
/업무사례/부산금성동법무사,false,true
/업무사례/부산구서동법무사,false,true
/업무사례/부산남산동법무사,false,true
/업무사례/부산노포동법무사,false,true
/업무사례/부산두구동법무사,false,true
/업무사례/부산부곡동법무사,false,true
/업무사례/부산서동법무사,false,true
/업무사례/부산선동법무사,false,true
/업무사례/부산오륜동법무사,false,true
/업무사례/부산장전동법무사,false,true
/업무사례/부산청룡동법무사,false,true
/업무사례/부산회동동법무사,false,true
/업무사례/강서구법무사,false,true
/업무사례/부산강동동법무사,false,true
/업무사례/부산구랑동법무사,false,true
/업무사례/부산눌차동법무사,false,true
/업무사례/부산대저동법무사,false,true
/업무사례/부산대항동법무사,false,true
/업무사례/부산동선동법무사,false,true
/업무사례/부산명지동법무사,false,true
/업무사례/부산미음동법무사,false,true
/업무사례/부산범방동법무사,false,true
/업무사례/부산봉림동법무사,false,true
/업무사례/부산생곡동법무사,false,true
/업무사례/부산성북동법무사,false,true
/업무사례/부산식만동법무사,false,true
/업무사례/부산신호동법무사,false,true
/업무사례/부산죽동동법무사,false,true
/업무사례/부산죽림동법무사,false,true
/업무사례/부산지사동법무사,false,true
/업무사례/부산천성동법무사,false,true
/업무사례/부산화전동법무사,false,true
/업무사례/부산녹산동법무사,false,true
/업무사례/부산가락동법무사,false,true
/업무사례/연제구법무사,false,true
/업무사례/부산거제동법무사,false,true
/업무사례/부산연산동법무사,false,true
/업무사례/부산거제1동법무사,false,false
/업무사례/부산거제2동법무사,false,false
/업무사례/부산거제3동법무사,false,false
/업무사례/부산거제4동법무사,false,false
/업무사례/부산연산1동법무사,false,false
/업무사례/부산연산2동법무사,false,false
/업무사례/부산연산3동법무사,false,false
/업무사례/부산연산4동법무사,false,false
/업무사례/부산연산5동법무사,false,false
/업무사례/부산연산6동법무사,false,false
/업무사례/부산연산8동법무사,false,false
/업무사례/부산연산9동법무사,false,false
/업무사례/수영구법무사,false,true
/업무사례/부산광안동법무사,false,true
/업무사례/부산남천동법무사,false,true
/업무사례/부산망미동법무사,false,true
/업무사례/부산민락동법무사,false,true
/업무사례/부산수영동법무사,false,true
/업무사례/부산광안1동법무사,false,false
/업무사례/부산광안2동법무사,false,false
/업무사례/부산광안3동법무사,false,false
/업무사례/부산광안4동법무사,false,false
/업무사례/부산남천1동법무사,false,false
/업무사례/부산남천2동법무사,false,false
/업무사례/부산망미1동법무사,false,false
/업무사례/부산망미2동법무사,false,false
/업무사례/사상구법무사,false,true
/업무사례/부산감전동법무사,false,true
/업무사례/부산괘법동법무사,false,true
/업무사례/부산덕포동법무사,false,true
/업무사례/부산모라동법무사,false,true
/업무사례/부산삼락동법무사,false,true
/업무사례/부산엄궁동법무사,false,true
/업무사례/부산주례동법무사,false,true
/업무사례/부산학장동법무사,false,true
/업무사례/기장군법무사,false,true
/업무사례/부산기장읍법무사,false,true
/업무사례/부산정관읍법무사,false,true
/업무사례/부산장안읍법무사,false,true
/업무사례/부산일광읍법무사,false,true
/업무사례/부산철마면법무사,false,true
/업무사례/부산국제시장법무사,false,true
/업무사례/부산자갈치시장법무사,false,true
/업무사례/부산부평깡통시장법무사,false,true
/업무사례/부산근대역사관법무사,false,false
/업무사례/부산대학병원법무사,false,true
/업무사례/부산동아대병원법무사,false,false
/업무사례/부산송도해수욕장법무사,false,true
/업무사례/부산송도해상케이블카법무사,false,false
/업무사례/부산역법무사,false,true
/업무사례/부산초량역법무사,false,false
/업무사례/부산진역법무사,false,false
/업무사례/부산북항법무사,false,true
/업무사례/부산항법무사,false,true
/업무사례/부산항국제여객터미널법무사,false,false
/업무사례/부산차이나타운법무사,false,true
/업무사례/부산영도대교법무사,false,false
/업무사례/부산태종대법무사,false,true
/업무사례/부산흰여울문화마을법무사,false,true
/업무사례/부산동삼혁신지구법무사,false,true
/업무사례/부산국립해양박물관법무사,false,false
/업무사례/부산서면법무사,false,true
/업무사례/부산서면1번가법무사,false,false
/업무사례/부산전포카페거리법무사,false,false
/업무사례/부산시민공원법무사,false,true
/업무사례/부산부전시장법무사,false,true
/업무사례/부산부전역법무사,false,false
/업무사례/부산양정역법무사,false,false
/업무사례/부산가야역법무사,false,false
/업무사례/부산동의대역법무사,false,true
/업무사례/부산개금역법무사,false,false
/업무사례/부산동래역법무사,false,true
/업무사례/부산미남역법무사,false,true
/업무사례/부산사직역법무사,false,false
/업무사례/부산온천장법무사,false,true
/업무사례/부산온천장역법무사,false,false
/업무사례/부산동래시장법무사,false,true
/업무사례/부산사직야구장법무사,false,false
/업무사례/부산동래구청법무사,false,false
/업무사례/부산동래문화회관법무사,false,false
/업무사례/부산문현금융단지법무사,false,true
/업무사례/부산국제금융센터법무사,false,true
/업무사례/부산BIFC법무사,false,false
/업무사례/부산대연혁신지구법무사,false,true
/업무사례/부산경성대법무사,false,true
/업무사례/부산부경대법무사,false,true
/업무사례/부산용호만법무사,false,true
/업무사례/부산이기대법무사,false,false
/업무사례/부산문현역법무사,false,false
/업무사례/부산못골역법무사,false,true
/업무사례/부산대연역법무사,false,false
/업무사례/부산화명신도시법무사,false,true
/업무사례/부산구포역법무사,false,true
/업무사례/부산구포시장법무사,false,false
/업무사례/부산만덕역법무사,false,false
/업무사례/부산화명역법무사,false,false
/업무사례/부산율리역법무사,false,true
/업무사례/부산금곡역법무사,false,false
/업무사례/부산덕천역법무사,false,true
/업무사례/부산북구청법무사,false,false
/업무사례/부산과학기술대학교법무사,false,true
/업무사례/부산해운대법무사,false,true
/업무사례/부산센텀법무사,false,true
/업무사례/부산센텀시티법무사,false,false
/업무사례/부산마린시티법무사,false,true
/업무사례/부산엘시티법무사,false,true
/업무사례/부산벡스코법무사,false,false
/업무사례/부산센텀역법무사,false,false
/업무사례/부산재송역법무사,false,false
/업무사례/부산해운대역법무사,false,false
/업무사례/부산중동역법무사,false,false
/업무사례/부산장산역법무사,false,true
/업무사례/부산송정역법무사,false,false
/업무사례/부산반여농산물시장법무사,false,true
/업무사례/부산달맞이길법무사,false,true
/업무사례/부산미포법무사,false,false
/업무사례/부산청사포법무사,false,true
/업무사례/부산해운대해수욕장법무사,false,false
/업무사례/부산송정해수욕장법무사,false,false
/업무사례/부산광안리법무사,false,true
/업무사례/부산광안대교법무사,false,false
/업무사례/부산광안역법무사,false,false
/업무사례/부산금련산역법무사,false,true
/업무사례/부산남천역법무사,false,false
/업무사례/부산수영역법무사,false,true
/업무사례/부산망미역법무사,false,false
/업무사례/부산민락수변공원법무사,false,false
/업무사례/부산민락항법무사,false,false
/업무사례/부산망미단길법무사,false,true
/업무사례/부산수영교차로법무사,false,false
/업무사례/부산다대포법무사,false,true
/업무사례/부산감천문화마을법무사,false,true
/업무사례/부산하단오거리법무사,false,true
/업무사례/부산다대포해수욕장역법무사,false,false
/업무사례/부산신평역법무사,false,false
/업무사례/부산장림역법무사,false,false
/업무사례/부산낫개역법무사,false,true
/업무사례/부산동매역법무사,false,true
/업무사례/부산하단역법무사,false,false
/업무사례/부산현대미술관법무사,false,false
/업무사례/부산사상역법무사,false,true
/업무사례/부산서부버스터미널법무사,false,false
/업무사례/부산서부시외버스터미널법무사,false,false
/업무사례/부산주례역법무사,false,false
/업무사례/부산냉정역법무사,false,true
/업무사례/부산괘법르네시떼역법무사,false,false
/업무사례/부산삼락생태공원법무사,false,false
/업무사례/부산사상공업지역법무사,false,true
/업무사례/부산학장공단법무사,false,true
/업무사례/부산대법무사,false,true
/업무사례/부산대역법무사,false,false
/업무사례/부산장전역법무사,false,false
/업무사례/부산구서역법무사,false,false
/업무사례/부산두실역법무사,false,true
/업무사례/부산남산역법무사,false,false
/업무사례/부산범어사역법무사,false,true
/업무사례/부산노포역법무사,false,true
/업무사례/부산금정구청법무사,false,false
/업무사례/부산금사공업지역법무사,false,true
/업무사례/부산명지법무사,false,true
/업무사례/부산명지국제신도시법무사,false,false
/업무사례/부산에코델타시티법무사,false,true
/업무사례/부산가덕도법무사,false,true
/업무사례/부산신항법무사,false,true
/업무사례/부산가덕도신공항법무사,false,true
/업무사례/부산서부산권법무사,false,true
/업무사례/부산국제산업물류도시법무사,false,true
/업무사례/부산연구개발특구법무사,false,true
/업무사례/부산녹산국가산업단지법무사,false,true
/업무사례/부산시청법무사,false,true
/업무사례/부산법원법무사,false,false
/업무사례/부산거제역법무사,false,false
/업무사례/부산교대역법무사,false,true
/업무사례/부산연산역법무사,false,true
/업무사례/부산시청역법무사,false,false
/업무사례/부산연제구청법무사,false,false
/업무사례/부산정관신도시법무사,false,true
/업무사례/부산일광신도시법무사,false,true
/업무사례/부산오시리아법무사,false,true
/업무사례/부산동부산관광단지법무사,false,false
/업무사례/부산기장시장법무사,false,true
/업무사례/부산기장역법무사,false,true
/업무사례/부산일광역법무사,false,false
/업무사례/부산일광해수욕장법무사,false,true
/업무사례/부산롯데월드어드벤처법무사,false,false
/업무사례/부산동부산롯데아울렛법무사,false,false
/업무사례/부산기장군청법무사,false,false
/업무사례/부산정관산업단지법무사,false,true
/업무사례/부산장안산업단지법무사,false,true
/업무사례/부산명례산업단지법무사,false,true
/업무사례/부산센텀2지구법무사,false,true
/업무사례/부산센텀2지구도시첨단산업단지법무사,false,false
/업무사례/부산회동석대산업단지법무사,false,true
/업무사례/부산회동석대도시첨단산업단지법무사,false,false
/업무사례/부산진해경제자유구역법무사,false,true
/업무사례/부산미음산업단지법무사,false,true
/업무사례/부산화전산업단지법무사,false,true
/업무사례/부산생곡산업단지법무사,false,true
/업무사례/부산지사과학산업단지법무사,false,true
/업무사례/부산지사글로벌산업단지법무사,false,false
/업무사례/부산서부산복합산업단지법무사,false,true
/업무사례/부산강서해성산업단지법무사,false,true
/업무사례/부산명동산업단지법무사,false,true
/업무사례/부산명서산업단지법무사,false,true
/업무사례/부산신평장림산업단지법무사,false,true
/업무사례/부산서부산스마트밸리법무사,false,true
/업무사례/부산산양산업단지법무사,false,true
/업무사례/부산사상산업단지법무사,false,false
/업무사례/부산사상재생사업지구법무사,false,true
/업무사례/부산모라도시첨단산업단지법무사,false,true
/업무사례/부산금곡도시첨단산업단지법무사,false,true
/업무사례/부산정관농공단지법무사,false,false
/업무사례/부산반룡산업단지법무사,false,true
/업무사례/부산에코장안산업단지법무사,false,true
/업무사례/부산동남권방사선의과학산업단지법무사,false,true
/업무사례/부산지방법원법무사,false,true
/업무사례/부산고등법원법무사,false,false
/업무사례/부산가정법원법무사,false,true
/업무사례/부산회생법원법무사,false,true
/업무사례/부산지방법원등기국법무사,false,true
/업무사례/부산거제동법원법무사,false,false
/업무사례/부산동부지원법무사,false,true
/업무사례/부산해운대동부지원법무사,false,false
/업무사례/부산서부지원법무사,false,true
/업무사례/부산강서서부지원법무사,false,false
/업무사례/부산서부지원등기과법무사,false,false
/업무사례/부산등기국법무사,false,false
/전국업무,false,true
/전국상속등기,false,true
/전국유증등기,false,true
/여러지역상속부동산등기,false,true
/전국법인본점이전등기,false,true
/전국공동담보등기,false,true
/업무사례/전국업무사례,false,true
/업무사례/전국상속등기법무사,false,true
/업무사례/전국유증등기법무사,false,true
/업무사례/전국상속부동산일괄등기,false,true
/업무사례/전국법인본점이전등기,false,true
/업무사례/전국공동근저당권등기,false,true
/업무사례/전국비대면법무사,false,true
/업무사례/타지역법무사의뢰,false,true
/업무사례/지역별상속등기법무사,false,true
/업무사례/서울상속등기법무사,false,true
/업무사례/경기상속등기법무사,false,true
/업무사례/인천상속등기법무사,false,true
/업무사례/경남상속등기법무사,false,true
/업무사례/울산상속등기법무사,false,true
/업무사례/대구상속등기법무사,false,true
/업무사례/대전상속등기법무사,false,true
/업무사례/세종상속등기법무사,false,true
/업무사례/충남상속등기법무사,false,true
/업무사례/충북상속등기법무사,false,true
/업무사례/광주상속등기법무사,false,true
/업무사례/전남상속등기법무사,false,true
/업무사례/전북상속등기법무사,false,true
/업무사례/경북상속등기법무사,false,true
/업무사례/강원상속등기법무사,false,true
/업무사례/제주상속등기법무사,false,true
/업무사례/강남구상속등기법무사,false,true
/업무사례/서초구상속등기법무사,false,true
/업무사례/송파구상속등기법무사,false,true
/업무사례/마포구상속등기법무사,false,true
/업무사례/용산구상속등기법무사,false,true
/업무사례/영등포구상속등기법무사,false,true
/업무사례/성동구상속등기법무사,false,true
/업무사례/강서구상속등기법무사,false,true
/업무사례/노원구상속등기법무사,false,true
/업무사례/은평구상속등기법무사,false,true
/업무사례/수원상속등기법무사,false,true
/업무사례/성남상속등기법무사,false,true
/업무사례/분당상속등기법무사,false,true
/업무사례/용인상속등기법무사,false,true
/업무사례/고양상속등기법무사,false,true
/업무사례/일산상속등기법무사,false,true
/업무사례/화성상속등기법무사,false,true
/업무사례/동탄상속등기법무사,false,true
/업무사례/부천상속등기법무사,false,true
/업무사례/안양상속등기법무사,false,true
/업무사례/안산상속등기법무사,false,true
/업무사례/평택상속등기법무사,false,true
/업무사례/김포상속등기법무사,false,true
/업무사례/남양주상속등기법무사,false,true
/업무사례/하남상속등기법무사,false,true
/업무사례/파주상속등기법무사,false,true
/업무사례/의정부상속등기법무사,false,true
/업무사례/광명상속등기법무사,false,true
/업무사례/송도상속등기법무사,false,true
/업무사례/청라상속등기법무사,false,true
/업무사례/부평구상속등기법무사,false,true
/업무사례/남동구상속등기법무사,false,true
/업무사례/영종도상속등기법무사,false,true
/업무사례/강화도상속등기법무사,false,true
/업무사례/창원상속등기법무사,false,true
/업무사례/김해상속등기법무사,false,true
/업무사례/양산상속등기법무사,false,true
/업무사례/진주상속등기법무사,false,true
/업무사례/거제상속등기법무사,false,true
/업무사례/울산남구상속등기법무사,false,true
/업무사례/울주군상속등기법무사,false,true
/업무사례/대구수성구상속등기법무사,false,true
/업무사례/대구달서구상속등기법무사,false,true
/업무사례/포항상속등기법무사,false,true
/업무사례/구미상속등기법무사,false,true
/업무사례/경산상속등기법무사,false,true
/업무사례/경주상속등기법무사,false,true
/업무사례/대전유성구상속등기법무사,false,true
/업무사례/천안상속등기법무사,false,true
/업무사례/아산상속등기법무사,false,true
/업무사례/청주상속등기법무사,false,true
/업무사례/충주상속등기법무사,false,true
/업무사례/전주상속등기법무사,false,true
/업무사례/익산상속등기법무사,false,true
/업무사례/군산상속등기법무사,false,true
/업무사례/순천상속등기법무사,false,true
/업무사례/여수상속등기법무사,false,true
/업무사례/목포상속등기법무사,false,true
/업무사례/원주상속등기법무사,false,true
/업무사례/춘천상속등기법무사,false,true
/업무사례/강릉상속등기법무사,false,true
/업무사례/제주시상속등기법무사,false,true
/업무사례/서귀포상속등기법무사,false,true
/업무사례/시흥상속등기법무사,false,true
/업무사례/경기광주상속등기법무사,false,true
/업무사례/판교상속등기법무사,false,true
/업무사례/광교상속등기법무사,false,true
/업무사례/이천상속등기법무사,false,true
/업무사례/구리상속등기법무사,false,true
/업무사례/양주상속등기법무사,false,true
/업무사례/강동구상속등기법무사,false,true
/업무사례/관악구상속등기법무사,false,true
/업무사례/구로구상속등기법무사,false,true
/업무사례/대전서구상속등기법무사,false,true
/업무사례/당진상속등기법무사,false,true
/업무사례/제천상속등기법무사,false,true
/업무사례/속초상속등기법무사,false,true
/업무사례/광양상속등기법무사,false,true
/업무사례/군포상속등기법무사,false,true
/업무사례/의왕과천상속등기법무사,false,true
/업무사례/오산안성상속등기법무사,false,true
/업무사례/여주양평상속등기법무사,false,true
/업무사례/포천동두천상속등기법무사,false,true
/업무사례/가평상속등기법무사,false,true
/업무사례/서산보령상속등기법무사,false,true
/업무사례/공주상속등기법무사,false,true
/업무사례/나주정읍상속등기법무사,false,true
/업무사례/남원상속등기법무사,false,true
/업무사례/동해삼척상속등기법무사,false,true
/업무사례/홍천상속등기법무사,false,true
/업무사례/경남법무사업무,false,true
/업무사례/장유상속등기법무사,false,true
/업무사례/율하상속등기법무사,false,true
/업무사례/물금상속등기법무사,false,true
/업무사례/증산상속등기법무사,false,true
/업무사례/사송상속등기법무사,false,true
/업무사례/창원의창구상속등기법무사,false,true
/업무사례/창원성산구상속등기법무사,false,true
/업무사례/마산합포구상속등기법무사,false,true
/업무사례/마산회원구상속등기법무사,false,true
/업무사례/진해구상속등기법무사,false,true
/업무사례/경남상속등기비용,false,true
/업무사례/김해상속등기비용,false,true
/업무사례/양산상속등기비용,false,true
/업무사례/창원상속등기비용,false,true
/업무사례/김해상속등기필요서류,false,true
/업무사례/양산상속등기필요서류,false,true
/업무사례/창원상속등기필요서류,false,true
/업무사례/부산거주김해부동산상속,false,true
/업무사례/김해거주부산부동산상속,false,true
/업무사례/부산거주양산부동산상속,false,true
/업무사례/양산거주부산부동산상속,false,true
/업무사례/경남오래된상속등기,false,true
/업무사례/경남조부모명의토지상속,false,true
/업무사례/경남여러필지토지상속,false,true
/업무사례/경남유증등기법무사,false,true
/업무사례/경남법인등기법무사,false,true
/업무사례/김해법인등기법무사,false,true
/업무사례/양산법인등기법무사,false,true
/업무사례/창원법인등기법무사,false,true
/업무사례/김해에서부산법인본점이전,false,true
/업무사례/부산에서김해법인본점이전,false,true
/업무사례/양산에서부산법인본점이전,false,true
/업무사례/부산에서양산법인본점이전,false,true
/업무사례/창원에서부산법인본점이전,false,true
/업무사례/부산에서창원법인본점이전,false,true
/업무사례/부산김해양산공동근저당권,false,true
/업무사례/경남공장공동근저당권,false,true
/업무사례/양산법무사업무,false,true
/업무사례/양산상속포기한정승인,false,true
/업무사례/양산증여등기법무사,false,true
/업무사례/양산부동산등기법무사,false,true
/업무사례/양산근저당말소,false,true
/업무사례/양산건물멸실등기,false,true
/업무사례/양산신축건물보존등기,false,true
/업무사례/양산개인회생법무사,false,true
/업무사례/통영상속등기법무사,false,true
/업무사례/통영상속포기한정승인,false,true
/업무사례/거제상속포기법무사,false,true
/업무사례/경남비대면상속안내,false,true
/업무사례/사천상속등기법무사,false,true
/업무사례/고성군상속등기법무사,false,true
/업무사례/남해상속등기법무사,false,true
/업무사례/밀양상속등기법무사,false,true
/업무사례/하동상속등기법무사,false,true
/업무사례/진주상속포기한정승인,false,true
/업무사례/창녕상속등기법무사,false,true
/업무사례/함안상속등기법무사,false,true
/업무사례/산청상속등기법무사,false,true
/업무사례/함양상속등기법무사,false,true
/업무사례/거창상속등기법무사,false,true
/업무사례/합천상속등기법무사,false,true
/업무사례/의령상속등기법무사,false,true
/업무사례/울산법무사업무,false,true
/업무사례/울산중구상속등기법무사,false,true
/업무사례/울산동구상속등기법무사,false,true
/업무사례/울산북구상속등기법무사,false,true
/업무사례/울산삼산동상속등기,false,true
/업무사례/울산달동상속등기,false,true
/업무사례/울산옥동상속등기,false,true
/업무사례/울산송정동상속등기,false,true
/업무사례/울산매곡동상속등기,false,true
/업무사례/울주범서상속등기,false,true
/업무사례/울주언양상속등기,false,true
/업무사례/울주삼남상속등기,false,true
/업무사례/울산상속등기비용,false,true
/업무사례/울산상속등기필요서류,false,true
/업무사례/울산아파트상속등기,false,true
/업무사례/울산토지상속등기,false,true
/업무사례/울산공장상속등기,false,true
/업무사례/울산유증등기법무사,false,true
/업무사례/울산에서부산법인본점이전,false,true
/업무사례/부산에서울산법인본점이전,false,true
/업무사례/부산울산공동근저당권,false,true
/업무사례/울주군상속포기한정승인,false,true
/업무사례/대구법무사업무,false,true
/업무사례/대구중구상속등기법무사,false,true
/업무사례/대구동구상속등기법무사,false,true
/업무사례/대구서구상속등기법무사,false,true
/업무사례/대구남구상속등기법무사,false,true
/업무사례/대구북구상속등기법무사,false,true
/업무사례/대구달성군상속등기법무사,false,true
/업무사례/대구군위군상속등기법무사,false,true
/업무사례/대구범어동상속등기,false,true
/업무사례/대구만촌동상속등기,false,true
/업무사례/대구시지상속등기,false,true
/업무사례/대구월성동상속등기,false,true
/업무사례/대구상인동상속등기,false,true
/업무사례/대구성서상속등기,false,true
/업무사례/대구다사상속등기,false,true
/업무사례/대구현풍상속등기,false,true
/업무사례/대구상속등기비용,false,true
/업무사례/대구상속등기필요서류,false,true
/업무사례/대구아파트상속등기,false,true
/업무사례/대구토지상속등기,false,true
/업무사례/대구유증등기법무사,false,true
/업무사례/대구에서부산법인본점이전,false,true
/업무사례/부산에서대구법인본점이전,false,true
/업무사례/대구부산공동근저당권,false,true
/업무사례/경북법무사업무,false,true
/업무사례/안동상속등기법무사,false,true
/업무사례/예천상속등기법무사,false,true
/업무사례/김천상속등기법무사,false,true
/업무사례/칠곡상속등기법무사,false,true
/업무사례/경북상속등기비용,false,true
/업무사례/경북상속등기필요서류,false,true
/업무사례/경북토지상속등기,false,true
/업무사례/경북농지상속등기,false,true
/업무사례/경북임야상속등기,false,true
/업무사례/경북오래된상속등기,false,true
/업무사례/경북조부모명의토지상속,false,true
/업무사례/경북법인등기법무사,false,true
/업무사례/포항에서부산법인본점이전,false,true
/업무사례/구미에서부산법인본점이전,false,true
/업무사례/대구경북공동담보등기,false,true
/업무사례/영천상속등기법무사,false,true
/업무사례/안동오래된토지상속등기,false,true
/업무사례/경주오래된토지상속등기,false,true
/업무사례/포항상속포기한정승인,false,true
/업무사례/문경상속등기법무사,false,true
/업무사례/상주상속등기법무사,false,true
/업무사례/청도상속등기법무사,false,true
/업무사례/울진상속등기법무사,false,true
/업무사례/영주상속등기법무사,false,true
/업무사례/의성상속등기법무사,false,true
/업무사례/영덕봉화상속등기법무사,false,true
/업무사례/청송영양상속등기법무사,false,true
/업무사례/고령성주상속등기법무사,false,true
/busan-legal-map,false,true
/glossary,false,true
/glossary/inheritance-registration,false,true
/glossary/inheritance-renunciation,false,true
/glossary/qualified-acceptance,false,true
/glossary/special-qualified-acceptance,false,true
/glossary/inheritance-division-agreement,false,true
/glossary/statutory-reserve-share,false,true
/glossary/legal-inheritance-order,false,true
/glossary/subrogation-inheritance,false,true
/glossary/mortgage,false,true
/glossary/provisional-attachment,false,true
/glossary/attachment,false,true
/glossary/pledge,false,true
/glossary/jeonse-right,false,true
/glossary/lease-registration-order,false,true
/glossary/ownership-transfer-registration,false,true
/glossary/ownership-preservation-registration,false,true
/glossary/registration-license-tax,false,true
/glossary/acquisition-tax,false,true
/glossary/stamp-duty,false,true
/glossary/service-fee,false,true
/glossary/payment-order,false,true
/glossary/certified-mail,false,true
/glossary/complaint,false,true
/glossary/answer-brief,false,true
/glossary/personal-rehabilitation,false,true
/glossary/personal-bankruptcy,false,true
/glossary/discharge,false,true
/glossary/company-establishment-registration,false,true
/glossary/director-change-registration,false,true
/glossary/head-office-move-registration,false,true
/glossary/purpose-change-registration,false,true
/glossary/dissolution-registration,false,true
/glossary/liquidation-registration,false,true
/강의이력,false,true
/강의이력/busan-citizen-library-life-law,false,true
/강의이력/busan-self-support-jeonse-prevention,false,true
/강의이력/busan-self-support-daily-dispute-survival,false,true
/강의이력/haeundae-youth-space-startup-law-2026-07,false,true
/강의이력/changwon-youth-vision-center,false,true
/강의이력/yangsan-jeil-high-career-talk,false,true
/강의이력/haeundae-youth-job-growth-cafe,false,true
/강의이력/lh-busan-ccei-life-law,false,true
/강의이력/youth-jeonse-prevention-series,false,true
/강의이력/youth-digital-law-guide,false,true
/강의이력/youth-mistake-crime-lecture,false,true
/강의이력/youth-life-law-basics,false,true
/강의이력/youth-housing-contract-guide,false,true
/강의이력/busan-citizen-library-week-1,false,true
/강의이력/busan-citizen-library-week-2,false,true
/강의이력/busan-citizen-library-week-3,false,true
/강의이력/busan-citizen-library-week-4,false,true
/강의이력/youth-money-property-dispute,false,true
/강의이력/youth-jeonse-legal-education,false,true
/강의이력/youth-jeonse-most-sought,false,true
/강의이력/youth-jeonse-offline-session,false,true
/강의이력/youth-jeonse-vaccination,false,true
/cases/busan-personal-rehabilitation-consultation,false,false
/cases/centum-ownership-transfer-case,false,false
/cases/dongnae-qualified-acceptance-consultation,false,false
/cases/gijang-land-inheritance-case,false,false
/cases/haeundae-inheritance-registration-case,false,false
/cases/jaesong-inheritance-renunciation-consultation,false,false
/cases/suyeong-company-establishment-case,false,false
/cases/yeonje-director-change-case,false,false
/press,false,false
/press/kukinews-youth-budget-unboxing-2027,false,false
/press/weeklypeople-youth-judicial-scrivener-ahn,false,false
/press/busan-mbc-news-fuel-price-relief-expert,false,false
/press/busan-ilbo-bar-association-64th-general-assembly,false,false
/press/kukje-sinmun-bar-association-64th-general-assembly,false,false
/press/beopryul-sinmun-bar-association-64th-general-assembly,false,false
