url,incoming_internal_links,outgoing_internal_links
/,106,0
/about,208,36
/office,12,36
/services,794,36
/blog,186,36
/reviews,2,36
/faq,1034,36
/공지사항,0,36
/media,40,36
/contact,1832,36
/location,1905,36
/search-guides,126,36
/contact/inquiry,66,36
/개인정보처리방침,0,36
/이용약관,0,36
/자가진단,234,36
/상속등기자가진단,62,36
/상속포기자가진단,26,36
/한정승인자가진단,32,36
/법인등기자가진단,42,36
/법인설립자가진단,8,36
/임원변경등기자가진단,18,36
/부동산등기자가진단,48,36
/소유권이전등기자가진단,24,36
/개인회생자가진단,48,36
/개인파산자가진단,36,36
/전세보증금자가진단,20,36
/임차권등기명령자가진단,22,36
/지급명령자가진단,50,36
/내용증명자가진단,40,36
/공탁자가진단,0,36
/성년후견자가진단,4,36
/특별대리인자가진단,4,36
/선박등기자가진단,0,34
/부산상속등기,2006,60
/부산상속포기,400,60
/부산한정승인,360,60
/부산법인설립등기,510,36
/부산임원변경등기,728,36
/부산부동산등기,1990,60
/부산법인등기,2052,60
/부산소유권이전등기,762,36
/부산개인회생,434,60
/부산파산,126,36
/해운대구상속등기,166,36
/해운대구상속포기,0,36
/해운대구한정승인,2,36
/해운대구법인등기,20,36
/해운대구부동산등기,456,36
/연제구상속등기,18,36
/연제구상속포기,0,36
/연제구법인등기,8,36
/연제구임원변경등기,2,36
/수영구상속등기,104,36
/수영구부동산등기,408,36
/수영구법인등기,0,36
/수영구개인회생,2,36
/동래구상속등기,16,36
/동래구법인등기,0,36
/동래구한정승인,4,36
/동래구임원변경등기,0,36
/기장군상속등기,6,36
/기장군상속포기,0,36
/기장군한정승인,0,36
/기장군법인등기,0,36
/기장군부동산등기,8,36
/북구상속등기,4,36
/북구부동산등기,0,36
/북구개인회생,6,36
/북구상속포기,2,36
/사상구상속등기,4,36
/사상구부동산등기,8,36
/사상구상속포기,2,36
/사상구개인회생,4,36
/금정구상속등기,2,36
/금정구한정승인,2,36
/금정구부동산등기,6,36
/센텀법인설립등기,28,36
/센텀임원변경등기,16,36
/센텀부동산등기,2,36
/해운대구법인설립등기,0,36
/해운대구임원변경등기,0,36
/연제구부동산등기,6,36
/연제구한정승인,2,36
/수영구상속포기,0,36
/동래구부동산등기,12,36
/사하구부동산등기,8,36
/서구부동산등기,2,36
/영도구부동산등기,4,36
/부산법무사,1978,60
/해운대법무사,1600,60
/센텀법무사,1504,60
/재송동법무사,42,24
/반여동법무사,22,24
/수영구법무사,74,24
/연제구법무사,78,24
/동래구법무사,66,24
/부산진구법무사,70,24
/남구법무사,62,24
/금정구법무사,74,24
/북구법무사,60,24
/기장군법무사,78,24
/사상구법무사,66,24
/사하구법무사,62,24
/중구법무사,50,24
/서구법무사,50,24
/영도구법무사,50,24
/강서구법무사,114,24
/동구법무사,44,24
/부산법무사비용,174,60
/부산법무사보수표,92,36
/상속등기비용,336,36
/상속포기비용,148,36
/한정승인비용,156,36
/법인설립등기비용,558,36
/임원변경등기과태료,462,36
/소유권이전등기서류,520,36
/상속등기필요서류,252,36
/상속등기기간,230,36
/부산지방법원법무사,96,36
/부산지방법원등기국,96,60
/부산지방법원동부지원법무사,94,36
/부산지방법원동부지원등기과,90,36
/부산회생법원법무사,186,36
/부산가정법원상속,324,36
/남부산등기소법무사,94,36
/북부산등기소법무사,90,36
/중부산등기소법무사,86,36
/부산진등기소법무사,78,36
/센텀법인등기,574,36
/문현금융단지법인등기,358,36
/부산국제금융센터법인등기,16,36
/명지국제신도시법인등기,74,36
/에코델타시티법인등기,72,36
/정관법인등기,72,36
/명례산업단지법인등기,498,60
/부산재개발등기,380,60
/부산재건축등기,288,36
/부산신축아파트소유권이전등기,54,36
/부산오피스텔소유권이전등기,0,36
/부산상가등기,8,36
/부산토지상속등기,46,36
/기장토지상속등기,68,36
/해운대재개발상속등기,58,36
/부산개인파산,18,36
/부산등기법무사,1048,36
/부산부동산등기법무사,702,36
/부산상속법무사,562,36
/부산법인법무사,434,36
/부산기업법무사,82,36
/부산스타트업법무사,40,36
/부산상속재산분할법무사,256,36
/부산법인등기비용,6,36
/부산근저당설정등기,36,36
/부산근저당말소등기,66,36
/부산전세권설정등기,24,36
/부산전세권말소등기,12,36
/부산신축건물보존등기,706,36
/공공기관등기업무,540,36
/부산법무사추천,138,36
/부산등기법무사추천,10,36
/부산상속등기전문,12,36
/부산부동산등기전문,12,36
/부산법인등기전문,16,36
/부산법무사상담,304,36
/부산법무사후기,4,36
/부산법무사비교,16,36
/부산법무사무소,12,36
/부산법무사서류준비,12,36
/부산법무사방문상담,8,36
/부산법무사비대면상담,12,36
/부산상속법무사추천,2,36
/부산개인회생법무사추천,4,36
/부산개인파산법무사추천,0,36
/부산법무사수임료,0,36
/부산법무사보수,0,36
/부산법무사잘하는곳,0,36
/부산등기전문법무사,0,36
/부산상속전문법무사,2,36
/부산법인전문법무사,4,36
/부산부동산등기전문법무사,2,36
/부산개인회생전문법무사,2,36
/부산개인파산전문법무사,4,36
/부산근저당전문법무사,0,36
/부산전세전문법무사,0,36
/부산임원변경전문법무사,2,36
/부산매매등기전문법무사,4,36
/부산소유권이전전문법무사,2,36
/부산한정승인전문법무사,4,36
/부산회생전문법무사,0,36
/부산파산전문법무사,2,36
/부산면책전문법무사,2,36
/부산상속포기전문법무사,0,36
/부산상속등기전문법무사,0,36
/부산증여등기전문법무사,2,36
/부산법인설립전문법무사,0,36
/부산부동산전문법무사,0,36
/부산개인회생법무사,20,36
/부산개인파산법무사,2,36
/부산회생법무사,4,36
/부산파산법무사,2,36
/부산등기복대리,6,36
/복대리등기,0,36
/등기복대리,0,36
/부산집단등기,22,36
/집단등기,0,36
/아파트집단등기,2,36
/오피스텔집단등기,0,36
/신축집단등기,0,36
/법무사수임료,0,36
/법무사비용,0,36
/법무사보수,0,36
/등기비용,2,36
/등록면허세,0,36
/국민주택채권,0,36
/취득세,8,36
/등기신청대행,0,36
/전자등기,2,36
/전자신청,0,36
/등기소제출,0,36
/등기보정,4,36
/등기완료기간,0,36
/등기접수,0,36
/등기처리기간,0,36
/부산개인회생상담,0,36
/부산개인회생신청,0,36
/부산파산신청,0,36
/부산개인파산상담,0,36
/부산면책신청,4,36
/부산회생상담,0,36
/법무사상담전준비,0,36
/법무사방문전준비,0,36
/등기준비서류,0,36
/등기얼마나걸리나요,0,36
/등기언제끝나나요,0,36
/등기어디서하나요,2,36
/등기소어디인가요,2,36
/법무사맡기면달라지는점,0,36
/공공기관법인등기,2,36
/공공기관부동산등기,2,36
/공기업등기,0,36
/촉탁등기,0,36
/공공기관촉탁등기,2,36
/지방공기업등기,0,36
/공공기관이전등기,2,36
/신축보존등기,0,36
/건물보존등기,0,36
/집합건물보존등기,0,36
/오피스텔보존등기,0,36
/상가보존등기,0,36
/건축주준비서류,0,36
/사용승인후등기,4,36
/상속등기실수모음,0,36
/법인등기실수모음,0,36
/개인회생실수모음,0,36
/부동산등기실수모음,0,36
/집단등기실수모음,2,36
/상속등기체크리스트,0,36
/법인등기체크리스트,0,36
/개인회생체크리스트,0,36
/부동산등기체크리스트,2,36
/신축보존등기체크리스트,2,36
/왜상속등기비용이다를까,2,36
/왜법인등기비용이다를까,0,36
/왜개인회생비용이다를까,0,36
/등기실무,48,36
/특수등기의뢰,6,36
/법무사협업,4,36
/부산잔금일법무사,18,36
/부산매매등기법무사,48,36
/부산증여등기,36,36
/부산부모자녀아파트증여등기,10,36
/부산부부간증여등기,4,36
/부산부담부증여등기,10,36
/부산공동명의지분증여등기,6,36
/부산명의변경등기,10,36
/부산아파트매매등기,6,36
/부산전세보증금반환법무사,16,36
/부산임차권등기명령,22,36
/부산매수인법무사,2,36
/부산경매낙찰등기,6,36
/부산공동명의등기,16,36
/부산지분이전등기,8,36
/부산이혼재산분할등기,6,36
/부산입주등기,8,36
/부산셀프등기,2,36
/부산등기권리증분실,2,36
/부산빌라매매등기,0,36
/부산오피스텔매매등기,0,36
/부산상가매매등기,0,36
/부산토지매매등기,0,36
/부산가압류말소등기,4,36
/부산압류말소등기,2,36
/부산중도금대출근저당,2,36
/부산잔금대출근저당,6,36
/부산상속후매매등기,4,36
/부산확정일자전세권비교,2,36
/부산외국인부동산등기,0,36
/부산등기명의인표시변경,12,36
/부산공매낙찰등기,4,36
/부산신탁등기,0,36
/부모님사망후해야할일,12,36
/장례후재산채무정리,10,36
/사망신고와상속등기차이,4,36
/안심상속원스톱서비스이후,6,36
/사망자재산채무조회,14,36
/부모빚상속방법,34,36
/방문없이준비하는상속등기,22,36
/상속상담전준비서류와비용,8,36
/오래된상속토지정리,10,36
/연락두절상속인,12,36
/미성년상속인,12,36
/재혼가정상속,2,36
/고인계좌장례비사용,4,36
/사망후3개월지난상속,12,36
/해외거주상속인,24,36
/임대인사망전세계약,0,36
/경상도비대면상속등기,48,36
/타지역상속인경상도부동산,4,36
/방문없이준비하는법무사업무,70,36
/상속인이여러지역에있는경우,20,36
/부동산과거주지가다른상속등기,14,36
/방문없이준비하는상속포기한정승인,4,36
/사진전자파일우편으로서류전달,18,36
/법무사비용먼저확인하는방법,14,36
/방문없이준비하는법인설립,10,36
/방문없이준비하는임원변경,20,36
/해외대표이사주주법인등기,12,36
/부모자녀다른지역증여등기,8,36
/방문없이준비하는근저당말소,10,36
/이사후임차권등기명령준비,10,36
/방문없이준비하는지급명령서류,16,36
/사업자폐업후법인정리,10,36
/등기권리증없이소유권이전,6,36
/해외서류가필요한증여등기,10,36
/방문없이준비하는부담부증여,2,36
/방문없이준비하는전세권말소,4,36
/공유물분할등기서류준비,4,36
/가압류신청서류준비,14,36
/내용증명작성준비,18,36
/방문없이준비하는유상증자,2,36
/휴면법인계속등기준비,6,36
/제주타지역상속인부동산,0,36
/가처분신청서류준비,2,36
/채권압류추심서류준비,12,36
/변제공탁서류준비,6,36
/이혼재산분할등기서류준비,4,36
/압류말소등기서류준비,6,36
/상속등기후매매서류준비,2,36
/특별한정승인,4,36
/대습상속등기,2,36
/유류분과상속등기,4,36
/상속취득세와등기순서,0,36
/신용회복과개인회생차이,0,36
/전세사기피해대응절차,26,36
/분양권명의이전등기,0,36
/지급명령이의신청준비,0,36
/해산간주확인절차,2,36
/등기신청반려와보정,0,36
/상속재산분할협의서준비,2,36
/대표이사한명만남는경우,0,36
/경매낙찰후전세권확인,2,36
/본점이전후사업자등록순서,0,36
/상속포기후다음순위확인,0,36
/부산가등기,8,36
/부산유언검인,8,36
/부동산실권리자명의등기,2,36
/부산경매권리분석,10,36
/부산개명허가,2,36
/부산재산명시,4,36
/부산부재자재산관리인,4,36
/부산상속재산관리인,2,36
/등기관할과사무소위치,12,36
/상담,34,36
/1분간편상담,2,36
/법무사상담,0,36
/상속등기상담,0,36
/상속포기상담,0,36
/한정승인상담,0,36
/부동산등기상담,0,36
/법인등기상담,0,36
/전세보증금상담,0,36
/개인회생상담,0,36
/등기서류상담,0,36
/무슨법률업무인지모를때,6,36
/서류가없어도상담가능,0,36
/전화가어려울때법률상담,0,36
/부산역법무사,6,24
/서면법무사,20,24
/광안리법무사,16,24
/동래역법무사,4,24
/연산동법무사,20,24
/남천동법무사,2,24
/대연동법무사,6,24
/덕천동법무사,12,24
/명지법무사,14,24
/정관법무사,6,24
/사상법무사,8,24
/하단법무사,6,24
/우동법무사,14,24
/좌동법무사,8,24
/사직동법무사,10,24
/화명동법무사,6,24
/부곡동법무사,10,24
/거제동법무사,8,24
/전포동법무사,4,24
/문현동법무사,4,24
/용호동법무사,4,24
/망미동법무사,4,24
/일광읍법무사,12,24
/남포동법무사,2,24
/초량동법무사,4,24
/범일동법무사,4,24
/구포동법무사,8,24
/다대동법무사,6,24
/괴정동법무사,6,24
/개금동법무사,4,24
/안락동법무사,2,24
/구서동법무사,2,24
/반송동법무사,0,24
/주례동법무사,6,24
/동삼동법무사,6,24
/우암동법무사,4,24
/기장읍법무사,18,24
/연지동법무사,4,24
/오시리아법무사,2,24
/부산법률전문가,6,36
/법률강의,76,36
/부산법률강사,40,36
/전세사기예방교육,34,36
/청년생활법률특강,48,36
/창업법률교육,16,36
/기업법률교육,14,36
/강사소개,72,36
/강의문의,88,36
/디지털법률교육,14,36
/학교법률교육,6,36
/공공기관법률교육,22,36
/법무사진로특강,6,36
/부산도서관법률특강,6,36
/부산법무사강의,4,36
/부산기관법률특강,12,36
/부산사회복지기관강사,2,36
/부산강사섭외비용,6,36
/부산강사섭외체크리스트,6,36
/기관특강주제추천,6,36
/강의시간별구성,8,36
/부산기업법률자문,42,36
/부산기업채권관리,8,36
/부산기업부동산등기,6,36
/기업업무문의,10,36
/부산법률상담,16,36
/법인변경등기,56,36
/부산대표이사변경등기,16,36
/부산임원임기만료등기,10,36
/부산본점이전등기,20,36
/부산사업목적변경등기,8,36
/부산유상증자등기,8,36
/부산법인해산청산등기,14,36
/부산법인등기과태료,4,36
/대표자사망시법인등기,0,36
/부산상호변경등기,2,36
/부산지점설치등기,6,36
/부산지점폐지등기,4,36
/부산감자등기,2,36
/부산무상증자등기,2,36
/부산휴면법인계속등기,6,36
/부산공동대표변경등기,2,36
/부산임원사임해임등기,2,36
/부산개인사업자법인전환,2,36
/부산법인해산전확인사항,4,36
/녹산산단법인본점지점,0,36
/부산법인정기점검,2,36
/법인정관업무,14,36
/법인정관변경,10,36
/법인공증준비,12,36
/법인정관인증확인,8,36
/법인의사록공증준비,12,36
/부산건물등기,78,36
/부산건축물등기법무사,22,36
/부산건물멸실등기,40,36
/부산건물표시변경등기,34,36
/부산집합건물등기,14,36
/부산공장창고등기,22,36
/건물등기상황별안내,44,36
/철거후건물멸실등기,8,36
/건축물대장말소와멸실등기차이,4,36
/멸실등기없이토지매도,2,36
/신축전기존건물철거등기순서,4,36
/화재소실건물멸실등기,0,36
/건물일부철거표시변경,4,36
/공장철거후멸실등기,2,36
/상속건물멸실등기,4,36
/건축물대장말소등기부잔존,4,36
/등기부존재실제건물없음,4,36
/공유자연락두절멸실등기,4,36
/건물토지소유자상이멸실,4,36
/토지소유자와건축주다른보존등기,8,36
/건축주법인신축보존등기,8,36
/보존등기후근저당설정,8,36
/지식산업센터보존등기,6,36
/증축후건물표시변경등기,6,36
/건물용도변경등기,2,36
/건물면적상이경정등기,6,36
/도로명주소등기부상이,2,36
/건축물대장등기부불일치,8,36
/불법증축후등기가능여부,4,36
/건물분할등기,4,36
/건물합병등기,4,36
/일반건물집합건물전환등기,2,36
/미등기건물소유권보존등기,2,36
/가설컨테이너등기가능여부,2,36
/강서구공장멸실등기,2,36
/사상구공장창고등기,4,36
/기장신축건물보존등기,2,36
/해운대상가오피스텔건물등기,0,36
/특수비영리법인등기,152,36
/부산비영리법인설립등기,140,36
/부산특수법인등기,6,36
/부산조합협동조합등기,10,36
/부산비영리법인변경등기,14,36
/특별법법인설립등기,28,36
/전문직법인등기,18,36
/농어업법인설립등기,10,36
/부산사단법인설립,42,36
/부산재단법인설립,22,36
/부산사회적협동조합설립,10,36
/부산협동조합설립등기,14,36
/부산농업회사법인설립,6,36
/부산협회단체법인설립,6,36
/협회사단법인설립,12,36
/장학재단설립,8,36
/비영리법인임원변경등기,14,36
/주무관청허가후설립등기,6,36
/사회복지법인설립등기,8,36
/부산사회복지법인등기,2,36
/사회복지법인임원변경등기,4,36
/사회복지법인해산청산등기,2,36
/학교법인설립등기,6,36
/부산학교법인등기,2,36
/학교법인임원변경등기,2,36
/의료법인설립등기,8,36
/부산의료법인등기,4,36
/의료법인임원변경등기,4,36
/의료법인주사무소이전등기,2,36
/공익법인설립등기,6,36
/공익법인임원변경등기,2,36
/영농조합법인설립,4,36
/영어조합법인설립,4,36
/어업회사법인설립,2,36
/법무사법인설립등기,4,36
/세무법인설립등기,6,36
/노무법인설립등기,4,36
/회계법인설립등기,4,36
/특허법인설립등기,4,36
/관세법인설립등기,4,36
/감정평가법인설립등기,4,36
/기타전문직법인설립등기,10,36
/문화예술단체사단법인설립,4,36
/체육단체사단법인설립,4,36
/환경단체사단법인설립,0,36
/복지단체사단법인설립,0,36
/사단법인주사무소이전등기,0,36
/사단법인목적변경등기,0,36
/비영리법인해산청산등기,2,36
/재단법인기본재산변경등기,0,36
/협동조합임원변경등기,0,36
/협동조합해산청산등기,0,36
/종교단체사단법인설립,4,36
/교회사단법인설립,2,36
/종교재단설립,2,36
/국제교류단체사단법인설립,0,36
/해운대비영리법인설립,0,36
/수영구비영리법인설립,2,36
/부산진구비영리법인설립,0,36
/부산문화예술단체법인설립,0,36
/부산체육단체법인설립,0,36
/경남사단법인설립,4,36
/경남재단법인설립,0,36
/창원비영리법인설립,2,36
/사회적기업과법인설립차이,0,36
/재단법인과공익법인차이,0,36
/재건축조합임원변경등기,0,36
/사단법인과재단법인차이,18,36
/비영리민간단체와사단법인차이,4,36
/농업회사법인과영농조합법인차이,4,36
/사회적협동조합과사단법인차이,0,36
/협동조합과주식회사차이,0,36
/사회적기업과사회적협동조합차이,2,36
/사단법인과협동조합차이,0,36
/partners,62,36
/부산법무사복대리,16,36
/부산부동산협력법무사,8,36
/협업문의,34,36
/부산부동산등기복대리,10,36
/부산법인등기복대리,10,36
/부산등기접수협업,10,36
/부산등기보정업무,8,36
/부산등기소현지업무,6,36
/부산원거리등기협업,4,36
/부산잔금등기협업,4,36
/부산건축사등기협업,4,36
/부산시행사등기,8,36
/부산건설사등기,4,36
/부산분양등기,6,36
/부산법인등기아웃소싱,6,36
/부산진구상속등기,0,36
/부산진구부동산등기,18,36
/서면부동산등기,0,36
/부동산등기비용,6,36
/개인회생비용,208,36
/부산진구법인등기,0,36
/부산진구소유권이전등기,0,36
/서면법인등기,0,36
/상속등기보수표,0,36
/상속등기기한,0,36
/법인등기비용,458,36
/부동산등기필요서류,0,36
/소유권이전등기비용,506,36
/개인회생필요서류,130,36
/부산지방법원등기국상속등기,0,36
/부산회생법원개인회생,96,36
/부산여성법무사,1406,60
/중구상속등기,2,36
/서구상속등기,2,36
/동구상속등기,0,36
/영도구상속등기,2,36
/부산진구상속포기,0,36
/부산진구한정승인,0,36
/남구상속등기,0,36
/사하구상속등기,4,36
/강서구상속등기,0,36
/센텀시티역상속등기,0,36
/서면역부동산등기,0,36
/상속등기준비서류,0,36
/법인등기필요서류,0,36
/부동산등기보수표,0,36
/부동산등기기한,0,36
/소유권이전등기필요서류,0,36
/개인회생보수표,0,36
/개인회생기한,0,36
/부산지방법원상속등기,0,36
/부산지방법원등기국부동산등기,0,36
/중구부동산등기,2,36
/동구부동산등기,2,36
/부산진구법인설립등기,0,36
/남구부동산등기,6,36
/북구법인등기,0,36
/강서구부동산등기,14,36
/수영구한정승인,0,36
/연산동상속등기,0,36
/서면역법인등기,0,36
/상속포기필요서류,68,36
/한정승인필요서류,0,36
/법인등기보수표,0,36
/법인등기기한,0,36
/부동산등기준비서류,0,36
/소유권이전등기보수표,0,36
/소유권이전등기기한,0,36
/개인회생준비서류,0,36
/개인파산비용,0,36
/부산지방법원등기국법인등기,0,36
/부산진등기소부동산등기,0,36
/해운대여성법무사,16,36
/센텀여성법무사,16,36
/중구법인등기,0,36
/서구소유권이전등기,2,36
/서구법인등기,0,36
/동구법인등기,0,36
/영도구법인등기,2,36
/부산진구임원변경등기,0,36
/동래구상속포기,2,36
/남구법인등기,0,36
/북구한정승인,0,36
/사하구법인등기,0,36
/금정구법인등기,0,36
/강서구법인등기,0,36
/연제구법인설립등기,0,36
/수영구법인설립등기,0,36
/사상구법인등기,0,36
/광안동부동산등기,0,36
/덕천동상속등기,2,36
/센텀시티역법인등기,0,36
/상속등기과태료,0,36
/상속포기보수표,0,36
/상속포기기한,0,36
/한정승인보수표,0,36
/한정승인기한,0,36
/법인등기준비서류,0,36
/법인설립등기필요서류,0,36
/임원변경등기비용,0,36
/부동산등기기간,0,36
/소유권이전등기준비서류,0,36
/개인회생기간,130,36
/개인파산필요서류,0,36
/부산회생법원개인파산,0,36
/부산가정법원상속포기,68,36
/부산가정법원한정승인,0,36
/남부산등기소부동산등기,0,36
/북부산등기소상속등기,0,36
/부산진등기소소유권이전등기,0,36
/중구상속포기,0,36
/중구한정승인,0,36
/서구상속포기,0,36
/서구한정승인,0,36
/동구상속포기,0,36
/동구한정승인,0,36
/영도구상속포기,0,36
/영도구한정승인,0,36
/동래구법인설립등기,0,36
/남구상속포기,0,36
/남구한정승인,0,36
/북구법인설립등기,0,36
/사하구상속포기,0,36
/사하구한정승인,0,36
/금정구상속포기,0,36
/강서구상속포기,0,36
/강서구한정승인,0,36
/수영구임원변경등기,0,36
/사상구한정승인,0,36
/연산동법인등기,0,36
/문현동법인등기,0,36
/덕천동개인회생,0,36
/상속포기준비서류,0,36
/한정승인준비서류,0,36
/법인등기기간,0,36
/법인설립등기보수표,0,36
/법인설립등기기한,0,36
/임원변경등기필요서류,0,36
/본점이전등기비용,4,36
/부동산등기과태료,0,36
/소유권이전등기기간,0,36
/개인회생과태료,0,36
/개인파산보수표,0,36
/개인파산기한,0,36
/부산지방법원동부지원등기과부동산등기,0,36
/남부산등기소소유권이전등기,0,36
/북부산등기소부동산등기,0,36
/중부산등기소부동산등기,0,36
/상속여성법무사,16,36
/부산법원근처법무사,56,36
/등기소근처법무사,56,36
/중구법인설립등기,0,36
/서구법인설립등기,0,36
/동구법인설립등기,0,36
/영도구법인설립등기,0,36
/남구법인설립등기,0,36
/북구임원변경등기,0,36
/사하구법인설립등기,0,36
/금정구법인설립등기,0,36
/강서구법인설립등기,0,36
/사상구법인설립등기,0,36
/기장군법인설립등기,0,36
/연산역상속등기,0,36
/명지법인등기,0,36
/상속포기기간,0,36
/한정승인기간,76,36
/법인등기과태료,0,36
/법인설립등기준비서류,0,36
/임원변경등기보수표,0,36
/임원변경등기기한,0,36
/본점이전등기필요서류,0,36
/소유권이전등기과태료,0,36
/증여등기비용,10,36
/개인파산준비서류,0,36
/부산지방법원동부지원등기과법인등기,0,36
/중부산등기소법인등기,0,36
/서면역법무사,0,36
/중구임원변경등기,0,36
/서구임원변경등기,0,36
/동구임원변경등기,0,36
/영도구임원변경등기,0,36
/남구임원변경등기,0,36
/사하구임원변경등기,0,36
/금정구임원변경등기,0,36
/강서구임원변경등기,0,36
/사상구임원변경등기,0,36
/기장군임원변경등기,0,36
/재송동상속등기,0,36
/반여동상속등기,0,36
/좌동상속등기,0,36
/송정동상속등기,0,36
/남천동상속등기,2,36
/거제동상속등기,0,36
/양정동상속등기,0,36
/대연동상속등기,0,36
/기장상속등기,0,36
/사직동상속등기,0,36
/온천동상속등기,0,36
/부곡동상속등기,0,36
/해운대역부동산등기,0,36
/사상역개인회생,0,36
/부산역부동산등기,0,36
/녹산국가산단법인등기,0,36
/상속포기과태료,0,36
/한정승인과태료,0,36
/법인설립등기기간,0,36
/임원변경등기준비서류,0,36
/본점이전등기보수표,0,36
/본점이전등기기한,0,36
/증여등기필요서류,14,36
/근저당말소비용,0,36
/개인파산기간,0,36
/선박등기비용,0,36
/부산지방법원등기국법무사,0,36
/부산가정법원법무사,0,36
/개인회생여성법무사,16,36
/반여동부동산등기,0,36
/우동부동산등기,0,36
/중동부동산등기,0,36
/민락동부동산등기,0,36
/전포동부동산등기,0,36
/명지동부동산등기,0,36
/에코델타시티법인설립등기,0,36
/화명동부동산등기,0,36
/장전동부동산등기,0,36
/명지법인설립등기,0,36
/문현금융단지임원변경등기,0,36
/법인설립등기과태료,0,36
/임원변경등기기간,0,36
/본점이전등기준비서류,0,36
/증여등기보수표,0,36
/증여등기기한,0,36
/근저당말소필요서류,2,36
/전세권설정비용,0,36
/개인파산과태료,0,36
/선박등기필요서류,0,36
/재개발등기비용,0,36
/재건축등기비용,0,36
/센텀시티역법무사,0,36
/수영구전세권설정,2,36
/재송동소유권이전등기,0,36
/우동소유권이전등기,0,36
/좌동소유권이전등기,0,36
/부전동소유권이전등기,0,36
/문현동본점이전등기,0,36
/명례산업단지임원변경등기,0,36
/녹산국가산단법인설립등기,0,36
/본점이전등기기간,0,36
/증여등기준비서류,0,36
/근저당말소보수표,0,36
/근저당말소기한,0,36
/전세권설정필요서류,0,36
/임차권등기명령비용,2,36
/선박등기보수표,0,36
/선박등기기한,0,36
/재개발등기필요서류,0,36
/재건축등기필요서류,0,36
/중부산등기소임원변경등기,0,36
/부산선박등기,50,54
/녹산산업단지법인등기,70,36
/동부지원상속등기,0,36
/영도구선박등기,50,36
/동래구재건축등기,0,36
/강서구선박등기,0,36
/부곡동한정승인,0,36
/명지역법인설립등기,0,36
/본점이전등기과태료,0,36
/증여등기기간,0,36
/근저당말소준비서류,0,36
/전세권설정보수표,0,36
/전세권설정기한,0,36
/임차권등기명령필요서류,4,36
/선박등기준비서류,0,36
/재개발등기보수표,0,36
/재개발등기기한,0,36
/재건축등기보수표,0,36
/재건축등기기한,0,36
/광안동법무사,2,36
/사하구전세권설정,0,36
/기장군재개발등기,0,36
/명지동법인설립등기,0,36
/정관법인설립등기,0,36
/증여등기과태료,0,36
/근저당말소기간,0,36
/전세권설정준비서류,0,36
/임차권등기명령보수표,0,36
/임차권등기명령기한,0,36
/선박등기기간,0,36
/재개발등기준비서류,0,36
/재건축등기준비서류,0,36
/해운회사법인등기,50,36
/산업단지법인등기,16,36
/광안동전세권설정,0,36
/근저당말소과태료,0,36
/전세권설정기간,0,36
/임차권등기명령준비서류,0,36
/선박등기과태료,0,36
/재개발등기기간,0,36
/재건축등기기간,0,36
/전세권설정과태료,0,36
/임차권등기명령기간,0,36
/재개발등기과태료,0,36
/재건축등기과태료,0,36
/부산지방법원동부지원등기과법무사,0,36
/부산지방법원채권회수,2,36
/부산가정법원성년후견,0,36
/물류회사법인등기,68,36
/임차권등기명령과태료,0,36
/부산지방법원지급명령,6,36
/부산지방법원동부지원채권회수,0,36
/광안역전세권설정,0,36
/부산지방법원동부지원지급명령,2,36
/사직동재건축등기,0,36
/해운대역법무사,0,36
/광안역법무사,2,36
/연산역법무사,2,36
/사상역법무사,2,36
/명지역법무사,2,36
/중동법무사,6,36
/송정동법무사,0,36
/민락동법무사,4,36
/부전동법무사,2,36
/양정동법무사,2,36
/명지동법무사,2,36
/기장법무사,0,36
/온천동법무사,2,36
/장전동법무사,4,36
/상속,118,36
/법인등기,460,36
/부동산등기,208,36
/개인회생파산,130,36
/민사소송,86,36
/임대차전세,30,36
/공탁채권회수,28,36
/가족후견,12,36
/특수등기,2,36
/창업법무,8,36
/situations,48,36
/situations/분류/가족-사망-상속,8,36
/situations/분류/전세-임대차-보증금,4,36
/situations/분류/부동산-매매-증여-등기,4,36
/situations/분류/개인채무-회생-파산,4,36
/situations/분류/법인-사업-운영,4,36
/situations/분류/돈을-받지-못한-경우,4,36
/situations/분류/계약-일상-분쟁,2,36
/situations/parent-passed-away,22,36
/situations/siblings-not-cooperating,12,36
/situations/inheritance-unknown-debt,12,36
/situations/real-estate-sale-registration,16,36
/situations/jeonse-deposit-unpaid,22,36
/situations/corporate-officer-address-change,14,36
/situations/payment-order-certified-mail,26,36
/situations/personal-rehabilitation-bankruptcy,14,36
/situations/상속재산-조회,14,36
/situations/상속포기-한정승인-선택,14,36
/situations/상속등기-지연-과태료,6,36
/situations/해외-거주-상속인,4,36
/situations/상속-후-첫-절차,4,36
/situations/집주인-연락-두절,8,36
/situations/임차권등기명령-필요할-때,8,36
/situations/전세-경매-진행,8,36
/situations/전입신고-확정일자-없음,4,36
/situations/잔금-후-소유권이전-거부,8,36
/situations/공동명의-정리,6,36
/situations/근저당-말소-지연,8,36
/situations/셀프등기-실수,8,36
/situations/잔금일-소유권이전,2,36
/situations/급여-압류-빚,10,36
/situations/개인회생-가능-여부,10,36
/situations/보증채무-부담,8,36
/situations/빚-감당-어려울-때,10,36
/situations/회생-파산-선택-고민,2,36
/situations/임원-임기-만료,16,36
/situations/법인-설립-처음,10,36
/situations/대표자-사망-법인,10,36
/situations/본점-이전-등기,10,36
/situations/임원변경-기한-임박,2,36
/situations/대여금-못-받음,10,36
/situations/채무자-재산-모름,8,36
/situations/공사대금-못-받음,6,36
/situations/판결-후-강제집행,8,36
/situations/계약금-반환-분쟁,8,36
/situations/중고거래-분쟁,6,36
/situations/내용증명-받았을-때,12,36
/situations/손해배상-청구,6,36
/tools,152,36
/tools/inheritance-registration-deadline,2,36
/tools/inheritance-renunciation-deadline,4,36
/tools/director-change-penalty-deadline,8,36
/tools/head-office-move-deadline,2,36
/tools/jeonse-deposit-timeline,4,36
/tools/payment-order-fee-check,4,36
/tools/real-estate-documents-check,50,36
/tools/rehab-income-debt-check,4,36
/services/inheritance-registration,288,36
/services/inheritance-renunciation,110,36
/services/qualified-acceptance,134,36
/services/real-estate-registration,450,36
/services/ownership-transfer,204,36
/services/corporate-registration,360,36
/services/company-establishment,108,36
/services/director-change,96,36
/services/personal-rehabilitation,152,36
/services/bankruptcy,74,36
/blog/bankruptcy-vs-discharge-difference,0,36
/blog/bankruptcy-vs-personal-rehabilitation,2,36
/blog/busan-company-establishment-documents,0,36
/blog/busan-inheritance-consultation-prep,0,36
/blog/busan-inheritance-registration-procedure-documents,2,36
/blog/busan-lawyer-consultation-documents,4,36
/blog/busan-lawyer-jurisdiction-checklist,252,36
/blog/busan-lawyer-recommend-office-consult,276,36
/blog/busan-real-estate-registration-documents,0,36
/blog/business-owner-rehabilitation-pre-check,0,36
/blog/centum-lawyer-visit-day-flow,184,36
/blog/ceo-address-change-registration,0,36
/blog/certified-mail-before-sending,4,36
/blog/company-establishment-registration-checklist,4,36
/blog/complaint-filing-required-materials,0,36
/blog/corporate-name-change-registration,0,36
/blog/corporate-purpose-change-registration,2,36
/blog/corporate-registration-penalty-cases,0,36
/blog/debt-collection-response-guide,0,36
/blog/delayed-ownership-transfer-after-balance,0,36
/blog/delaying-inheritance-registration-risks,38,36
/blog/director-change-registration-deadline-guide,0,36
/blog/director-change-registration-deadline-penalty,6,36
/blog/gift-registration-pre-check,0,36
/blog/head-office-move-in-out-district,0,36
/blog/how-to-check-deceased-parent-debt,0,36
/blog/inheritance-division-agreement-cautions,0,36
/blog/inheritance-registration-documents-checklist,0,36
/blog/inheritance-registration-priority-after-parent-death,0,36
/blog/inheritance-renunciation-vs-qualified-acceptance,100,36
/blog/jeonse-deposit-return-certified-mail,0,36
/blog/jeonse-right-cancellation-procedure,0,36
/blog/jeonse-right-vs-lease-registration-order,6,36
/blog/joint-ownership-registration-cautions,2,36
/blog/loan-repayment-claim-documents,0,36
/blog/minor-heir-inheritance-guide,2,36
/blog/missed-director-term-expiry,0,36
/blog/mortgage-cancellation-risks,0,36
/blog/new-apartment-ownership-transfer,0,36
/blog/one-person-company-establishment-checklist,0,36
/blog/overseas-heir-inheritance-busan,2,36
/blog/payment-order-application-pre-check,0,36
/blog/personal-rehabilitation-before-application,38,36
/blog/personal-rehabilitation-consultation-documents,0,36
/blog/real-estate-ownership-transfer-procedure,4,36
/blog/salaried-worker-rehabilitation-eligibility,0,36
/blog/startup-corporate-registration-checklist,166,36
/blog/three-months-after-death-inheritance,2,36
/blog/when-jeonse-right-registration-needed,0,36
/blog/when-seller-withholds-registration-documents,0,36
/blog/when-siblings-refuse-inheritance-registration,0,36
/blog/when-to-consult-real-estate-registration-lawyer,164,36
/services/cases/busan-personal-rehabilitation-consultation,126,36
/services/cases/centum-ownership-transfer-case,242,36
/services/cases/dongnae-qualified-acceptance-consultation,88,36
/services/cases/gijang-land-inheritance-case,62,36
/services/cases/haeundae-inheritance-registration-case,120,36
/services/cases/jaesong-inheritance-renunciation-consultation,86,36
/services/cases/suyeong-company-establishment-case,198,36
/services/cases/yeonje-director-change-case,26,36
/faq/bankruptcy-discharge-faq,2,36
/faq/bankruptcy-vs-rehabilitation-faq,18,36
/faq/capital-increase-registration-faq,10,36
/faq/company-establishment-documents-faq,28,36
/faq/corporate-address-change-faq,16,36
/faq/director-change-deadline-faq,64,36
/faq/gift-registration-faq,12,36
/faq/how-to-book-consultation-faq,40,36
/faq/inheritance-registration-cost,110,36
/faq/inheritance-registration-with-mortgage,24,36
/faq/inheritance-renunciation-deadline,52,36
/faq/inheritance-renunciation-family-effect,16,36
/faq/jeonse-registration-faq,50,36
/faq/lawyer-fee-and-remote-faq,110,36
/faq/multiple-heirs-inheritance-registration,16,36
/faq/ownership-transfer-documents,48,36
/faq/personal-rehabilitation-credit-faq,0,36
/faq/personal-rehabilitation-documents-faq,16,36
/faq/personal-rehabilitation-duration-faq,68,36
/faq/personal-rehabilitation-eligibility-faq,110,36
/faq/preservation-registration-faq,0,36
/faq/public-agency-registration-faq,0,36
/faq/qualified-acceptance-procedure,74,36
/faq/qualified-acceptance-vs-simple-acceptance,6,36
/faq/real-estate-divorce-registration,2,36
/faq/renouncing-share-vs-full-renunciation,2,36
/faq/what-is-inheritance-renunciation,48,36
/faq/what-is-qualified-acceptance,10,36
/faq/when-to-choose-qualified-acceptance,64,36
/faq/when-to-file-inheritance-registration,20,36
/faq/who-can-file-bankruptcy-faq,8,36
/faq/who-needs-inheritance-registration,6,36
/media/kukinews-youth-budget-unboxing-2027,2,36
/media/weeklypeople-youth-judicial-scrivener-ahn,2,36
/media/busan-mbc-news-fuel-price-relief-expert,2,36
/media/busan-ilbo-bar-association-64th-general-assembly,2,36
/media/kukje-sinmun-bar-association-64th-general-assembly,2,36
/media/beopryul-sinmun-bar-association-64th-general-assembly,2,36
/cases,0,36
/업무사례,774,36
/업무사례/지역별,752,36
/업무사례/업무별,2,36
/업무사례/부산법무사,0,60
/업무사례/중구법무사,32,36
/업무사례/부산영주동법무사,30,36
/업무사례/부산대청동법무사,30,36
/업무사례/부산동광동법무사,30,36
/업무사례/부산보수동법무사,8,36
/업무사례/부산신창동법무사,0,36
/업무사례/부산창선동법무사,0,36
/업무사례/부산대창동법무사,0,36
/업무사례/부산남포동법무사,0,36
/업무사례/부산광복동법무사,0,36
/업무사례/부산부평동법무사,0,36
/업무사례/부산중앙동법무사,0,36
/업무사례/서구법무사,30,36
/업무사례/부산남부민동법무사,28,36
/업무사례/부산부민동법무사,28,36
/업무사례/부산부용동법무사,28,36
/업무사례/부산아미동법무사,8,36
/업무사례/부산초장동법무사,0,36
/업무사례/부산충무동법무사,0,36
/업무사례/부산토성동법무사,0,36
/업무사례/부산서대신동법무사,0,36
/업무사례/부산동대신동법무사,0,36
/업무사례/부산암남동법무사,0,36
/업무사례/동구법무사,24,36
/업무사례/부산초량동법무사,22,36
/업무사례/부산수정동법무사,22,36
/업무사례/부산좌천동법무사,22,36
/업무사례/부산범일동법무사,8,36
/업무사례/영도구법무사,28,36
/업무사례/부산남항동법무사,26,36
/업무사례/부산대교동법무사,26,36
/업무사례/부산대평동법무사,26,36
/업무사례/부산동삼동법무사,8,36
/업무사례/부산봉래동법무사,0,36
/업무사례/부산신선동법무사,0,36
/업무사례/부산영선동법무사,0,36
/업무사례/부산청학동법무사,0,36
/업무사례/부산진구법무사,42,36
/업무사례/부산가야동법무사,42,36
/업무사례/부산개금동법무사,42,36
/업무사례/부산당감동법무사,42,36
/업무사례/부산범전동법무사,8,36
/업무사례/부산범천동법무사,0,36
/업무사례/부산부암동법무사,0,36
/업무사례/부산부전동법무사,0,36
/업무사례/부산양정동법무사,0,36
/업무사례/부산연지동법무사,0,36
/업무사례/부산전포동법무사,0,36
/업무사례/부산초읍동법무사,0,36
/업무사례/동래구법무사,36,36
/업무사례/부산낙민동법무사,36,36
/업무사례/부산명장동법무사,36,36
/업무사례/부산명륜동법무사,36,36
/업무사례/부산복천동법무사,8,36
/업무사례/부산수안동법무사,0,36
/업무사례/부산사직동법무사,0,36
/업무사례/부산안락동법무사,0,36
/업무사례/부산온천동법무사,0,36
/업무사례/부산칠산동법무사,0,36
/업무사례/남구법무사,34,36
/업무사례/부산감만동법무사,34,36
/업무사례/부산대연동법무사,34,36
/업무사례/부산용호동법무사,34,36
/업무사례/부산용당동법무사,8,36
/업무사례/부산문현동법무사,0,36
/업무사례/부산우암동법무사,0,36
/업무사례/북구법무사,32,36
/업무사례/부산구포동법무사,32,36
/업무사례/부산금곡동법무사,32,36
/업무사례/부산덕천동법무사,32,36
/업무사례/부산만덕동법무사,8,36
/업무사례/부산화명동법무사,0,36
/업무사례/해운대구법무사,98,36
/업무사례/부산우동법무사,98,36
/업무사례/부산중동법무사,98,36
/업무사례/부산좌동법무사,98,36
/업무사례/부산송정동법무사,8,36
/업무사례/부산반여동법무사,0,36
/업무사례/부산반송동법무사,0,36
/업무사례/부산재송동법무사,0,36
/업무사례/부산석대동법무사,0,36
/업무사례/부산반여1동법무사,0,36
/업무사례/부산반여2동법무사,0,36
/업무사례/부산반여3동법무사,0,36
/업무사례/부산반여4동법무사,0,36
/업무사례/부산재송1동법무사,0,36
/업무사례/부산재송2동법무사,0,36
/업무사례/부산반송1동법무사,0,36
/업무사례/부산반송2동법무사,0,36
/업무사례/부산좌1동법무사,0,36
/업무사례/부산좌2동법무사,0,36
/업무사례/부산좌3동법무사,0,36
/업무사례/부산좌4동법무사,0,36
/업무사례/부산우1동법무사,0,36
/업무사례/부산우2동법무사,0,36
/업무사례/부산우3동법무사,0,36
/업무사례/부산중1동법무사,0,36
/업무사례/부산중2동법무사,0,36
/업무사례/사하구법무사,38,36
/업무사례/부산감천동법무사,38,36
/업무사례/부산구평동법무사,38,36
/업무사례/부산괴정동법무사,38,36
/업무사례/부산하단동법무사,8,36
/업무사례/부산당리동법무사,0,36
/업무사례/부산다대동법무사,0,36
/업무사례/부산장림동법무사,0,36
/업무사례/부산신평동법무사,0,36
/업무사례/금정구법무사,46,36
/업무사례/부산금사동법무사,46,36
/업무사례/부산금성동법무사,46,36
/업무사례/부산구서동법무사,46,36
/업무사례/부산남산동법무사,8,36
/업무사례/부산노포동법무사,0,36
/업무사례/부산두구동법무사,0,36
/업무사례/부산부곡동법무사,0,36
/업무사례/부산서동법무사,0,36
/업무사례/부산선동법무사,0,36
/업무사례/부산오륜동법무사,0,36
/업무사례/부산장전동법무사,0,36
/업무사례/부산청룡동법무사,0,36
/업무사례/부산회동동법무사,0,36
/업무사례/강서구법무사,92,36
/업무사례/부산강동동법무사,92,36
/업무사례/부산구랑동법무사,92,36
/업무사례/부산눌차동법무사,92,36
/업무사례/부산대저동법무사,8,36
/업무사례/부산대항동법무사,0,36
/업무사례/부산동선동법무사,0,36
/업무사례/부산명지동법무사,0,36
/업무사례/부산미음동법무사,0,36
/업무사례/부산범방동법무사,0,36
/업무사례/부산봉림동법무사,0,36
/업무사례/부산생곡동법무사,0,36
/업무사례/부산성북동법무사,0,36
/업무사례/부산식만동법무사,0,36
/업무사례/부산신호동법무사,0,36
/업무사례/부산죽동동법무사,0,36
/업무사례/부산죽림동법무사,0,36
/업무사례/부산지사동법무사,0,36
/업무사례/부산천성동법무사,0,36
/업무사례/부산화전동법무사,0,36
/업무사례/부산녹산동법무사,0,36
/업무사례/부산가락동법무사,0,36
/업무사례/연제구법무사,56,36
/업무사례/부산거제동법무사,56,36
/업무사례/부산연산동법무사,56,36
/업무사례/부산거제1동법무사,0,36
/업무사례/부산거제2동법무사,0,36
/업무사례/부산거제3동법무사,0,36
/업무사례/부산거제4동법무사,0,36
/업무사례/부산연산1동법무사,0,36
/업무사례/부산연산2동법무사,0,36
/업무사례/부산연산3동법무사,0,36
/업무사례/부산연산4동법무사,0,36
/업무사례/부산연산5동법무사,0,36
/업무사례/부산연산6동법무사,0,36
/업무사례/부산연산8동법무사,0,36
/업무사례/부산연산9동법무사,0,36
/업무사례/수영구법무사,48,36
/업무사례/부산광안동법무사,48,36
/업무사례/부산남천동법무사,48,36
/업무사례/부산망미동법무사,48,36
/업무사례/부산민락동법무사,8,36
/업무사례/부산수영동법무사,0,36
/업무사례/부산광안1동법무사,0,36
/업무사례/부산광안2동법무사,0,36
/업무사례/부산광안3동법무사,0,36
/업무사례/부산광안4동법무사,0,36
/업무사례/부산남천1동법무사,0,36
/업무사례/부산남천2동법무사,0,36
/업무사례/부산망미1동법무사,0,36
/업무사례/부산망미2동법무사,0,36
/업무사례/사상구법무사,40,36
/업무사례/부산감전동법무사,40,36
/업무사례/부산괘법동법무사,40,36
/업무사례/부산덕포동법무사,40,36
/업무사례/부산모라동법무사,8,36
/업무사례/부산삼락동법무사,0,36
/업무사례/부산엄궁동법무사,0,36
/업무사례/부산주례동법무사,0,36
/업무사례/부산학장동법무사,0,36
/업무사례/기장군법무사,46,36
/업무사례/부산기장읍법무사,46,36
/업무사례/부산정관읍법무사,46,36
/업무사례/부산장안읍법무사,46,36
/업무사례/부산일광읍법무사,8,36
/업무사례/부산철마면법무사,0,36
/업무사례/부산국제시장법무사,0,36
/업무사례/부산자갈치시장법무사,0,36
/업무사례/부산부평깡통시장법무사,0,36
/업무사례/부산근대역사관법무사,0,36
/업무사례/부산대학병원법무사,0,36
/업무사례/부산동아대병원법무사,0,36
/업무사례/부산송도해수욕장법무사,0,36
/업무사례/부산송도해상케이블카법무사,0,36
/업무사례/부산역법무사,0,36
/업무사례/부산초량역법무사,0,36
/업무사례/부산진역법무사,0,36
/업무사례/부산북항법무사,0,36
/업무사례/부산항법무사,0,36
/업무사례/부산항국제여객터미널법무사,0,36
/업무사례/부산차이나타운법무사,0,36
/업무사례/부산영도대교법무사,0,36
/업무사례/부산태종대법무사,0,36
/업무사례/부산흰여울문화마을법무사,0,36
/업무사례/부산동삼혁신지구법무사,0,36
/업무사례/부산국립해양박물관법무사,0,36
/업무사례/부산서면법무사,0,36
/업무사례/부산서면1번가법무사,0,36
/업무사례/부산전포카페거리법무사,0,36
/업무사례/부산시민공원법무사,0,36
/업무사례/부산부전시장법무사,0,36
/업무사례/부산부전역법무사,0,36
/업무사례/부산양정역법무사,0,36
/업무사례/부산가야역법무사,0,36
/업무사례/부산동의대역법무사,0,36
/업무사례/부산개금역법무사,0,36
/업무사례/부산동래역법무사,0,36
/업무사례/부산미남역법무사,0,36
/업무사례/부산사직역법무사,0,36
/업무사례/부산온천장법무사,0,36
/업무사례/부산온천장역법무사,0,36
/업무사례/부산동래시장법무사,0,36
/업무사례/부산사직야구장법무사,0,36
/업무사례/부산동래구청법무사,0,36
/업무사례/부산동래문화회관법무사,0,36
/업무사례/부산문현금융단지법무사,0,36
/업무사례/부산국제금융센터법무사,0,36
/업무사례/부산BIFC법무사,0,36
/업무사례/부산대연혁신지구법무사,0,36
/업무사례/부산경성대법무사,0,36
/업무사례/부산부경대법무사,0,36
/업무사례/부산용호만법무사,0,36
/업무사례/부산이기대법무사,0,36
/업무사례/부산문현역법무사,0,36
/업무사례/부산못골역법무사,0,36
/업무사례/부산대연역법무사,0,36
/업무사례/부산화명신도시법무사,0,36
/업무사례/부산구포역법무사,0,36
/업무사례/부산구포시장법무사,0,36
/업무사례/부산만덕역법무사,0,36
/업무사례/부산화명역법무사,0,36
/업무사례/부산율리역법무사,0,36
/업무사례/부산금곡역법무사,0,36
/업무사례/부산덕천역법무사,0,36
/업무사례/부산북구청법무사,0,36
/업무사례/부산과학기술대학교법무사,0,36
/업무사례/부산해운대법무사,0,36
/업무사례/부산센텀법무사,0,36
/업무사례/부산센텀시티법무사,0,36
/업무사례/부산마린시티법무사,0,36
/업무사례/부산엘시티법무사,0,36
/업무사례/부산벡스코법무사,0,36
/업무사례/부산센텀역법무사,0,36
/업무사례/부산재송역법무사,0,36
/업무사례/부산해운대역법무사,0,36
/업무사례/부산중동역법무사,0,36
/업무사례/부산장산역법무사,0,36
/업무사례/부산송정역법무사,0,36
/업무사례/부산반여농산물시장법무사,0,36
/업무사례/부산달맞이길법무사,0,36
/업무사례/부산미포법무사,0,36
/업무사례/부산청사포법무사,0,36
/업무사례/부산해운대해수욕장법무사,0,36
/업무사례/부산송정해수욕장법무사,0,36
/업무사례/부산광안리법무사,0,36
/업무사례/부산광안대교법무사,0,36
/업무사례/부산광안역법무사,0,36
/업무사례/부산금련산역법무사,0,36
/업무사례/부산남천역법무사,0,36
/업무사례/부산수영역법무사,0,36
/업무사례/부산망미역법무사,0,36
/업무사례/부산민락수변공원법무사,0,36
/업무사례/부산민락항법무사,0,36
/업무사례/부산망미단길법무사,0,36
/업무사례/부산수영교차로법무사,0,36
/업무사례/부산다대포법무사,0,36
/업무사례/부산감천문화마을법무사,0,36
/업무사례/부산하단오거리법무사,0,36
/업무사례/부산다대포해수욕장역법무사,0,36
/업무사례/부산신평역법무사,0,36
/업무사례/부산장림역법무사,0,36
/업무사례/부산낫개역법무사,0,36
/업무사례/부산동매역법무사,0,36
/업무사례/부산하단역법무사,0,36
/업무사례/부산현대미술관법무사,0,36
/업무사례/부산사상역법무사,0,36
/업무사례/부산서부버스터미널법무사,0,36
/업무사례/부산서부시외버스터미널법무사,0,36
/업무사례/부산주례역법무사,0,36
/업무사례/부산냉정역법무사,0,36
/업무사례/부산괘법르네시떼역법무사,0,36
/업무사례/부산삼락생태공원법무사,0,36
/업무사례/부산사상공업지역법무사,0,36
/업무사례/부산학장공단법무사,0,36
/업무사례/부산대법무사,0,36
/업무사례/부산대역법무사,0,36
/업무사례/부산장전역법무사,0,36
/업무사례/부산구서역법무사,0,36
/업무사례/부산두실역법무사,0,36
/업무사례/부산남산역법무사,0,36
/업무사례/부산범어사역법무사,0,36
/업무사례/부산노포역법무사,0,36
/업무사례/부산금정구청법무사,0,36
/업무사례/부산금사공업지역법무사,0,36
/업무사례/부산명지법무사,0,36
/업무사례/부산명지국제신도시법무사,0,36
/업무사례/부산에코델타시티법무사,0,36
/업무사례/부산가덕도법무사,0,36
/업무사례/부산신항법무사,0,36
/업무사례/부산가덕도신공항법무사,0,36
/업무사례/부산서부산권법무사,0,36
/업무사례/부산국제산업물류도시법무사,0,36
/업무사례/부산연구개발특구법무사,0,36
/업무사례/부산녹산국가산업단지법무사,0,36
/업무사례/부산시청법무사,56,36
/업무사례/부산법원법무사,0,36
/업무사례/부산거제역법무사,0,36
/업무사례/부산교대역법무사,8,36
/업무사례/부산연산역법무사,0,36
/업무사례/부산시청역법무사,0,36
/업무사례/부산연제구청법무사,0,36
/업무사례/부산정관신도시법무사,0,36
/업무사례/부산일광신도시법무사,0,36
/업무사례/부산오시리아법무사,0,36
/업무사례/부산동부산관광단지법무사,0,36
/업무사례/부산기장시장법무사,0,36
/업무사례/부산기장역법무사,0,36
/업무사례/부산일광역법무사,0,36
/업무사례/부산일광해수욕장법무사,0,36
/업무사례/부산롯데월드어드벤처법무사,0,36
/업무사례/부산동부산롯데아울렛법무사,0,36
/업무사례/부산기장군청법무사,0,36
/업무사례/부산정관산업단지법무사,0,36
/업무사례/부산장안산업단지법무사,0,36
/업무사례/부산명례산업단지법무사,0,36
/업무사례/부산센텀2지구법무사,0,36
/업무사례/부산센텀2지구도시첨단산업단지법무사,0,36
/업무사례/부산회동석대산업단지법무사,0,36
/업무사례/부산회동석대도시첨단산업단지법무사,0,36
/업무사례/부산진해경제자유구역법무사,0,36
/업무사례/부산미음산업단지법무사,0,36
/업무사례/부산화전산업단지법무사,0,36
/업무사례/부산생곡산업단지법무사,0,36
/업무사례/부산지사과학산업단지법무사,0,36
/업무사례/부산지사글로벌산업단지법무사,0,36
/업무사례/부산서부산복합산업단지법무사,0,36
/업무사례/부산강서해성산업단지법무사,0,36
/업무사례/부산명동산업단지법무사,0,36
/업무사례/부산명서산업단지법무사,0,36
/업무사례/부산신평장림산업단지법무사,0,36
/업무사례/부산서부산스마트밸리법무사,0,36
/업무사례/부산산양산업단지법무사,0,36
/업무사례/부산사상산업단지법무사,0,36
/업무사례/부산사상재생사업지구법무사,0,36
/업무사례/부산모라도시첨단산업단지법무사,0,36
/업무사례/부산금곡도시첨단산업단지법무사,0,36
/업무사례/부산정관농공단지법무사,0,36
/업무사례/부산반룡산업단지법무사,0,36
/업무사례/부산에코장안산업단지법무사,0,36
/업무사례/부산동남권방사선의과학산업단지법무사,0,36
/업무사례/부산지방법원법무사,0,36
/업무사례/부산고등법원법무사,0,36
/업무사례/부산가정법원법무사,0,36
/업무사례/부산회생법원법무사,0,36
/업무사례/부산지방법원등기국법무사,0,36
/업무사례/부산거제동법원법무사,0,36
/업무사례/부산동부지원법무사,0,36
/업무사례/부산해운대동부지원법무사,0,36
/업무사례/부산서부지원법무사,0,36
/업무사례/부산강서서부지원법무사,0,36
/업무사례/부산서부지원등기과법무사,0,36
/업무사례/부산등기국법무사,0,36
/전국업무,16,36
/전국상속등기,20,36
/전국유증등기,6,36
/여러지역상속부동산등기,16,36
/전국법인본점이전등기,10,36
/전국공동담보등기,2,36
/업무사례/전국업무사례,12,36
/업무사례/전국상속등기법무사,348,36
/업무사례/전국유증등기법무사,4,36
/업무사례/전국상속부동산일괄등기,130,36
/업무사례/전국법인본점이전등기,38,36
/업무사례/전국공동근저당권등기,2,36
/업무사례/전국비대면법무사,278,36
/업무사례/타지역법무사의뢰,6,36
/업무사례/지역별상속등기법무사,196,36
/업무사례/서울상속등기법무사,30,36
/업무사례/경기상속등기법무사,64,36
/업무사례/인천상속등기법무사,14,36
/업무사례/경남상속등기법무사,28,36
/업무사례/울산상속등기법무사,46,36
/업무사례/대구상속등기법무사,18,36
/업무사례/대전상속등기법무사,6,36
/업무사례/세종상속등기법무사,0,36
/업무사례/충남상속등기법무사,10,36
/업무사례/충북상속등기법무사,6,36
/업무사례/광주상속등기법무사,0,36
/업무사례/전남상속등기법무사,12,36
/업무사례/전북상속등기법무사,10,36
/업무사례/경북상속등기법무사,14,36
/업무사례/강원상속등기법무사,12,36
/업무사례/제주상속등기법무사,8,36
/업무사례/강남구상속등기법무사,6,36
/업무사례/서초구상속등기법무사,6,36
/업무사례/송파구상속등기법무사,10,36
/업무사례/마포구상속등기법무사,8,36
/업무사례/용산구상속등기법무사,4,36
/업무사례/영등포구상속등기법무사,8,36
/업무사례/성동구상속등기법무사,2,36
/업무사례/강서구상속등기법무사,4,36
/업무사례/노원구상속등기법무사,2,36
/업무사례/은평구상속등기법무사,2,36
/업무사례/수원상속등기법무사,16,36
/업무사례/성남상속등기법무사,10,36
/업무사례/분당상속등기법무사,6,36
/업무사례/용인상속등기법무사,14,36
/업무사례/고양상속등기법무사,6,36
/업무사례/일산상속등기법무사,2,36
/업무사례/화성상속등기법무사,8,36
/업무사례/동탄상속등기법무사,2,36
/업무사례/부천상속등기법무사,4,36
/업무사례/안양상속등기법무사,8,36
/업무사례/안산상속등기법무사,4,36
/업무사례/평택상속등기법무사,6,36
/업무사례/김포상속등기법무사,2,36
/업무사례/남양주상속등기법무사,8,36
/업무사례/하남상속등기법무사,4,36
/업무사례/파주상속등기법무사,10,36
/업무사례/의정부상속등기법무사,6,36
/업무사례/광명상속등기법무사,6,36
/업무사례/송도상속등기법무사,10,36
/업무사례/청라상속등기법무사,4,36
/업무사례/부평구상속등기법무사,6,36
/업무사례/남동구상속등기법무사,2,36
/업무사례/영종도상속등기법무사,6,36
/업무사례/강화도상속등기법무사,2,36
/업무사례/창원상속등기법무사,22,36
/업무사례/김해상속등기법무사,24,36
/업무사례/양산상속등기법무사,34,36
/업무사례/진주상속등기법무사,6,36
/업무사례/거제상속등기법무사,6,36
/업무사례/울산남구상속등기법무사,14,36
/업무사례/울주군상속등기법무사,20,36
/업무사례/대구수성구상속등기법무사,20,36
/업무사례/대구달서구상속등기법무사,12,36
/업무사례/포항상속등기법무사,14,36
/업무사례/구미상속등기법무사,14,36
/업무사례/경산상속등기법무사,14,36
/업무사례/경주상속등기법무사,4,36
/업무사례/대전유성구상속등기법무사,8,36
/업무사례/천안상속등기법무사,14,36
/업무사례/아산상속등기법무사,8,36
/업무사례/청주상속등기법무사,8,36
/업무사례/충주상속등기법무사,6,36
/업무사례/전주상속등기법무사,8,36
/업무사례/익산상속등기법무사,6,36
/업무사례/군산상속등기법무사,6,36
/업무사례/순천상속등기법무사,10,36
/업무사례/여수상속등기법무사,8,36
/업무사례/목포상속등기법무사,6,36
/업무사례/원주상속등기법무사,10,36
/업무사례/춘천상속등기법무사,12,36
/업무사례/강릉상속등기법무사,10,36
/업무사례/제주시상속등기법무사,4,36
/업무사례/서귀포상속등기법무사,4,36
/업무사례/시흥상속등기법무사,2,36
/업무사례/경기광주상속등기법무사,4,36
/업무사례/판교상속등기법무사,4,36
/업무사례/광교상속등기법무사,2,36
/업무사례/이천상속등기법무사,2,36
/업무사례/구리상속등기법무사,2,36
/업무사례/양주상속등기법무사,2,36
/업무사례/강동구상속등기법무사,4,36
/업무사례/관악구상속등기법무사,2,36
/업무사례/구로구상속등기법무사,2,36
/업무사례/대전서구상속등기법무사,2,36
/업무사례/당진상속등기법무사,4,36
/업무사례/제천상속등기법무사,2,36
/업무사례/속초상속등기법무사,4,36
/업무사례/광양상속등기법무사,6,36
/업무사례/군포상속등기법무사,0,36
/업무사례/의왕과천상속등기법무사,0,36
/업무사례/오산안성상속등기법무사,0,36
/업무사례/여주양평상속등기법무사,0,36
/업무사례/포천동두천상속등기법무사,0,36
/업무사례/가평상속등기법무사,0,36
/업무사례/서산보령상속등기법무사,0,36
/업무사례/공주상속등기법무사,0,36
/업무사례/나주정읍상속등기법무사,0,36
/업무사례/남원상속등기법무사,0,36
/업무사례/동해삼척상속등기법무사,0,36
/업무사례/홍천상속등기법무사,0,36
/업무사례/경남법무사업무,94,36
/업무사례/장유상속등기법무사,12,36
/업무사례/율하상속등기법무사,8,36
/업무사례/물금상속등기법무사,12,36
/업무사례/증산상속등기법무사,8,36
/업무사례/사송상속등기법무사,4,36
/업무사례/창원의창구상속등기법무사,10,36
/업무사례/창원성산구상속등기법무사,6,36
/업무사례/마산합포구상속등기법무사,6,36
/업무사례/마산회원구상속등기법무사,4,36
/업무사례/진해구상속등기법무사,4,36
/업무사례/경남상속등기비용,0,36
/업무사례/김해상속등기비용,6,36
/업무사례/양산상속등기비용,8,36
/업무사례/창원상속등기비용,8,36
/업무사례/김해상속등기필요서류,6,36
/업무사례/양산상속등기필요서류,4,36
/업무사례/창원상속등기필요서류,6,36
/업무사례/부산거주김해부동산상속,4,36
/업무사례/김해거주부산부동산상속,0,36
/업무사례/부산거주양산부동산상속,4,36
/업무사례/양산거주부산부동산상속,4,36
/업무사례/경남오래된상속등기,8,36
/업무사례/경남조부모명의토지상속,4,36
/업무사례/경남여러필지토지상속,8,36
/업무사례/경남유증등기법무사,0,36
/업무사례/경남법인등기법무사,18,36
/업무사례/김해법인등기법무사,10,36
/업무사례/양산법인등기법무사,10,36
/업무사례/창원법인등기법무사,8,36
/업무사례/김해에서부산법인본점이전,4,36
/업무사례/부산에서김해법인본점이전,4,36
/업무사례/양산에서부산법인본점이전,4,36
/업무사례/부산에서양산법인본점이전,4,36
/업무사례/창원에서부산법인본점이전,4,36
/업무사례/부산에서창원법인본점이전,4,36
/업무사례/부산김해양산공동근저당권,4,36
/업무사례/경남공장공동근저당권,2,36
/업무사례/양산법무사업무,34,36
/업무사례/양산상속포기한정승인,4,36
/업무사례/양산증여등기법무사,6,36
/업무사례/양산부동산등기법무사,10,36
/업무사례/양산근저당말소,4,36
/업무사례/양산건물멸실등기,4,36
/업무사례/양산신축건물보존등기,4,36
/업무사례/양산개인회생법무사,0,36
/업무사례/통영상속등기법무사,10,36
/업무사례/통영상속포기한정승인,2,36
/업무사례/거제상속포기법무사,2,36
/업무사례/경남비대면상속안내,24,36
/업무사례/사천상속등기법무사,4,36
/업무사례/고성군상속등기법무사,4,36
/업무사례/남해상속등기법무사,6,36
/업무사례/밀양상속등기법무사,2,36
/업무사례/하동상속등기법무사,2,36
/업무사례/진주상속포기한정승인,4,36
/업무사례/창녕상속등기법무사,2,36
/업무사례/함안상속등기법무사,2,36
/업무사례/산청상속등기법무사,2,36
/업무사례/함양상속등기법무사,4,36
/업무사례/거창상속등기법무사,6,36
/업무사례/합천상속등기법무사,4,36
/업무사례/의령상속등기법무사,0,36
/업무사례/울산법무사업무,36,36
/업무사례/울산중구상속등기법무사,4,36
/업무사례/울산동구상속등기법무사,0,36
/업무사례/울산북구상속등기법무사,8,36
/업무사례/울산삼산동상속등기,8,36
/업무사례/울산달동상속등기,4,36
/업무사례/울산옥동상속등기,2,36
/업무사례/울산송정동상속등기,6,36
/업무사례/울산매곡동상속등기,6,36
/업무사례/울주범서상속등기,6,36
/업무사례/울주언양상속등기,8,36
/업무사례/울주삼남상속등기,4,36
/업무사례/울산상속등기비용,14,36
/업무사례/울산상속등기필요서류,10,36
/업무사례/울산아파트상속등기,6,36
/업무사례/울산토지상속등기,8,36
/업무사례/울산공장상속등기,10,36
/업무사례/울산유증등기법무사,0,36
/업무사례/울산에서부산법인본점이전,4,36
/업무사례/부산에서울산법인본점이전,4,36
/업무사례/부산울산공동근저당권,4,36
/업무사례/울주군상속포기한정승인,2,36
/업무사례/대구법무사업무,32,36
/업무사례/대구중구상속등기법무사,8,36
/업무사례/대구동구상속등기법무사,4,36
/업무사례/대구서구상속등기법무사,0,36
/업무사례/대구남구상속등기법무사,0,36
/업무사례/대구북구상속등기법무사,4,36
/업무사례/대구달성군상속등기법무사,8,36
/업무사례/대구군위군상속등기법무사,4,36
/업무사례/대구범어동상속등기,10,36
/업무사례/대구만촌동상속등기,4,36
/업무사례/대구시지상속등기,2,36
/업무사례/대구월성동상속등기,2,36
/업무사례/대구상인동상속등기,2,36
/업무사례/대구성서상속등기,12,36
/업무사례/대구다사상속등기,6,36
/업무사례/대구현풍상속등기,8,36
/업무사례/대구상속등기비용,18,36
/업무사례/대구상속등기필요서류,8,36
/업무사례/대구아파트상속등기,4,36
/업무사례/대구토지상속등기,6,36
/업무사례/대구유증등기법무사,0,36
/업무사례/대구에서부산법인본점이전,6,36
/업무사례/부산에서대구법인본점이전,2,36
/업무사례/대구부산공동근저당권,6,36
/업무사례/경북법무사업무,48,36
/업무사례/안동상속등기법무사,24,36
/업무사례/예천상속등기법무사,4,36
/업무사례/김천상속등기법무사,6,36
/업무사례/칠곡상속등기법무사,4,36
/업무사례/경북상속등기비용,4,36
/업무사례/경북상속등기필요서류,4,36
/업무사례/경북토지상속등기,22,36
/업무사례/경북농지상속등기,12,36
/업무사례/경북임야상속등기,6,36
/업무사례/경북오래된상속등기,6,36
/업무사례/경북조부모명의토지상속,10,36
/업무사례/경북법인등기법무사,6,36
/업무사례/포항에서부산법인본점이전,4,36
/업무사례/구미에서부산법인본점이전,4,36
/업무사례/대구경북공동담보등기,2,36
/업무사례/영천상속등기법무사,0,36
/업무사례/안동오래된토지상속등기,0,36
/업무사례/경주오래된토지상속등기,2,36
/업무사례/포항상속포기한정승인,4,36
/업무사례/문경상속등기법무사,4,36
/업무사례/상주상속등기법무사,2,36
/업무사례/청도상속등기법무사,0,36
/업무사례/울진상속등기법무사,6,36
/업무사례/영주상속등기법무사,0,36
/업무사례/의성상속등기법무사,0,36
/업무사례/영덕봉화상속등기법무사,0,36
/업무사례/청송영양상속등기법무사,0,36
/업무사례/고령성주상속등기법무사,0,36
/busan-legal-map,44,36
/glossary,192,36
/glossary/inheritance-registration,66,36
/glossary/inheritance-renunciation,66,36
/glossary/qualified-acceptance,16,36
/glossary/special-qualified-acceptance,18,36
/glossary/inheritance-division-agreement,12,36
/glossary/statutory-reserve-share,4,36
/glossary/legal-inheritance-order,0,36
/glossary/subrogation-inheritance,4,36
/glossary/mortgage,24,36
/glossary/provisional-attachment,22,36
/glossary/attachment,6,36
/glossary/pledge,4,36
/glossary/jeonse-right,8,36
/glossary/lease-registration-order,10,36
/glossary/ownership-transfer-registration,8,36
/glossary/ownership-preservation-registration,10,36
/glossary/registration-license-tax,8,36
/glossary/acquisition-tax,10,36
/glossary/stamp-duty,6,36
/glossary/service-fee,6,36
/glossary/payment-order,6,36
/glossary/certified-mail,6,36
/glossary/complaint,6,36
/glossary/answer-brief,6,36
/glossary/personal-rehabilitation,6,36
/glossary/personal-bankruptcy,4,36
/glossary/discharge,6,36
/glossary/company-establishment-registration,10,36
/glossary/director-change-registration,10,36
/glossary/head-office-move-registration,10,36
/glossary/purpose-change-registration,10,36
/glossary/dissolution-registration,10,36
/glossary/liquidation-registration,2,36
/강의이력,72,36
/강의이력/busan-citizen-library-life-law,0,36
/강의이력/busan-self-support-jeonse-prevention,0,36
/강의이력/busan-self-support-daily-dispute-survival,0,36
/강의이력/haeundae-youth-space-startup-law-2026-07,0,36
/강의이력/changwon-youth-vision-center,0,36
/강의이력/yangsan-jeil-high-career-talk,0,36
/강의이력/haeundae-youth-job-growth-cafe,0,36
/강의이력/lh-busan-ccei-life-law,0,36
/강의이력/youth-jeonse-prevention-series,0,36
/강의이력/youth-digital-law-guide,0,36
/강의이력/youth-mistake-crime-lecture,0,36
/강의이력/youth-life-law-basics,0,36
/강의이력/youth-housing-contract-guide,0,36
/강의이력/busan-citizen-library-week-1,0,36
/강의이력/busan-citizen-library-week-2,0,36
/강의이력/busan-citizen-library-week-3,0,36
/강의이력/busan-citizen-library-week-4,0,36
/강의이력/youth-money-property-dispute,0,36
/강의이력/youth-jeonse-legal-education,0,36
/강의이력/youth-jeonse-most-sought,0,36
/강의이력/youth-jeonse-offline-session,0,36
/강의이력/youth-jeonse-vaccination,0,36
/cases/busan-personal-rehabilitation-consultation,0,32
/cases/centum-ownership-transfer-case,0,32
/cases/dongnae-qualified-acceptance-consultation,0,32
/cases/gijang-land-inheritance-case,0,32
/cases/haeundae-inheritance-registration-case,0,32
/cases/jaesong-inheritance-renunciation-consultation,0,32
/cases/suyeong-company-establishment-case,0,32
/cases/yeonje-director-change-case,0,32
/press,0,32
/press/kukinews-youth-budget-unboxing-2027,0,32
/press/weeklypeople-youth-judicial-scrivener-ahn,0,32
/press/busan-mbc-news-fuel-price-relief-expert,0,32
/press/busan-ilbo-bar-association-64th-general-assembly,0,32
/press/kukje-sinmun-bar-association-64th-general-assembly,0,32
/press/beopryul-sinmun-bar-association-64th-general-assembly,0,32
