QUERY,CLUSTER,INTENT,SEARCH_VOLUME,MATCHED_URLS,DECISION,EVIDENCE
부산 법무사,A.BRAND,commercial,UNKNOWN,/ /about /office /services /blog,COVERED,SERP: not auto-fetched; inventory match only
부산 법무사 추천,A.BRAND,commercial,UNKNOWN,/ /about /office /services /blog,COVERED,SERP: not auto-fetched; inventory match only
부산 법무사 상담,A.BRAND,commercial,UNKNOWN,/ /about /office /services /blog,COVERED,SERP: not auto-fetched; inventory match only
부산 법무사 비용,A.BRAND,commercial,UNKNOWN,/ /about /office /services /blog,CANNIBALIZED,SERP: not auto-fetched; inventory match only
부산 법무사 수임료,A.BRAND,commercial,UNKNOWN,/ /about /office /services /blog,COVERED,SERP: not auto-fetched; inventory match only
부산 법무사 후기,A.BRAND,commercial,UNKNOWN,/ /about /office /services /blog,CANNIBALIZED,SERP: not auto-fetched; inventory match only
해운대 법무사,A.BRAND,commercial,UNKNOWN,/ /about /office /services /blog,CANNIBALIZED,SERP: not auto-fetched; inventory match only
센텀 법무사,A.BRAND,commercial,UNKNOWN,/ /about /office /services /blog,CANNIBALIZED,SERP: not auto-fetched; inventory match only
부산 상속재산관리인,B.INHERITANCE,commercial,UNKNOWN,,TRUE GAP,SERP: not auto-fetched; inventory match only
부산 상속인 없는 경우,B.INHERITANCE,commercial,UNKNOWN,/개인파산자가진단 /부산상속등기 /부모빚상속방법 /방문없이준비하는상속등기 /연락두절상속인,CANNIBALIZED,SERP: not auto-fetched; inventory match only
부산 유언검인,B.INHERITANCE,commercial,UNKNOWN,/부산유언검인,UNDER-OPTIMIZED,SERP: not auto-fetched; inventory match only
부산 유언증서 검인,B.INHERITANCE,commercial,UNKNOWN,/부산유언검인,UNDER-OPTIMIZED,SERP: not auto-fetched; inventory match only
부산 미성년자 상속재산분할,B.INHERITANCE,commercial,UNKNOWN,/부산상속법무사 /부산상속재산분할법무사 /부산상속후매매등기 /미성년상속인 /상속재산분할협의서준비,CANNIBALIZED,SERP: not auto-fetched; inventory match only
부산 해외상속인,B.INHERITANCE,commercial,UNKNOWN,,TRUE GAP,SERP: not auto-fetched; inventory match only
부산 재외국민 상속,B.INHERITANCE,commercial,UNKNOWN,/ /services /faq /자가진단 /상속등기자가진단,CANNIBALIZED,SERP: not auto-fetched; inventory match only
부산 미국 시민권자 상속,B.INHERITANCE,commercial,UNKNOWN,/ /services /faq /자가진단 /상속등기자가진단,CANNIBALIZED,SERP: not auto-fetched; inventory match only
부산 일본 거주 상속인,B.INHERITANCE,commercial,UNKNOWN,/부산상속등기 /부산외국인부동산등기 /연락두절상속인 /미성년상속인 /해외거주상속인,CANNIBALIZED,SERP: not auto-fetched; inventory match only
부산 특별대리인 상속,B.INHERITANCE,commercial,UNKNOWN,/ /services /faq /자가진단 /상속등기자가진단,CANNIBALIZED,SERP: not auto-fetched; inventory match only
부산 가등기 법무사,C.REAL_ESTATE,commercial,UNKNOWN,/ /about /office /services /blog,CANNIBALIZED,SERP: not auto-fetched; inventory match only
부산 가등기 말소,C.REAL_ESTATE,commercial,UNKNOWN,/부동산등기자가진단 /선박등기자가진단 /부산부동산등기 /부산상가등기 /부산부동산등기법무사,CANNIBALIZED,SERP: not auto-fetched; inventory match only
부산 신탁등기 법무사,C.REAL_ESTATE,commercial,UNKNOWN,/ /about /office /services /blog,CANNIBALIZED,SERP: not auto-fetched; inventory match only
부산 공동담보등기,C.REAL_ESTATE,commercial,UNKNOWN,/전국공동담보등기 /업무사례/대구경북공동담보등기,CANNIBALIZED,SERP: not auto-fetched; inventory match only
부산 지분이전등기,C.REAL_ESTATE,commercial,UNKNOWN,/부산지분이전등기,UNDER-OPTIMIZED,SERP: not auto-fetched; inventory match only
부산 재산분할등기,C.REAL_ESTATE,commercial,UNKNOWN,/부산이혼재산분할등기 /이혼재산분할등기서류준비 /faq/real-estate-divorce-registration,CANNIBALIZED,SERP: not auto-fetched; inventory match only
부산 이혼 부동산 명의변경,C.REAL_ESTATE,commercial,UNKNOWN,/services /상속등기자가진단 /부동산등기자가진단 /특별대리인자가진단 /부산상속등기,CANNIBALIZED,SERP: not auto-fetched; inventory match only
부산 외국인 부동산등기,C.REAL_ESTATE,commercial,UNKNOWN,/services /부동산등기자가진단 /부산부동산등기 /해운대구부동산등기 /수영구부동산등기,CANNIBALIZED,SERP: not auto-fetched; inventory match only
부산 재외국민 부동산등기,C.REAL_ESTATE,commercial,UNKNOWN,/services /부동산등기자가진단 /부산부동산등기 /해운대구부동산등기 /수영구부동산등기,CANNIBALIZED,SERP: not auto-fetched; inventory match only
부산 상가 소유권이전,C.REAL_ESTATE,commercial,UNKNOWN,/소유권이전등기자가진단 /부산부동산등기 /부산소유권이전등기 /소유권이전등기서류 /남부산등기소법무사,CANNIBALIZED,SERP: not auto-fetched; inventory match only
부산 공장 등기,C.REAL_ESTATE,commercial,UNKNOWN,/ /services /faq /search-guides /상속등기자가진단,CANNIBALIZED,SERP: not auto-fetched; inventory match only
부산 창고 등기,C.REAL_ESTATE,commercial,UNKNOWN,/ /services /faq /search-guides /상속등기자가진단,CANNIBALIZED,SERP: not auto-fetched; inventory match only
부산 오피스 매매등기,C.REAL_ESTATE,commercial,UNKNOWN,/부산소유권이전등기 /부산오피스텔소유권이전등기 /부산부동산등기법무사 /부산신축건물보존등기 /부산부동산등기전문법무사,CANNIBALIZED,SERP: not auto-fetched; inventory match only
부산 토지 등기,C.REAL_ESTATE,commercial,UNKNOWN,/ /services /faq /search-guides /상속등기자가진단,CANNIBALIZED,SERP: not auto-fetched; inventory match only
부산 법인 감자등기,D.CORPORATE,commercial,UNKNOWN,/services /법인등기자가진단 /법인설립자가진단 /부산법인설립등기 /부산법인등기,CANNIBALIZED,SERP: not auto-fetched; inventory match only
부산 법인 해산등기,D.CORPORATE,commercial,UNKNOWN,/services /법인등기자가진단 /법인설립자가진단 /부산법인설립등기 /부산법인등기,CANNIBALIZED,SERP: not auto-fetched; inventory match only
부산 법인 청산종결등기,D.CORPORATE,commercial,UNKNOWN,/services /법인등기자가진단 /법인설립자가진단 /부산법인설립등기 /부산법인등기,CANNIBALIZED,SERP: not auto-fetched; inventory match only
부산 지점 설치등기,D.CORPORATE,commercial,UNKNOWN,/부산지점설치등기 /부산지점폐지등기 /녹산산단법인본점지점 /부산법인정기점검 /건물등기상황별안내,CANNIBALIZED,SERP: not auto-fetched; inventory match only
부산 지점 폐지등기,D.CORPORATE,commercial,UNKNOWN,/부산지점설치등기 /부산지점폐지등기 /녹산산단법인본점지점 /부산법인정기점검 /건물등기상황별안내,CANNIBALIZED,SERP: not auto-fetched; inventory match only
부산 상호변경등기,D.CORPORATE,commercial,UNKNOWN,/부산상호변경등기 /blog/corporate-name-change-registration,CANNIBALIZED,SERP: not auto-fetched; inventory match only
부산 자본금 증자,D.CORPORATE,commercial,UNKNOWN,/법인설립자가진단 /부산법인설립등기 /부모자녀다른지역증여등기 /방문없이준비하는유상증자 /법인변경등기,CANNIBALIZED,SERP: not auto-fetched; inventory match only
부산 주식회사 임원임기,D.CORPORATE,commercial,UNKNOWN,/부산임원임기만료등기 /부산법인정기점검 /법인정관업무 /법인정관인증확인 /건축주법인신축보존등기,CANNIBALIZED,SERP: not auto-fetched; inventory match only
부산 법인등기 과태료,D.CORPORATE,commercial,UNKNOWN,/services /상속등기자가진단 /법인등기자가진단 /임원변경등기자가진단 /부산임원변경등기,CANNIBALIZED,SERP: not auto-fetched; inventory match only
부산 사내이사 변경,D.CORPORATE,commercial,UNKNOWN,/상속등기자가진단 /법인등기자가진단 /임원변경등기자가진단 /부산임원변경등기 /부산법인등기,CANNIBALIZED,SERP: not auto-fetched; inventory match only
부산 1인법인 설립,D.CORPORATE,commercial,UNKNOWN,/법인설립자가진단 /부산법인설립등기 /부산법인등기 /센텀법인설립등기 /해운대구법인설립등기,CANNIBALIZED,SERP: not auto-fetched; inventory match only
부산 유한회사 설립,D.CORPORATE,commercial,UNKNOWN,/법인설립자가진단 /부산법인설립등기 /부산법인등기 /센텀법인설립등기 /해운대구법인설립등기,CANNIBALIZED,SERP: not auto-fetched; inventory match only
부산 법인전환 등기,D.CORPORATE,commercial,UNKNOWN,/ /services /faq /search-guides /상속등기자가진단,CANNIBALIZED,SERP: not auto-fetched; inventory match only
부산 스타트업 법인설립,D.CORPORATE,commercial,UNKNOWN,/법인설립자가진단 /부산법인설립등기 /센텀법인설립등기 /해운대구법인설립등기 /법인설립등기비용,CANNIBALIZED,SERP: not auto-fetched; inventory match only
부산 가압류 법무사,E.CIVIL_DEBT,commercial,UNKNOWN,/ /about /office /services /blog,CANNIBALIZED,SERP: not auto-fetched; inventory match only
부산 채권가압류,E.CIVIL_DEBT,commercial,UNKNOWN,,TRUE GAP,SERP: not auto-fetched; inventory match only
부산 부동산가압류,E.CIVIL_DEBT,commercial,UNKNOWN,,TRUE GAP,SERP: not auto-fetched; inventory match only
부산 채권압류 법무사,E.CIVIL_DEBT,commercial,UNKNOWN,/ /about /office /services /blog,CANNIBALIZED,SERP: not auto-fetched; inventory match only
부산 채권압류 추심명령,E.CIVIL_DEBT,commercial,UNKNOWN,/채권압류추심서류준비 /공탁채권회수,CANNIBALIZED,SERP: not auto-fetched; inventory match only
부산 추심명령,E.CIVIL_DEBT,commercial,UNKNOWN,/채권압류추심서류준비 /공탁채권회수,CANNIBALIZED,SERP: not auto-fetched; inventory match only
부산 통장압류,E.CIVIL_DEBT,commercial,UNKNOWN,,TRUE GAP,SERP: not auto-fetched; inventory match only
부산 급여압류,E.CIVIL_DEBT,commercial,UNKNOWN,/개인회생자가진단,UNDER-OPTIMIZED,SERP: not auto-fetched; inventory match only
부산 재산명시,E.CIVIL_DEBT,commercial,UNKNOWN,,TRUE GAP,SERP: not auto-fetched; inventory match only
부산 재산조회,E.CIVIL_DEBT,commercial,UNKNOWN,/장례후재산채무정리 /사망자재산채무조회,CANNIBALIZED,SERP: not auto-fetched; inventory match only
부산 지급명령 법무사,E.CIVIL_DEBT,commercial,UNKNOWN,/ /about /office /services /blog,CANNIBALIZED,SERP: not auto-fetched; inventory match only
부산 내용증명 법무사,E.CIVIL_DEBT,commercial,UNKNOWN,/ /about /office /services /blog,CANNIBALIZED,SERP: not auto-fetched; inventory match only
부산 공탁 법무사,E.CIVIL_DEBT,commercial,UNKNOWN,/ /about /office /services /blog,CANNIBALIZED,SERP: not auto-fetched; inventory match only
부산 변제공탁,E.CIVIL_DEBT,commercial,UNKNOWN,/변제공탁서류준비 /공탁채권회수,CANNIBALIZED,SERP: not auto-fetched; inventory match only
부산 개명 법무사,F.STATUS,commercial,UNKNOWN,/ /about /office /services /blog,CANNIBALIZED,SERP: not auto-fetched; inventory match only
부산 개명신청,F.STATUS,commercial,UNKNOWN,,TRUE GAP,SERP: not auto-fetched; inventory match only
부산 성년후견 법무사,F.STATUS,commercial,UNKNOWN,/ /about /office /services /blog,CANNIBALIZED,SERP: not auto-fetched; inventory match only
부산 성년후견 신청,F.STATUS,commercial,UNKNOWN,/개인파산자가진단 /지급명령자가진단 /성년후견자가진단 /부산면책전문법무사 /부산개인회생법무사,CANNIBALIZED,SERP: not auto-fetched; inventory match only
부산 한정후견,F.STATUS,commercial,UNKNOWN,,TRUE GAP,SERP: not auto-fetched; inventory match only
부산 가족관계등록 정정,F.STATUS,commercial,UNKNOWN,/부산등기명의인표시변경 /증축후건물표시변경등기 /건물면적상이경정등기,CANNIBALIZED,SERP: not auto-fetched; inventory match only
부산 특별대리인 선임,F.STATUS,commercial,UNKNOWN,/특별대리인자가진단 /가족후견,CANNIBALIZED,SERP: not auto-fetched; inventory match only
부산 부재자재산관리인,F.STATUS,commercial,UNKNOWN,,TRUE GAP,SERP: not auto-fetched; inventory match only
부산 선박등기 법무사,I.SPECIAL_REG,commercial,UNKNOWN,/ /about /office /services /blog,CANNIBALIZED,SERP: not auto-fetched; inventory match only
부산 선박 소유권이전,I.SPECIAL_REG,commercial,UNKNOWN,/소유권이전등기자가진단 /선박등기자가진단 /부산부동산등기 /부산소유권이전등기 /소유권이전등기서류,CANNIBALIZED,SERP: not auto-fetched; inventory match only
부산 선박 근저당,I.SPECIAL_REG,commercial,UNKNOWN,/부동산등기자가진단 /선박등기자가진단 /부산부동산등기법무사 /부산근저당설정등기 /부산근저당말소등기,CANNIBALIZED,SERP: not auto-fetched; inventory match only
부산 해운회사 법인등기,I.SPECIAL_REG,commercial,UNKNOWN,/services /법인등기자가진단 /부산법인등기 /해운대구법인등기 /연제구법인등기,CANNIBALIZED,SERP: not auto-fetched; inventory match only
부산 물류회사 법인설립,I.SPECIAL_REG,commercial,UNKNOWN,/법인설립자가진단 /부산법인설립등기 /센텀법인설립등기 /해운대구법인설립등기 /법인설립등기비용,CANNIBALIZED,SERP: not auto-fetched; inventory match only
부산 촉탁등기,J.B2B,commercial,UNKNOWN,/공공기관등기업무 /공공기관법인등기 /공공기관부동산등기 /촉탁등기 /공공기관촉탁등기,CANNIBALIZED,SERP: not auto-fetched; inventory match only
부산 집단등기 법무사,J.B2B,commercial,UNKNOWN,/ /about /office /services /blog,CANNIBALIZED,SERP: not auto-fetched; inventory match only
부산 법무사 복대리,J.B2B,commercial,UNKNOWN,/ /about /office /services /blog,CANNIBALIZED,SERP: not auto-fetched; inventory match only
부산 공인중개사 협력 법무사,J.B2B,commercial,UNKNOWN,/ /about /office /services /blog,CANNIBALIZED,SERP: not auto-fetched; inventory match only
부산 재개발 법무사,J.B2B,commercial,UNKNOWN,/ /about /office /services /blog,CANNIBALIZED,SERP: not auto-fetched; inventory match only
부산 정비사업 법무사,J.B2B,commercial,UNKNOWN,/ /about /office /services /blog,CANNIBALIZED,SERP: not auto-fetched; inventory match only
부산 공공기관 법무사,J.B2B,commercial,UNKNOWN,/ /about /office /services /blog,CANNIBALIZED,SERP: not auto-fetched; inventory match only
부모님 사망 후 해야 할 일,PROBLEM,informational,UNKNOWN,/상속등기자가진단 /부산등기법무사 /부산상속등기전문 /부산부동산등기전문 /부산법인등기전문,CANNIBALIZED,SERP: not auto-fetched; inventory match only
상속 빚이 많을 때,PROBLEM,informational,UNKNOWN,/ /services /faq /자가진단 /상속등기자가진단,CANNIBALIZED,SERP: not auto-fetched; inventory match only
빌려준 돈 안 갚을 때,PROBLEM,informational,UNKNOWN,/situations/대여금-못-받음,UNDER-OPTIMIZED,SERP: not auto-fetched; inventory match only
집주인 보증금 안 줄 때,PROBLEM,informational,UNKNOWN,/전세보증금자가진단 /임차권등기명령자가진단 /공탁자가진단 /부산전세권말소등기 /부산전세전문법무사,CANNIBALIZED,SERP: not auto-fetched; inventory match only
회사 임원 임기 지났을 때,PROBLEM,informational,UNKNOWN,/법인설립자가진단 /임원변경등기자가진단 /부산법인설립등기 /부산임원변경등기 /부산법인등기,CANNIBALIZED,SERP: not auto-fetched; inventory match only
법인등기 과태료 나왔을 때,PROBLEM,informational,UNKNOWN,/services /상속등기자가진단 /법인등기자가진단 /임원변경등기자가진단 /부산임원변경등기,CANNIBALIZED,SERP: not auto-fetched; inventory match only
가압류와 지급명령 차이,PROBLEM,informational,UNKNOWN,/한정승인자가진단 /지급명령자가진단 /부산전세보증금반환법무사 /부산확정일자전세권비교 /부산등기명의인표시변경,CANNIBALIZED,SERP: not auto-fetched; inventory match only
개명 허가 가능성,PROBLEM,informational,UNKNOWN,/개인회생자가진단 /부산개인회생법무사 /부산등기명의인표시변경 /부산개명허가 /불법증축후등기가능여부,CANNIBALIZED,SERP: not auto-fetched; inventory match only
해운대 상속등기,LOCAL_X_SERVICE,commercial,UNKNOWN,/ /about /office /services /reviews,CANNIBALIZED,SERP: not auto-fetched; inventory match only
해운대 부동산등기,LOCAL_X_SERVICE,commercial,UNKNOWN,/about /office /services /reviews /contact,CANNIBALIZED,SERP: not auto-fetched; inventory match only
해운대 법인등기,LOCAL_X_SERVICE,commercial,UNKNOWN,/about /office /services /reviews /contact,CANNIBALIZED,SERP: not auto-fetched; inventory match only
해운대 상속포기,LOCAL_X_SERVICE,commercial,UNKNOWN,/about /office /reviews /contact /location,CANNIBALIZED,SERP: not auto-fetched; inventory match only
수영 상속등기,LOCAL_X_SERVICE,commercial,UNKNOWN,/ /services /faq /상속등기자가진단 /부산상속등기,CANNIBALIZED,SERP: not auto-fetched; inventory match only
수영 부동산등기,LOCAL_X_SERVICE,commercial,UNKNOWN,/services /부동산등기자가진단 /부산부동산등기 /해운대구부동산등기 /수영구상속등기,CANNIBALIZED,SERP: not auto-fetched; inventory match only
수영 법인등기,LOCAL_X_SERVICE,commercial,UNKNOWN,/services /법인등기자가진단 /부산법인등기 /해운대구법인등기 /연제구법인등기,CANNIBALIZED,SERP: not auto-fetched; inventory match only
수영 상속포기,LOCAL_X_SERVICE,commercial,UNKNOWN,/상속포기자가진단 /한정승인자가진단 /부산상속포기 /해운대구상속포기 /연제구상속포기,CANNIBALIZED,SERP: not auto-fetched; inventory match only
동래 상속등기,LOCAL_X_SERVICE,commercial,UNKNOWN,/ /services /faq /상속등기자가진단 /부산상속등기,CANNIBALIZED,SERP: not auto-fetched; inventory match only
동래 부동산등기,LOCAL_X_SERVICE,commercial,UNKNOWN,/services /부동산등기자가진단 /부산부동산등기 /해운대구부동산등기 /수영구부동산등기,CANNIBALIZED,SERP: not auto-fetched; inventory match only
동래 법인등기,LOCAL_X_SERVICE,commercial,UNKNOWN,/services /법인등기자가진단 /부산법인등기 /해운대구법인등기 /연제구법인등기,CANNIBALIZED,SERP: not auto-fetched; inventory match only
동래 상속포기,LOCAL_X_SERVICE,commercial,UNKNOWN,/상속포기자가진단 /한정승인자가진단 /부산상속포기 /해운대구상속포기 /연제구상속포기,CANNIBALIZED,SERP: not auto-fetched; inventory match only
사상 상속등기,LOCAL_X_SERVICE,commercial,UNKNOWN,/ /services /faq /상속등기자가진단 /부산상속등기,CANNIBALIZED,SERP: not auto-fetched; inventory match only
사상 부동산등기,LOCAL_X_SERVICE,commercial,UNKNOWN,/services /부동산등기자가진단 /부산부동산등기 /해운대구부동산등기 /수영구부동산등기,CANNIBALIZED,SERP: not auto-fetched; inventory match only
사상 법인등기,LOCAL_X_SERVICE,commercial,UNKNOWN,/services /법인등기자가진단 /부산법인등기 /해운대구법인등기 /연제구법인등기,CANNIBALIZED,SERP: not auto-fetched; inventory match only
사상 상속포기,LOCAL_X_SERVICE,commercial,UNKNOWN,/상속포기자가진단 /한정승인자가진단 /부산상속포기 /해운대구상속포기 /연제구상속포기,CANNIBALIZED,SERP: not auto-fetched; inventory match only
강서 상속등기,LOCAL_X_SERVICE,commercial,UNKNOWN,/ /services /faq /상속등기자가진단 /부산상속등기,CANNIBALIZED,SERP: not auto-fetched; inventory match only
강서 부동산등기,LOCAL_X_SERVICE,commercial,UNKNOWN,/services /부동산등기자가진단 /부산부동산등기 /해운대구부동산등기 /수영구부동산등기,CANNIBALIZED,SERP: not auto-fetched; inventory match only
강서 법인등기,LOCAL_X_SERVICE,commercial,UNKNOWN,/services /법인등기자가진단 /부산법인등기 /해운대구법인등기 /연제구법인등기,CANNIBALIZED,SERP: not auto-fetched; inventory match only
강서 상속포기,LOCAL_X_SERVICE,commercial,UNKNOWN,/상속포기자가진단 /한정승인자가진단 /부산상속포기 /해운대구상속포기 /연제구상속포기,CANNIBALIZED,SERP: not auto-fetched; inventory match only
남구 상속등기,LOCAL_X_SERVICE,commercial,UNKNOWN,/ /services /faq /상속등기자가진단 /부산상속등기,CANNIBALIZED,SERP: not auto-fetched; inventory match only
남구 부동산등기,LOCAL_X_SERVICE,commercial,UNKNOWN,/services /부동산등기자가진단 /부산부동산등기 /해운대구부동산등기 /수영구부동산등기,CANNIBALIZED,SERP: not auto-fetched; inventory match only
남구 법인등기,LOCAL_X_SERVICE,commercial,UNKNOWN,/services /법인등기자가진단 /부산법인등기 /해운대구법인등기 /연제구법인등기,CANNIBALIZED,SERP: not auto-fetched; inventory match only
남구 상속포기,LOCAL_X_SERVICE,commercial,UNKNOWN,/상속포기자가진단 /한정승인자가진단 /부산상속포기 /해운대구상속포기 /연제구상속포기,CANNIBALIZED,SERP: not auto-fetched; inventory match only
부산진 상속등기,LOCAL_X_SERVICE,commercial,UNKNOWN,/ /services /faq /상속등기자가진단 /부산상속등기,CANNIBALIZED,SERP: not auto-fetched; inventory match only
부산진 부동산등기,LOCAL_X_SERVICE,commercial,UNKNOWN,/services /부동산등기자가진단 /부산부동산등기 /해운대구부동산등기 /수영구부동산등기,CANNIBALIZED,SERP: not auto-fetched; inventory match only
부산진 법인등기,LOCAL_X_SERVICE,commercial,UNKNOWN,/services /법인등기자가진단 /부산법인등기 /해운대구법인등기 /연제구법인등기,CANNIBALIZED,SERP: not auto-fetched; inventory match only
부산진 상속포기,LOCAL_X_SERVICE,commercial,UNKNOWN,/상속포기자가진단 /한정승인자가진단 /부산상속포기 /해운대구상속포기 /연제구상속포기,CANNIBALIZED,SERP: not auto-fetched; inventory match only
