path,status,title,description,ogTitle,ogDescription,h1,h1Count,h2,canonical,robots,wordCount,jsonLdCount,loadingPhrase,loadingBeforeH1,footerBeforeH1,footerBeforeMain,ctaClosedDup,seoJargon,first300
/,200,부산 법무사 안윤정 | 다옴법무사사무소,부산 법무사 다옴법무사사무소입니다. 안윤정 법무사가 상속등기·부동산등기·법인등기·개인회생·파산 등 필요한 절차와 준비서류를 직접 상담·안내합니다.,부산 법무사 안윤정 | 다옴법무사사무소,부산 법무사 다옴법무사사무소입니다. 안윤정 법무사가 상속등기·부동산등기·법인등기·개인회생·파산 등 필요한 절차와 준비서류를 직접 상담·안내합니다.,부산 법무사 안윤정,1,"안윤정 법무사 | 언론보도 | 대외활동 | 대표 안윤정 법무사 | 이런 일로 찾아오십니다 | 바로 찾는 안내 | 영상으로 만나는 법률 이야기 | 먼저 읽어보셔도 좋습니다 | 상담 전 자주 묻는 질문 | 오시는 길 | 지금 상황을 말씀해 주시면, 다음 절차부터 안내해 드립니다. | 부산에 사무소가 있어도 전국 의뢰가 가능한 업무가 있습니다",https://xn--2j1br1na42lvxja38mk8r.kr,"index, follow",2502,14,false,false,false,false,3,false,부산 법무사 안윤정 | 다옴법무사사무소 본문 바로가기 다옴법무사사무소 안윤정 법무사 법무사 소개 사무소 업무안내 협업문의 업무 사례 강의·특강 자가진단 상황별 안내 법률 계산기 부산 법률지도 등기 용어 안내 블로그 언론·활동 고객후기 FAQ 공지사항 상담 문의 오시는 길 톡 상담 현재 카카오·네이버톡톡만 가능 전화상담은 오늘 9시부터 가능 · 지금 메시지 주시면 확인해 드려요 다옴법무사사무소 부산 법무사 안윤정 해운대·센텀에서 부산 전역 사건을 상담합니다 부산 법무사를 찾고 있다면 필요한 업무명부터 정확히 알고 오실 필요는 없습니다
/부산법무사,200,부산에서 법무사 찾을 때 확인할 업무·비용·상담 기준 | 다옴법무사사무소,"부산에서 법무사를 찾을 때 확인할 업무 범위, 비용 항목, 관할·기한, 상담 전 준비사항을 정리합니다. 다옴법무사사무소 안윤정 법무사가 안내합니다.",부산에서 법무사 찾을 때 확인할 업무·비용·상담 기준 | 다옴법무사사무소,"부산에서 법무사를 찾을 때 확인할 업무 범위, 비용 항목, 관할·기한, 상담 전 준비사항을 정리합니다. 다옴법무사사무소 안윤정 법무사가 안내합니다.",부산에서 법무사를 찾을 때 먼저 확인할 기준,1,어떤 절차가 필요하신가요? | 부산 법무사에게 많이 맡기는 업무 | 법무사와 변호사는 다릅니다 | 어떻게 진행하나요 | 상담 전 이것만 알려주시면 됩니다 | 해운대·센텀 사무소에서 상담합니다 | 상담·업무 사례 | 누가 상담하나요 | 비용은 어떻게 정해지나요 | 구·군 생활권 안내 | 자주 묻는 질문 | 업무별 안내,https://xn--2j1br1na42lvxja38mk8r.kr/%EB%B6%80%EC%82%B0%EB%B2%95%EB%AC%B4%EC%82%AC,"index, follow",1471,18,false,false,false,false,4,false,부산에서 법무사 찾을 때 확인할 업무·비용·상담 기준 | 다옴법무사사무소 본문 바로가기 다옴법무사사무소 안윤정 법무사 법무사 소개 사무소 업무안내 협업문의 업무 사례 강의·특강 자가진단 상황별 안내 법률 계산기 부산 법률지도 등기 용어 안내 블로그 언론·활동 고객후기 FAQ 공지사항 상담 문의 오시는 길 톡 상담 현재 카카오·네이버톡톡만 가능 전화상담은 오늘 9시부터 가능 · 지금 메시지 주시면 확인해 드려요 현재 카카오·네이버톡톡만 가능 전화상담은 오늘 9시부터 가능 · 지금 메시지 주시면 확인해 드려요 안윤정 법무사에게 바로 상
/부산법무사상담,200,부산 법무사 상담 | 전화·카카오톡·방문 - 다옴법무사사무소,부산 법무사 상담. 안윤정 법무사가 상속·등기·법인·회생을 전화·카카오톡·네이버 톡톡·예약 방문으로 직접 안내합니다. 업무명을 몰라도 현재 상황부터 알려 주세요.,부산 법무사 상담 | 전화·카카오톡·방문 - 다옴법무사사무소,부산 법무사 상담. 안윤정 법무사가 상속·등기·법인·회생을 전화·카카오톡·네이버 톡톡·예약 방문으로 직접 안내합니다. 업무명을 몰라도 현재 상황부터 알려 주세요.,"부산 법무사 상담, 현재 상황부터 알려주세요",1,어떤 문제로 상담하시나요? | 처음 알려주시면 되는 정보 | 상담은 안윤정 법무사가 직접 진행합니다 | 전화·카카오톡·네이버 톡톡·방문 이용 방법 | 업무별 기본 자료와 준비 순서 | 초기 안내와 정식 수임의 차이 | 비용을 확인할 때 필요한 정보 | 법무사가 상담·수행할 수 있는 범위 | 어떤 문제 때문에 알아보고 계신가요? | 상담 전 준비서류 | 관련 페이지 | 자주 묻는 질문,https://xn--2j1br1na42lvxja38mk8r.kr/%EB%B6%80%EC%82%B0%EB%B2%95%EB%AC%B4%EC%82%AC%EC%83%81%EB%8B%B4,"index, follow",1464,18,false,false,false,false,4,false,부산 법무사 상담 | 전화·카카오톡·방문 - 다옴법무사사무소 본문 바로가기 다옴법무사사무소 안윤정 법무사 법무사 소개 사무소 업무안내 협업문의 업무 사례 강의·특강 자가진단 상황별 안내 법률 계산기 부산 법률지도 등기 용어 안내 블로그 언론·활동 고객후기 FAQ 공지사항 상담 문의 오시는 길 톡 상담 현재 카카오·네이버톡톡만 가능 전화상담은 오늘 9시부터 가능 · 지금 메시지 주시면 확인해 드려요 현재 카카오·네이버톡톡만 가능 전화상담은 오늘 9시부터 가능 · 지금 메시지 주시면 확인해 드려요 안윤정 법무사에게 바로 상담하기 약 1
/부산법무사추천,200,부산 법무사 추천 | 선택 기준·상담 전 확인 - 다옴법무사사무소,부산 법무사 추천을 검색할 때 확인할 선택 기준입니다. 상속·등기·법인·회생별 경험·서류·비용·관할을 비교하는 방법을 정리했습니다. 다옴법무사사무소 안윤정 법무사.,부산 법무사 추천 | 선택 기준·상담 전 확인 - 다옴법무사사무소,부산 법무사 추천을 검색할 때 확인할 선택 기준입니다. 상속·등기·법인·회생별 경험·서류·비용·관할을 비교하는 방법을 정리했습니다. 다옴법무사사무소 안윤정 법무사.,"부산 법무사 추천, 맡기기 전에 확인할 선택 기준",1,부산에 방문하지 않아도 업무를 끝까지 진행할 수 있습니다 | 자세히 알아보기 | 선택 전 확인할 기준 | 업무별 체크포인트 | 가까운 곳 vs 사건에 맞는 상담 | ‘부산 법무사 추천’을 검색할 때 실제로 확인하면 좋은 것 | 부산 법무사 사무소를 고를 때 | 부산 법무사를 찾는 분들이 자주 고민하는 상황 | 부산 등기소·법원 관할을 왜 같이 보나요? | 비용만 보고 결정하면 안 되는 이유 | 선택 기준·사무실·상담 안내를 나누는 방법 | 더 구체적인 상황별 안내,https://xn--2j1br1na42lvxja38mk8r.kr/%EB%B6%80%EC%82%B0%EB%B2%95%EB%AC%B4%EC%82%AC%EC%B6%94%EC%B2%9C,"index, follow",1932,18,false,false,false,false,4,false,부산 법무사 추천 | 선택 기준·상담 전 확인 - 다옴법무사사무소 본문 바로가기 다옴법무사사무소 안윤정 법무사 법무사 소개 사무소 업무안내 협업문의 업무 사례 강의·특강 자가진단 상황별 안내 법률 계산기 부산 법률지도 등기 용어 안내 블로그 언론·활동 고객후기 FAQ 공지사항 상담 문의 오시는 길 톡 상담 현재 카카오·네이버톡톡만 가능 전화상담은 오늘 9시부터 가능 · 지금 메시지 주시면 확인해 드려요 현재 카카오·네이버톡톡만 가능 전화상담은 오늘 9시부터 가능 · 지금 메시지 주시면 확인해 드려요 안윤정 법무사에게 바로 상담하기 
/부산등기법무사,200,부산 등기 법무사 | 부동산·상속·법인등기 상담 - 다옴법무사사무소,부산에서 소유권이전·상속·증여·근저당·법인등기를 준비한다면 필요한 서류와 절차를 확인해 보세요. 해운대·센텀 다옴법무사사무소 안윤정 법무사가 등기업무를 직접 상담·진행합니다.,부산 등기 법무사 | 부동산·상속·법인등기 상담 - 다옴법무사사무소,부산에서 소유권이전·상속·증여·근저당·법인등기를 준비한다면 필요한 서류와 절차를 확인해 보세요. 해운대·센텀 다옴법무사사무소 안윤정 법무사가 등기업무를 직접 상담·진행합니다.,"부산 등기 법무사, 어떤 등기부터 준비해야 할까요?",1,어떤 등기가 필요하신가요? | 부산 등기 법무사에게 많이 맡기는 업무 | 어떻게 진행하나요 | 등기 상담 전 이것만 알려주시면 됩니다 | 매매 잔금일이 정해져 있나요? | 상속 부동산이 있나요? | 회사 등기를 변경해야 하나요? | 상담·업무 사례 | 누가 이 등기를 검토하나요 | 부산 등기업무와 관할 | 등기비용은 어떻게 정해지나요 | 자주 묻는 질문,https://xn--2j1br1na42lvxja38mk8r.kr/%EB%B6%80%EC%82%B0%EB%93%B1%EA%B8%B0%EB%B2%95%EB%AC%B4%EC%82%AC,"index, follow",1395,18,false,false,false,false,4,false,부산 등기 법무사 | 부동산·상속·법인등기 상담 - 다옴법무사사무소 본문 바로가기 다옴법무사사무소 안윤정 법무사 법무사 소개 사무소 업무안내 협업문의 업무 사례 강의·특강 자가진단 상황별 안내 법률 계산기 부산 법률지도 등기 용어 안내 블로그 언론·활동 고객후기 FAQ 공지사항 상담 문의 오시는 길 톡 상담 현재 카카오·네이버톡톡만 가능 전화상담은 오늘 9시부터 가능 · 지금 메시지 주시면 확인해 드려요 현재 카카오·네이버톡톡만 가능 전화상담은 오늘 9시부터 가능 · 지금 메시지 주시면 확인해 드려요 안윤정 법무사에게 바로 상담하기
/부산상속법무사,200,부산 상속 법무사｜상속등기·상속포기·한정승인 중 무엇이 필요할까,부모님 사망 후 상속등기·상속포기·한정승인 중 어떤 절차가 필요한지 안내합니다. 3개월 기한과 채무 조사를 먼저 확인한 뒤 등기·협의로 이어갈 수 있습니다.,부산 상속 법무사｜상속등기·상속포기·한정승인 중 무엇이 필요할까,부모님 사망 후 상속등기·상속포기·한정승인 중 어떤 절차가 필요한지 안내합니다. 3개월 기한과 채무 조사를 먼저 확인한 뒤 등기·협의로 이어갈 수 있습니다.,"부산 상속 법무사, 등기·포기·한정승인 중 무엇부터 볼까",1,부산에 방문하지 않아도 업무를 끝까지 진행할 수 있습니다 | 자세히 알아보기 | 핵심 절차 | 필요 서류 | 상속인이 여러 지역에 있어도 절차부터 확인할 수 있습니다 | 예상 비용 확인에 필요한 정보 | 상담 포인트 | 실제 상담 상황 예시 | 상속 관련 비용은 절차마다 구조가 다릅니다 | 지금 필요한 상속 절차 | 이런 경우에 상담합니다 | 비용이 달라지는 요소,https://xn--2j1br1na42lvxja38mk8r.kr/%EB%B6%80%EC%82%B0%EC%83%81%EC%86%8D%EB%B2%95%EB%AC%B4%EC%82%AC,"index, follow",2417,18,false,false,false,false,4,false,부산 상속 법무사｜상속등기·상속포기·한정승인 중 무엇이 필요할까 본문 바로가기 다옴법무사사무소 안윤정 법무사 법무사 소개 사무소 업무안내 협업문의 업무 사례 강의·특강 자가진단 상황별 안내 법률 계산기 부산 법률지도 등기 용어 안내 블로그 언론·활동 고객후기 FAQ 공지사항 상담 문의 오시는 길 톡 상담 현재 카카오·네이버톡톡만 가능 전화상담은 오늘 9시부터 가능 · 지금 메시지 주시면 확인해 드려요 현재 카카오·네이버톡톡만 가능 전화상담은 오늘 9시부터 가능 · 지금 메시지 주시면 확인해 드려요 안윤정 법무사에게 바로 상담하기 약
/부산상속등기,200,부산 상속등기 법무사｜상속인 구성에 따라 달라지는 서류와 진행 순서,상속부동산 명의이전등기에 필요한 서류·협의서·관할 등기소 순서를 안내합니다. 포기·한정승인이 필요한지는 먼저 확인한 뒤 등기를 진행할 수 있습니다.,부산 상속등기 법무사｜상속인 구성에 따라 달라지는 서류와 진행 순서,상속부동산 명의이전등기에 필요한 서류·협의서·관할 등기소 순서를 안내합니다. 포기·한정승인이 필요한지는 먼저 확인한 뒤 등기를 진행할 수 있습니다.,"부산 상속등기 법무사, 명의이전 서류와 진행 순서",1,부산에 방문하지 않아도 업무를 끝까지 진행할 수 있습니다 | 자세히 알아보기 | 핵심 절차 | 필요 서류 | 상속인이 여러 지역에 있어도 절차부터 확인할 수 있습니다 | 예상 비용 확인에 필요한 정보 | 상담 포인트 | 실제 상담 상황 예시 | 상속등기 법무사 비용을 확인할 때 볼 항목 | 비용 안내 | 관할·접근 안내 | 법무사 의견,https://xn--2j1br1na42lvxja38mk8r.kr/%EB%B6%80%EC%82%B0%EC%83%81%EC%86%8D%EB%93%B1%EA%B8%B0,"index, follow",1846,16,false,false,false,false,4,false,부산 상속등기 법무사｜상속인 구성에 따라 달라지는 서류와 진행 순서 본문 바로가기 다옴법무사사무소 안윤정 법무사 법무사 소개 사무소 업무안내 협업문의 업무 사례 강의·특강 자가진단 상황별 안내 법률 계산기 부산 법률지도 등기 용어 안내 블로그 언론·활동 고객후기 FAQ 공지사항 상담 문의 오시는 길 톡 상담 현재 카카오·네이버톡톡만 가능 전화상담은 오늘 9시부터 가능 · 지금 메시지 주시면 확인해 드려요 현재 카카오·네이버톡톡만 가능 전화상담은 오늘 9시부터 가능 · 지금 메시지 주시면 확인해 드려요 안윤정 법무사에게 바로 상담하기
/부산상속포기,200,부산 상속포기 법무사｜3개월 기한과 후순위 상속 효과를 먼저 확인,상속채무가 재산보다 많거나 상속을 받지 않기로 한 때 검토하는 상속포기 신고를 안내합니다. 3개월 기한과 후순위 상속인에게 넘어가는 효과를 확인할 수 있습니다.,부산 상속포기 법무사｜3개월 기한과 후순위 상속 효과를 먼저 확인,상속채무가 재산보다 많거나 상속을 받지 않기로 한 때 검토하는 상속포기 신고를 안내합니다. 3개월 기한과 후순위 상속인에게 넘어가는 효과를 확인할 수 있습니다.,"부산 상속포기 법무사, 기한과 후순위부터 확인하세요",1,부산에 방문하지 않아도 업무를 끝까지 진행할 수 있습니다 | 자세히 알아보기 | 핵심 절차 | 필요 서류 | 상속인이 여러 지역에 있어도 절차부터 확인할 수 있습니다 | 예상 비용 확인에 필요한 정보 | 상담 포인트 | 실제 상담 상황 예시 | 부산 상속포기 비용은 어떻게 정해질까요? | 비용 안내 | 관할·접근 안내 | 법무사 의견,https://xn--2j1br1na42lvxja38mk8r.kr/%EB%B6%80%EC%82%B0%EC%83%81%EC%86%8D%ED%8F%AC%EA%B8%B0,"index, follow",2034,18,false,false,false,false,4,false,부산 상속포기 법무사｜3개월 기한과 후순위 상속 효과를 먼저 확인 본문 바로가기 다옴법무사사무소 안윤정 법무사 법무사 소개 사무소 업무안내 협업문의 업무 사례 강의·특강 자가진단 상황별 안내 법률 계산기 부산 법률지도 등기 용어 안내 블로그 언론·활동 고객후기 FAQ 공지사항 상담 문의 오시는 길 톡 상담 현재 카카오·네이버톡톡만 가능 전화상담은 오늘 9시부터 가능 · 지금 메시지 주시면 확인해 드려요 현재 카카오·네이버톡톡만 가능 전화상담은 오늘 9시부터 가능 · 지금 메시지 주시면 확인해 드려요 안윤정 법무사에게 바로 상담하기 
/부산한정승인,200,부산 한정승인 법무사｜상속채무가 걱정될 때 3개월 안에 확인할 절차,"상속재산보다 채무가 많거나 채무 규모를 알기 어려울 때 검토하는 한정승인 절차를 안내합니다. 신청기한, 상속재산 처분 여부, 준비서류와 이후 절차를 확인할 수 있습니다.",부산 한정승인 법무사｜상속채무가 걱정될 때 3개월 안에 확인할 절차,"상속재산보다 채무가 많거나 채무 규모를 알기 어려울 때 검토하는 한정승인 절차를 안내합니다. 신청기한, 상속재산 처분 여부, 준비서류와 이후 절차를 확인할 수 있습니다.","부산 한정승인 법무사, 상속채무가 불확실할 때 먼저 볼 기준",1,부산에 방문하지 않아도 업무를 끝까지 진행할 수 있습니다 | 자세히 알아보기 | 핵심 절차 | 필요 서류 | 상속인이 여러 지역에 있어도 절차부터 확인할 수 있습니다 | 예상 비용 확인에 필요한 정보 | 상담 포인트 | 실제 상담 상황 예시 | 부산 한정승인 비용을 확인할 때 볼 항목 | 비용 안내 | 관할·접근 안내 | 법무사 의견,https://xn--2j1br1na42lvxja38mk8r.kr/%EB%B6%80%EC%82%B0%ED%95%9C%EC%A0%95%EC%8A%B9%EC%9D%B8,"index, follow",1935,16,false,false,false,false,4,false,부산 한정승인 법무사｜상속채무가 걱정될 때 3개월 안에 확인할 절차 본문 바로가기 다옴법무사사무소 안윤정 법무사 법무사 소개 사무소 업무안내 협업문의 업무 사례 강의·특강 자가진단 상황별 안내 법률 계산기 부산 법률지도 등기 용어 안내 블로그 언론·활동 고객후기 FAQ 공지사항 상담 문의 오시는 길 톡 상담 현재 카카오·네이버톡톡만 가능 전화상담은 오늘 9시부터 가능 · 지금 메시지 주시면 확인해 드려요 현재 카카오·네이버톡톡만 가능 전화상담은 오늘 9시부터 가능 · 지금 메시지 주시면 확인해 드려요 안윤정 법무사에게 바로 상담하기
/부산부동산등기,200,부산 부동산등기 법무사｜잔금·말소·소유권이전 순서를 맞추려면,아파트·상가 매매·증여 등 부동산등기에서 잔금일·근저당 말소·소유권이전 순서를 안내합니다. 관할 등기소와 준비서류를 확인할 수 있습니다. 해운대·센텀 다옴법무사사무소에서 전화·카카오톡·방문(예약) 상담이 가능합니다.,부산 부동산등기 법무사｜잔금·말소·소유권이전 순서를 맞추려면,아파트·상가 매매·증여 등 부동산등기에서 잔금일·근저당 말소·소유권이전 순서를 안내합니다. 관할 등기소와 준비서류를 확인할 수 있습니다. 해운대·센텀 다옴법무사사무소에서 전화·카카오톡·방문(예약) 상담이 가능합니다.,"부산 부동산등기 법무사, 매매·증여 이전 순서 정리",1,자세히 알아보기 | 핵심 절차 | 필요 서류 | 상담 포인트 | 실제 상담 상황 예시 | 이런 상황이라면 — 잔금·대출·등기 | 지금 필요한 등기가 어떤 건가요? | 신축 소유권보존등기 | 공공기관 부동산등기·촉탁등기 | 비용 안내 | 관할·접근 안내 | 법무사 의견,https://xn--2j1br1na42lvxja38mk8r.kr/%EB%B6%80%EC%82%B0%EB%B6%80%EB%8F%99%EC%82%B0%EB%93%B1%EA%B8%B0,"index, follow",1539,16,false,false,false,false,4,false,부산 부동산등기 법무사｜잔금·말소·소유권이전 순서를 맞추려면 본문 바로가기 다옴법무사사무소 안윤정 법무사 법무사 소개 사무소 업무안내 협업문의 업무 사례 강의·특강 자가진단 상황별 안내 법률 계산기 부산 법률지도 등기 용어 안내 블로그 언론·활동 고객후기 FAQ 공지사항 상담 문의 오시는 길 톡 상담 현재 카카오·네이버톡톡만 가능 전화상담은 오늘 9시부터 가능 · 지금 메시지 주시면 확인해 드려요 현재 카카오·네이버톡톡만 가능 전화상담은 오늘 9시부터 가능 · 지금 메시지 주시면 확인해 드려요 안윤정 법무사에게 바로 상담하기 약 1
/부산부동산등기법무사,200,부산 부동산등기 법무사｜상담 전 확인·부산 부동산등기 연결,부산 부동산등기 법무사를 검색할 때 확인할 절차·서류·선택 기준을 정리합니다. 매매·증여·보존·말소 등기 실무 대표 안내는 부산 부동산등기 허브로 연결됩니다.,부산 부동산등기 법무사｜상담 전 확인·부산 부동산등기 연결,부산 부동산등기 법무사를 검색할 때 확인할 절차·서류·선택 기준을 정리합니다. 매매·증여·보존·말소 등기 실무 대표 안내는 부산 부동산등기 허브로 연결됩니다.,부산 부동산등기 법무사 — 절차는 부산 부동산등기에서,1,자세히 알아보기 | 핵심 절차 | 필요 서류 | 상담 포인트 | 실제 상담 상황 예시 | 이런 경우 필요한 절차입니다 | 비용이 달라지는 요소 | 법무사 상담이 필요한 경우 | 관할·접근 안내 | 법무사 의견 | 자주 묻는 질문 | 관련 페이지,https://xn--2j1br1na42lvxja38mk8r.kr/%EB%B6%80%EC%82%B0%EB%B6%80%EB%8F%99%EC%82%B0%EB%93%B1%EA%B8%B0%EB%B2%95%EB%AC%B4%EC%82%AC,"index, follow",1237,16,false,false,false,false,4,false,부산 부동산등기 법무사｜상담 전 확인·부산 부동산등기 연결 본문 바로가기 다옴법무사사무소 안윤정 법무사 법무사 소개 사무소 업무안내 협업문의 업무 사례 강의·특강 자가진단 상황별 안내 법률 계산기 부산 법률지도 등기 용어 안내 블로그 언론·활동 고객후기 FAQ 공지사항 상담 문의 오시는 길 톡 상담 현재 카카오·네이버톡톡만 가능 전화상담은 오늘 9시부터 가능 · 지금 메시지 주시면 확인해 드려요 현재 카카오·네이버톡톡만 가능 전화상담은 오늘 9시부터 가능 · 지금 메시지 주시면 확인해 드려요 안윤정 법무사에게 바로 상담하기 약 1분
/부산부동산등기전문,200,부산 부동산등기 실무 안내｜매매·증여·보존·말소 상담 확인,부산 부동산등기 상담 전 확인할 매매·증여·상속·보존·근저당·전세권 절차와 서류. 대표 등기 실무는 부산 부동산등기 허브와 연결됩니다. 해운대·센텀 다옴법무사사무소에서 전화·카카오톡·방문(예약) 상담이 가능합니다.,부산 부동산등기 실무 안내｜매매·증여·보존·말소 상담 확인,부산 부동산등기 상담 전 확인할 매매·증여·상속·보존·근저당·전세권 절차와 서류. 대표 등기 실무는 부산 부동산등기 허브와 연결됩니다. 해운대·센텀 다옴법무사사무소에서 전화·카카오톡·방문(예약) 상담이 가능합니다.,부산 부동산등기 상담 전 확인해야 할 절차와 서류,1,자세히 알아보기 | 선택 전 확인할 기준 | 업무별 체크포인트 | 부동산등기 유형별 확인 포인트 | 잔금일 등기 진행 흐름 | 상담 전 준비서류 | 관련 페이지 | 자주 묻는 질문 | 상담 문의,https://xn--2j1br1na42lvxja38mk8r.kr/%EB%B6%80%EC%82%B0%EB%B6%80%EB%8F%99%EC%82%B0%EB%93%B1%EA%B8%B0%EC%A0%84%EB%AC%B8,"index, follow",1027,18,false,false,false,false,4,false,부산 부동산등기 실무 안내｜매매·증여·보존·말소 상담 확인 본문 바로가기 다옴법무사사무소 안윤정 법무사 법무사 소개 사무소 업무안내 협업문의 업무 사례 강의·특강 자가진단 상황별 안내 법률 계산기 부산 법률지도 등기 용어 안내 블로그 언론·활동 고객후기 FAQ 공지사항 상담 문의 오시는 길 톡 상담 현재 카카오·네이버톡톡만 가능 전화상담은 오늘 9시부터 가능 · 지금 메시지 주시면 확인해 드려요 현재 카카오·네이버톡톡만 가능 전화상담은 오늘 9시부터 가능 · 지금 메시지 주시면 확인해 드려요 안윤정 법무사에게 바로 상담하기 약 1분
/부동산등기,200,부동산등기·소유권이전｜매매·증여 절차 | 다옴법무사사무소,부산 부동산등기·소유권이전등기·매매·증여·상속·재개발·전세권 등기. 해운대·서면·남부산등기소 관할 안내. 다옴법무사사무소. 해운대·센텀 다옴법무사사무소에서 전화·카카오톡·방문(예약) 상담이 가능합니다.,부동산등기·소유권이전｜매매·증여 절차 | 다옴법무사사무소,부산 부동산등기·소유권이전등기·매매·증여·상속·재개발·전세권 등기. 해운대·서면·남부산등기소 관할 안내. 다옴법무사사무소. 해운대·센텀 다옴법무사사무소에서 전화·카카오톡·방문(예약) 상담이 가능합니다.,부산 부동산등기·소유권이전·매매등기 상담,1,자세히 알아보기 | 핵심 절차 | 필요 서류 | 상담 포인트 | 실제 상담 상황 예시 | 등기 유형별 안내 | 재개발·신축·상가 | 부산 지역·등기소 | 상담 시 확인하는 내용 | 자주 묻는 질문 | 관련 페이지 | 상담 안내,https://xn--2j1br1na42lvxja38mk8r.kr/%EB%B6%80%EB%8F%99%EC%82%B0%EB%93%B1%EA%B8%B0,"index, follow",1097,16,false,false,false,false,4,false,부동산등기·소유권이전｜매매·증여 절차 | 다옴법무사사무소 본문 바로가기 다옴법무사사무소 안윤정 법무사 법무사 소개 사무소 업무안내 협업문의 업무 사례 강의·특강 자가진단 상황별 안내 법률 계산기 부산 법률지도 등기 용어 안내 블로그 언론·활동 고객후기 FAQ 공지사항 상담 문의 오시는 길 톡 상담 현재 카카오·네이버톡톡만 가능 전화상담은 오늘 9시부터 가능 · 지금 메시지 주시면 확인해 드려요 현재 카카오·네이버톡톡만 가능 전화상담은 오늘 9시부터 가능 · 지금 메시지 주시면 확인해 드려요 안윤정 법무사에게 바로 상담하기 약 1분이
/부산소유권이전등기,200,부산 소유권이전등기｜매매·증여·상속 원인별,부산 소유권이전등기 절차·서류·비용. 매매·증여·상속 원인별 아파트 소유권이전등기 안내. 근저당 말소 순서 — 해운대 다옴법무사. 해운대·센텀 다옴법무사사무소에서 전화·카카오톡·방문(예약) 상담이 가능합니다.,부산 소유권이전등기｜매매·증여·상속 원인별,부산 소유권이전등기 절차·서류·비용. 매매·증여·상속 원인별 아파트 소유권이전등기 안내. 근저당 말소 순서 — 해운대 다옴법무사. 해운대·센텀 다옴법무사사무소에서 전화·카카오톡·방문(예약) 상담이 가능합니다.,부산 소유권이전등기 — 매매·증여·상속 원인별 안내,1,자세히 알아보기 | 핵심 절차 | 필요 서류 | 상담 포인트 | 실제 상담 상황 예시 | 소유권이전 법무사 비용은 어떻게 정해질까요? | 이런 상황이라면 — 잔금·대출·등기 | 이런 경우 필요한 절차입니다 | 비용이 달라지는 요소 | 법무사 상담이 필요한 경우 | 관할·접근 안내 | 법무사 의견,https://xn--2j1br1na42lvxja38mk8r.kr/%EB%B6%80%EC%82%B0%EC%86%8C%EC%9C%A0%EA%B6%8C%EC%9D%B4%EC%A0%84%EB%93%B1%EA%B8%B0,"index, follow",1350,16,false,false,false,false,4,false,부산 소유권이전등기｜매매·증여·상속 원인별 본문 바로가기 다옴법무사사무소 안윤정 법무사 법무사 소개 사무소 업무안내 협업문의 업무 사례 강의·특강 자가진단 상황별 안내 법률 계산기 부산 법률지도 등기 용어 안내 블로그 언론·활동 고객후기 FAQ 공지사항 상담 문의 오시는 길 톡 상담 현재 카카오·네이버톡톡만 가능 전화상담은 오늘 9시부터 가능 · 지금 메시지 주시면 확인해 드려요 현재 카카오·네이버톡톡만 가능 전화상담은 오늘 9시부터 가능 · 지금 메시지 주시면 확인해 드려요 안윤정 법무사에게 바로 상담하기 약 1분이면 상담 신청을
