path,metric,before_production,after_source,url_changed
/부산개인회생,title,부산 개인회생 안내 | 다옴법무사사무소,부산 개인회생｜신청자격·절차·부산회생법원 안내,0
/부산개인회생,h1,부산 개인회생 법무사 상담,부산 개인회생 신청 전 무엇부터 확인할까요?,0
/부산개인회생,description_leak,등기 대리·동 이름 나열,부산회생법원 준비 안내 (등기 템플릿 제거),0
/부산개인회생법무사,title,소득·채무·재산으로 보는 신청 가능성 (유지),유지 — 대규모 rewrite 없음,0
/부산개인회생법무사,breadcrumb,홈 / 검색의도 안내,홈 / 부산 개인회생,0
/개인회생파산,title,개인회생·파산·면책｜소득·채무별 선택,부산 회생·파산 법무사｜개인회생·개인파산 비교,0
/개인회생파산,h1,부산 개인회생·개인파산·면책 상담,부산 개인회생·파산 어떤 절차를 먼저 봐야 할까요?,0
/,title,부산 법무사 | 다옴법무사사무소 안윤정,변경 없음 PROTECT,0
/,h1,부산 법무사 안윤정,변경 없음 PROTECT,0
/부산등기법무사,title,부산 등기 법무사 | 부동산·상속·법인등기 상담,변경 없음 PROTECT,0
/부산상속법무사,title,상속등기·포기·한정승인 중 무엇이 필요할까,TITLE 대수술 없음 / 상황 내비 추가,0
/북구개인회생,h1,북구 개인회생 법무사 상담,북구 개인회생 거주 지역 상담 + 허브 상향 링크,0
footer,nationwide_links,14개 디렉터리,핵심 5개 + /전국업무 유지,0
new_urls_forbidden,count,0 created,0 created,0
